,,,,,,,,,,,RT$1M - PAYOUT AND ACCOUNT TRACKING,,,,,,,,,,,,,,,,,,,,,,,,,,,,,,,,,,,,
,,,,,,,,,,,,,,,,,,,,,,,,,,,,,,,,,,,,,,,,,,,,,,,
,,,,,,,,,,,,,,,,,,,,,,,,,,,,,,,,,,,,,,,,,,,,,,,
,,,,,,,,,,,,,,,,,,,,,,,,,,,,,,,,,,,,,,,,,,,,,,,
,,,,,,,,,,,,,,,,,,,,,,,,,,,,,,,,,,,,,,,,,,,,,,,
,ACCOUNT INFORMATION,,,,,,,,PAY-OUT CYCLE 1:  AFTER 20 DAYS FOR EACH NEW ACCOUNT,,,,,,PAY-OUT CYCLE 2:  10-20 DAYS,,,,,,PAY-OUT CYCLE 3:  10- 20 DAYS,,,,,,,ACCOUNT INFORMATION,HEALTH,PAY-OUT CYCLE 4:  10-20 DAYS,,,,,,PAY-OUT CYCLE 5:  10- 20 DAYS,,,,,,PAY-OUT CYCLE 6:  10-20 DAYS,,,,,
,,ACCOUNT INFORMATION,HEALTH,ACCOUNT DATES,,,,,20 DAYS PAYOUT TIMELINE,,QUALIFIED,PAYOUT REQUEST TIMELINE,,Payout Amount,10 DAYS PAYOUT TIMELINE,,,,QUALIFIED,Payout Amount,10 DAYS PAYOUT TIMELINE,,,,QUALIFIED,Payout Amount,#,Account Name,Status,10 DAYS PAYOUT TIMELINE,,,,QUALIFIED,Payout Amount,10 DAYS PAYOUT TIMELINE,,,,QUALIFIED,Payout Amount,10 DAYS PAYOUT TIMELINE,,,,QUALIFIED,Payout Amount
#,Name,Account Name,Status,Initial Balance,Purchase Date,% OFF,Method,Cost,Starting date,OFFLINE DATE,For Payout,A20DP Request ,20DP Payout In,Cash-In,Starting date,10 Days,10Ds Request ,10Ds Payout In,For Payout,Cash-in,Starting date,10 Days,10Ds Request ,10Ds Payout In,For Payout,Cash-in,A #1 ,FTT-LeMans-3549,OFFLINE,Starting date,10 Days,10Ds Request ,10Ds Payout In,For Payout,Cash-in,Starting date,10 Days,10Ds Request ,10Ds Payout In,For Payout,Cash-in,Starting date,10 Days,10Ds Request ,10Ds Payout In,For Payout,Cash-in
A #1 ,FTT-LeMans-3549,LeMans,OFFLINE,"$300,000","July 4, 2024",,Wire,$799.00,"July 5, 2024","July 9, 2024",,,,,,,,,,,,,,,,,A #2,FTT-LeMans-3830,OFFLINE,,,,,,,,,,,,,,,,,,
A #2,FTT-LeMans-3830,LeMans,OFFLINE,"$300,000","July 10, 2024",,Wire,$799.00,"July 12, 2024","August 1, 2024",Yes,"July 25, 2024","July 31, 2024","$4,000","July 26, 2024","August 8, 2024","August 8, 2024",,No,,,,,,,,A #3,FTT-LeMans-3831,ONLINE,,,,,,,,,,,,,,,,,,
A #3,FTT-LeMans-3831,LeMans,OFFLINE,"$300,000","July 10, 2024",,Wire,$799.00,"July 12, 2024","October 10, 2024",Yes,"July 25, 2024","July 31, 2024","$4,000","July 26, 2024","August 8, 2024","August 8, 2024","August 14, 2024",Yes,"$4,000",,,,,,,A #4,FTT-LeMans-3940,ONLINE,,,,,,,,,,,,,,,,,,
A #4,FTT-LeMans-3940,LeMans,OFFLINE,"$300,000","July 31, 2024",,Wire,$799.00,"August 7, 2024","October 10, 2024",,,,,,,,,,,,,,,,,A #5,FTT-LeMans-3941,ONLINE,,,,,,,,,,,,,,,,,,
A #5,FTT-LeMans-3941,LeMans,OFFLINE,"$300,000","July 31, 2024",,Wire,$799.00,"August 7, 2024","October 10, 2024",,,,,,,,,,,,,,,,,A #6,FTT-LeMans-3942,ONLINE,,,,,,,,,,,,,,,,,,
A #6,FTT-LeMans-3942,LeMans,OFFLINE,"$300,000","July 31, 2024",,Wire,$799.00,"August 7, 2024","October 10, 2024",,,,,,,,,,,,,,,,,A #7,FTT-LeMans-3943,ONLINE,,,,,,,,,,,,,,,,,,
A #7,FTT-LeMans-3943,LeMans,OFFLINE,"$300,000","July 31, 2024",,Wire,$799.00,"August 7, 2024","October 10, 2024",,,,,,,,,,,,,,,,,A #8,FTT-LeMans-3944,ONLINE,,,,,,,,,,,,,,,,,,
A #8,FTT-LeMans-3944,LeMans,OFFLINE,"$300,000","July 31, 2024",,Wire,$799.00,"August 7, 2024","October 10, 2024",,,,,,,,,,,,,,,,,A #9,FTT-LeMans-4204,OFFLINE,,,,,,,,,,,,,,,,,,
A #9,FTT-LeMans-4204,LeMans,OFFLINE,"$300,000","August 15, 2024",,Crypto,$799.00,,"October 10, 2024",,,,,,,,,,,,,,,,,A #10,FTT-LeMans-4205,OFFLINE,,,,,,,,,,,,,,,,,,
A #10,FTT-LeMans-4205,LeMans,OFFLINE,"$300,000","August 15, 2024",,Crypto,$799.00,,,,,,,,,,,,,,,,,,,A #11,FTT-LeMans-4206,OFFLINE,,,,,,,,,,,,,,,,,,
A #11,FTT-LeMans-4206,LeMans,OFFLINE,"$300,000","August 15, 2024",,Crypto,$799.00,,,,,,,,,,,,,,,,,,,A #12, FTT-GT-203778,OFFLINE,,,,,,,,,,,,,,,,,,
A #12, FTT-GT-203778,GT,OFFLINE,"$150,000","August 25, 2024",49%,Wire,$305.49,"August 29, 2024","August 29, 2024",,,,,,,,,,,,,,,,,A #13, FTT-GT-203779,OFFLINE,,,,,,,,,,,,,,,,,,
A #13, FTT-GT-203779,GT,OFFLINE,"$150,000","August 26, 2024",49%,Wire,$305.49,"August 29, 2024","August 29, 2024",,,,,,,,,,,,,,,,,A #14, FTT-GT-203780,OFFLINE,,,,,,,,,,,,,,,,,,
A #14, FTT-GT-203780,GT,OFFLINE,"$150,000","August 25, 2024",49%,Wire,$305.49,"August 29, 2024","August 29, 2024",,,,,,,,,,,,,,,,,A #15, FTT-GT-203781,OFFLINE,,,,,,,,,,,,,,,,,,
A #15, FTT-GT-203781,GT,OFFLINE,"$150,000","August 25, 2024",49%,Wire,$305.49,"August 29, 2024","August 29, 2024",,,,,,,,,,,,,,,,,A #16, FTT-GT-203782,OFFLINE,,,,,,,,,,,,,,,,,,
A #16, FTT-GT-203782,GT,OFFLINE,"$150,000","August 25, 2024",49%,Wire,$305.49,"August 29, 2024","August 29, 2024",,,,,,,,,,,,,,,,,A #17, FTT-GT-203783,OFFLINE,,,,,,,,,,,,,,,,,,
A #17, FTT-GT-203783,GT,OFFLINE,"$150,000","August 25, 2024",49%,Wire,$305.49,"August 29, 2024","August 29, 2024",,,,,,,,,,,,,,,,,A #18, FTT-GT-203784,OFFLINE,,,,,,,,,,,,,,,,,,
A #18, FTT-GT-203784,GT,OFFLINE,"$150,000","August 25, 2024",49%,Wire,$305.49,"August 29, 2024","August 29, 2024",,,,,,,,,,,,,,,,,A #19, FTT-GT-203785,OFFLINE,,,,,,,,,,,,,,,,,,
A #19, FTT-GT-203785,GT,OFFLINE,"$150,000","August 25, 2024",49%,Wire,$305.49,"August 29, 2024","August 29, 2024",,,,,,,,,,,,,,,,,A #20, FTT-GT-203786,OFFLINE,,,,,,,,,,,,,,,,,,
A #20, FTT-GT-203786,GT,OFFLINE,"$150,000","August 25, 2024",49%,Wire,$305.49,"August 29, 2024","August 29, 2024",,,,,,,,,,,,,,,,,A #21, FTT-GT-203787,OFFLINE,,,,,,,,,,,,,,,,,,
A #21, FTT-GT-203787,GT,OFFLINE,"$150,000","August 25, 2024",49%,Wire,$305.49,"August 29, 2024","August 29, 2024",,,,,,,,,,,,,,,,,A #22, FTT-GT-203788,OFFLINE,,,,,,,,,,,,,,,,,,
A #22, FTT-GT-203788,GT,OFFLINE,"$150,000","August 25, 2024",49%,Wire,$305.49,"August 29, 2024","August 29, 2024",,,,,,,,,,,,,,,,,A #23, FTT-GT-203789,OFFLINE,,,,,,,,,,,,,,,,,,
A #23, FTT-GT-203789,GT,OFFLINE,"$150,000","August 25, 2024",49%,Wire,$305.49,"August 29, 2024","August 29, 2024",,,,,,,,,,,,,,,,,A #24, FTT-GT-203790,OFFLINE,,,,,,,,,,,,,,,,,,
A #24, FTT-GT-203790,GT,OFFLINE,"$150,000","August 25, 2024",49%,Wire,$305.49,"August 29, 2024","August 29, 2024",,,,,,,,,,,,,,,,,A #25, FTT-GT-203791,OFFLINE,,,,,,,,,,,,,,,,,,
A #25, FTT-GT-203791,GT,OFFLINE,"$150,000","August 25, 2024",49%,Wire,$305.49,"August 29, 2024","August 29, 2024",,,,,,,,,,,,,,,,,A #26, FTT-GT-203792,OFFLINE,,,,,,,,,,,,,,,,,,
A #26, FTT-GT-203792,GT,OFFLINE,"$150,000","August 25, 2024",49%,Wire,$305.49,"August 29, 2024","August 29, 2024",,,,,,,,,,,,,,,,,A #27, FTT-GT-203793,OFFLINE,,,,,,,,,,,,,,,,,,
A #27, FTT-GT-203793,GT,OFFLINE,"$150,000","August 25, 2024",49%,Wire,$305.49,"August 29, 2024","August 29, 2024",,,,,,,,,,,,,,,,,A #28, FTT-GT-203794,ONLINE,,,,,,,,,,,,,,,,,,
A #28, FTT-GT-203794,GT,OFFLINE,"$150,000","August 25, 2024",49%,Wire,$305.49,,"September 20, 2024",,,,,,,,,,,,,,,,,A #29, FTT-GT-24614,ONLINE,,,,,,,,,,,,,,,,,,
A #29, FTT-GT-24614,GT,OFFLINE,"$150,000","September 2, 2024",49%,Crypto,$305.49,,"September 29, 2024",,,,,,,,,,,,,,,,,A #30, FTT-GT-33833,ONLINE,,,,,,,,,,,,,,,,,,
A #30, FTT-GT-33833,GT,OFFLINE,"$150,000","August 30, 2024",49%,Crypto,$305.49,,"September 29, 2024",,,,,,,,,,,,,,,,,A #31, FTT-GT-33834,ONLINE,,,,,,,,,,,,,,,,,,
A #31, FTT-GT-33834,GT,OFFLINE,"$150,000","August 30, 2024",49%,Crypto,$305.49,,"September 29, 2024",Yes,"August 8, 2024","August 14, 2024","$3,325",,,,,Yes,"$3,866",,,,"October 8, 2024",Yes,"$4,048",A #32,,ONLINE,,,,"September 9, 2024",Yes,"$3,886",,,,,,,,,,,,
A #32,AFFILIATE,Affiliate,ONLINE,,,,,,,,,,,,,,,,,,,,,,,,A #33,,,,,,,,,,,,,,,,,,,,
A #33,FTT- GT-40817,GT,OFFLINE,"$150,000",,45%,Crypto,$329.45,"October 2, 2024","October 8, 2024",,,,,,,,,,,,,,,,,A #34,,,,,,,,,,,,,,,,,,,,
A #34,FTT- GT-40818,GT,OFFLINE,"$150,000",,45%,Crypto,$329.45,"October 2, 2024","October 8, 2024",,,,,,,,,,,,,,,,,A #35,,,,,,,,,,,,,,,,,,,,
A #35,FTT- GT-40819,GT,OFFLINE,"$150,000",,45%,Crypto,$329.45,"October 2, 2024","October 8, 2024",,,,,,,,,,,,,,,,,A #36,,,,,,,,,,,,,,,,,,,,
A #36,,GT,OFFLINE,"$150,000",,45%,,$329.45,,,,,,,,,,,,,,,,,,,A #37,,,,,,,,,,,,,,,,,,,,
A #37,,GT,OFFLINE,"$150,000",,4545%,,$326.75,,,,,,,,,,,,,,,,,,,A #38,,,,,,,,,,,,,,,,,,,,
A #38,,GT,OFFLINE,"$150,000",,45%,,$329.45,,,,,,,,,,,,,,,,,,,A #39,,,,,,,,,,,,,,,,,,,,
A #39,,GT,OFFLINE,"$150,000",,65%,,$209.65,,,,,,,,,,,,,,,,,,,A #40,,,,,,,,,,,,,,,,,,,,
A #40,,,,,,,,,,,,,,,,,,,,,,,,,,,A #41,,,,,,,,,,,,,,,,,,,,
A #41,,,,,,,,,,,,,,,,,,,,,,,,,,,,,,,,,,,,,,,,,,,,,,,
A #42,,,,,,,,,,,,,,,,,,,,,,,,,,,,,,,,,,,,,,,,,,,,,,,
A #43,,,,,,,,,,,,,,,,,,,,,,,,,,,,,,,,,,,,,,,,,,,,,,,
A #44,,,,,,,,,,,,,,,,,,,,,,,,,,,,,,,,,,,,,,,,,,,,,,,
A #45,,,,,,,,,,,,,,,,,,,,,,,,,,,,,,,,,,,,,,,,,,,,,,,
A #46,,,,,,,,,,,,,,,,,,,,,,,,,,,,,,,,,,,,,,,,,,,,,,,
A #47,,,,,,,,,,,,,,,,,,,,,,,,,,,,,,,,,,,,,,,,,,,,,,,
A #48,,,,,,,,,,,,,,,,,,,,,,,,,,,,,,,,,,,,,,,,,,,,,,,
A #49,,,,,,,,,,,,,,,,,,,,,,,,,,,,,,,,,,,,,,,,,,,,,,,
A #50,,,,,,,,,,,,,,,,,,,,,,,,,,,,,,,,,,,,,,,,,,,,,,,
Money Invested Before 1st Pay-out,,"$2,397.00",Funded capital,$0.00,,,Total Invested,"$17,082.45",,,,,Pay-out,"$11,325",,,,,Pay-out,"$7,866",,,,,Pay-out,"$4,048",,,,,,,,Pay-out,"$3,886",,,,,,$0,,,,,Pay-out,$0
Total Income (Pay-out),,"$27,125",Affiliates Pay,"$15,125",,,,,,,,,Reinvested,,,,,,Reinvested,,,,,,Reinvested,,,,,,,,,Reinvested,,,,,,Reinvested,,,,,,Reinvested,
Reinvested,,"$14,685",Trading Pay Out,"$12,000.00",,,,,,,,,,,,,,,,,,,,,,,,,,,,,,,,,,,,,,,,,,,
Total Invested,,"$17,082.45",Total Account,38,,,,,,,,,,,,,,,,,,,,,,,,,,,,,,,,,,,,,,,,,,,
Net PROFIT,,"$10,043",Active accounts,1,,,,,,,,,,,,,,,,,,,,,,,,,,,,,,,,,,,,,,,,,,,
,,,,,,,,,,,,,,,,,,,,,,,,,,,,,,,,,,,,,,,,,,,,,,,
,,,,,,,,,,,,,,,,,,,,,,,,,,,,,,,,,,,,,,,,,,,,,,,
,,,,,,,,,,,,,,,,,,,,,,,,,,,,,,,,,,,,,,,,,,,,,,,
,,,,,,,,,,,,,,,,,,,,,,,,,,,,,,,,,,,,,,,,,,,,,,,
,,,,,,,,,,,,,,,,,,,,,,,,,,,,,,,,,,,,,,,,,,,,,,,
,,,,,,,,,,,,,,,,,,,,,,,,,,,,,,,,,,,,,,,,,,,,,,,
,,,,,,,,,,,,,,,,,,,,,,,,,,,,,,,,,,,,,,,,,,,,,,,
,,,,,,,,,,,,,,,,,,,,,,,,,,,,,,,,,,,,,,,,,,,,,,,
,,,,,,,,,,,,,,,,,,,,,,,,,,,,,,,,,,,,,,,,,,,,,,,
,,,,,,,,,,,,,,,,,,,,,,,,,,,,,,,,,,,,,,,,,,,,,,,
,,,,,,,,,,,,,,,,,,,,,,,,,,,,,,,,,,,,,,,,,,,,,,,
,,,,,,,,,,,,,,,,,,,,,,,,,,,,,,,,,,,,,,,,,,,,,,,
,,,,,,,,,,,,,5 MWA,,,,,,,,,,,,,,,,,,,,,,,,,,,,,,,,,,
,,,,,,,,,,,,,ACC1,ACC2,ACC3,ACC4,ACC5,,,,,,,,,,,,,,,,,,,,,,,,,,,,,,