0,⭐⭐⭐⭐⭐ Max Maserati Trading University ⭐⭐⭐⭐⭐,,,,ACCOUNT STATUS ,,,,,,,,,,,,,,,,Max Maserati Model,,,© 2024 MaxMaserati,,,,,,,,,,,,,
,WWW.FASTTRACKTRADING.NET,,MAXIMUM BALANCE (STARTING BALANCE),"$150,000","🔜🏆Stay Focused, You're Close🔜🏆",,,,,,,,,,,,,,,,Max Maserati Model - Free Learning,,https://whop.com/max-maserati?pass=prod_8Fvvu8AJuCKGq,,,,,,,,,,,,,,
,"⭐Please use the code  "" MaxMaserati' for any available discount⭐",,TRUE BALANCE (DRAWDOWN BALANCE),"$7,500",,,,,,,,,,,,,,,,, Advance Risk compounding spreadsheet,,https://whop.com/max-maserati?pass=prod_VTmJCsXrRvcRS,,,,,,,,,,,,,,
,SWITCH TO ANOTHER PROP FIRM,Fast Track Trading,10%  PROFIT TARGET (NO TIME LIMIT),"$15,000",Highest Profit,Total Profit & Losses,Total Payout,EOD <5%,EOD >5%,,,,,,,,,,,,Max Maserati Model Indicator Access,,https://whop.com/max-maserati?pass=prod_TICh6DAvW9i4u,,,,,,,,,,,,,,
,Calculation Method,Largest Gain,NET PROFIT TOWARD 10% PROFIT TARGET,-27.75%,"$1,400.00","-$4,163",$0.00,,"$145,837.50",,,,,,,,,,,,Max Maserati Model  Mastery Class,,https://whop.com/checkout/plan_wb870Lv8fsLwA?d2c=true,,,,,,,,,,,,,,
,Choose your FTT Account Name/Size,GT,CHOOSE YOUR CAPITAL BALANCE,TRUE BALANCE,"⭐ Use the code  "" MaxMaserati '' at all time for any available discount ⭐",,,,,,,,,,,,,,,,Get Access to my Twitter,,https://x.com/Emaxmaserati,,,,,,,,,,,,,,
,Starting Balance,"$150,000",PERIOD (DAYS) FILTER SELECTION,CALENDAR DAYS,WINS ,LOSS ,Total Daily W+L,BEST DAY,WORST DAY,,,,,,,,,,,,Get Access to my Discord Chanel,,https://discord.gg/j59vQGDEbV,,,,,,,,,,,,,,
,Account 5% Drawdown,"$7,500",CHOOSE BETWEEN M+ or M+C RISK TYPE,M+,3,2,5,"$1,400","-$7,000",,,,,,,,,,,,"You made more profit, no worry enter the amount you plan to make per trade/Day in ""Assumed Daily Profit"" ",,,,,,,,,,,,,,,,
,Maximum Drawdown Limit,"$142,500",TRAILING DRAWDOWN/PROFIT  CALCULATION,$242,60%,40%,100%,,,,,,,,,,,,,, for the additional money needed to comply with the 20% consistency  rule and the number of days,,,,,,,,,,,,,,,,
, 5 Days Pay-out Max.$,"$1,500",Total Profit,"-$4,162.50",,,,,,,,,,,,,,,,,,,,,,,,,,,,,,,,,
,10 Days - Pay-out Max. $ ,"$3,000",5% ACCOUNT ACCOMPLISHMENT,5% Reached,,,,,,,,,,,,,,,,,,,,,,,,,,,,,,,,,
,Price,$599,RISK CUTTING % AFTER LOOSING A TRADE,50%,,,,,,,,,,,,,,,,,,,,,,,,,,,,,,,,,
,Another Prop Firm,,,,,,,,,,,,,,,,,,,,,,,,,,,,,,,,,,,,
,Starting Balance,,🧘🏾🐐YOUR PROFESSIONAL TRADER MAXIMUM LOSS FOR TODAY🐐🧘🏾,,,,,,,,,,,,,,,,,,,,,,,,,,,,,,,,,,
,Maximum Drawdown Limit,,,,⭐$150.00⭐,,,,,,,,,,,,,,,,,,,,,,,,,,,,,,,,
,,,,,,,,,,,,,,,,,,,,,,,,,,,,,,,,,,,,,
,,,,,,,,,,,,,,,,,,,,,,,,,,,,,,,,,,,,,
Name/Surname,Max MASERATI ,,,,,,,,,,,,,,,,,,,,,,,,,,,,,,,,,,,,
Accounts Total ,,,"Risk Management is knowing that you can't take every opportunity, but that you understand which opportunity to take.",,,,Being patient and wait for your setup to take place is the best way forward,,,,,,,,,,,,,,,,,,,,,,,,,,,,,,
TRADING CALENDAR,,,1:2 Risk Reward Ratio,,Expected 1:2RR Balance,Risk cutting $ after a loss,Account ID PnL,DAILY BALANCE,BEST TRADE,TOTAL PROFIT,20% OF YOUR HIGHEST PROFIT,PAY-OUT  ELIGIBILITY,20% RULE COMPLIANCE,PROFIT TO MAKE,WITHDRAWAL,,,JOURNALING,,,,,,,,,,,,,,,,,,,
DAYS #,DATE,DAY,RISK PER TRADE - 1RR,Profit per trade - 2RR,1:2RR Balance,Risk cutting $,Account 7,EOD Balance,Highest Profit,Balance,20% of the Highest Profit Day,Pay-Out 5% balance Eligibility,20% Rule Check,Additional Profit Needed for 20% C.R,Pay-out,Assumed Daily Profit,Days Needed for Consistency,WRITE ON YOUR JOURNAL EVERYDAY AFTER A TRADE,,,,,,,Do not touch 5%,,,,,,,,,,WIN,LOSS,W+L
Day 1,"July 12, 2024",Friday,$242,$484,"$150,484",$121,$0.00,"$150,000",$0.00,$0.00,$0.00,No,Yes,0,,,,,,1,,,,,$0.00,,,,,,,,,,,,
Day 2,"July 15, 2024",Monday,$242,$484,"$150,968",$121,$0.00,"$150,000",$0.00,$0.00,$0.00,No,Yes,0,,,,,,1,,,,,$0.00,,,,,,,,,,,,
Day 3,"July 16, 2024",Tuesday,$242,$484,"$151,452",$121,$0.00,"$150,000",$0.00,$0.00,$0.00,No,Yes,0,,,,,,1,,,,,$0.00,,,,,,,,,,,,
Day 4,"July 17, 2024",Wednesday,$242,$484,"$151,936",$121,$0.00,"$150,000",$0.00,$0.00,$0.00,No,Yes,0,,,,,,1,,,,,$0.00,,,,,,,,,,,,
$0,"July 18, 2024",Thursday,$242,$484,"$152,420",$121,$0.00,"$150,000",$0.00,$0.00,$0.00,No,Yes,0,,,,,,1,,,,,$0.00,,,,,,,,,,,,
Day 6,"July 19, 2024",Friday,$242,$484,"$152,904",$121,$0.00,"$150,000",$0.00,$0.00,$0.00,No,Yes,0,,,,,,1,,,,,$0.00,,,,,,,,,,,,
Day 7,"July 22, 2024",Monday,$242,$484,"$153,388",$121,$0.00,"$150,000",$0.00,$0.00,$0.00,No,Yes,0,,,,,,1,,,,,$0.00,,,,,,,,,,,,
Day 8,"July 23, 2024",Tuesday,$242,$484,"$153,872",$121,$0.00,"$150,000",$0.00,$0.00,$0.00,No,Yes,0,,,,,,1,,,,,$0.00,,,,,,,,,,,,
Day 9,"July 24, 2024",Wednesday,$242,$484,"$154,356",$121,$0.00,"$150,000",$0.00,$0.00,$0.00,No,Yes,0,,,,,,1,,,,,$0.00,,,,,,,,,,,,
Day 10,"July 25, 2024",Thursday,$242,$484,"$154,840",$121,$0.00,"$150,000",$0.00,$0.00,$0.00,No,Yes,0,,,,,,1,,,,,$0.00,,,,,,,,,,,,
Day 11,"July 26, 2024",Friday,$242,$484,"$155,324",$121,$0.00,"$150,000",$0.00,$0.00,$0.00,No,Yes,0,,,,,,1,,,,,$0.00,,,,,,,,,,,,
Day 12,"July 29, 2024",Monday,$242,$484,"$155,808",$121,$0.00,"$150,000",$0.00,$0.00,$0.00,No,Yes,0,,,,,,1,,,,,$0.00,,,,,,,,,,,,
Day 13,"July 30, 2024",Tuesday,$242,$484,"$156,292",$121,$0.00,"$150,000",$0.00,$0.00,$0.00,No,Yes,0,,,,,,1,,,,,$0.00,,,,,,,,,,,,
Day 14,"July 31, 2024",Wednesday,$242,$484,"$156,776",$121,$0.00,"$150,000",$0.00,$0.00,$0.00,No,Yes,0,,,,,,1,,,,,$0.00,,,,,,,,,,,,
Day 15,"August 1, 2024",Thursday,$242,$484,"$157,260",$121,$0.00,"$150,000",$0.00,$0.00,$0.00,No,Yes,0,,,,,,1,,,,,$0.00,,,,,,,,,,,,
Day 16,"August 2, 2024",Friday,$242,$484,"$157,744",$121,$0.00,"$150,000",$0.00,$0.00,$0.00,No,Yes,0,,,,,,1,,,,,$0.00,,,,,,,,,,,,
Day 17,"August 5, 2024",Monday,$242,$484,"$158,228",$121,$0.00,"$150,000",$0.00,$0.00,$0.00,No,Yes,0,,,,,,1,,,,,$0.00,,,,,,,,,,,,
Day 18,"August 6, 2024",Tuesday,$242,$484,"$158,712",$121,$0.00,"$150,000",$0.00,$0.00,$0.00,No,Yes,0,,,,,,1,,,,,$0.00,,,,,,,,,,,,
Day 19,"August 7, 2024",Wednesday,$242,$484,"$159,196",$121,$0.00,"$150,000",$0.00,$0.00,$0.00,No,Yes,0,,,,,,1,,,,,$0.00,,,,,,,,,,,,
Day 20,"August 8, 2024",Thursday,$242,$484,"$159,680",$121,$0.00,"$150,000",$0.00,$0.00,$0.00,No,Yes,0,,,,,,1,,,,,$0.00,,,,,,,,,,,,
Day 21,"August 9, 2024",Friday,$242,$484,"$160,164",$121,$0.00,"$150,000",$0.00,$0.00,$0.00,No,Yes,0,,,,,,1,,,,,$0.00,,,,,,,,,,,,
Day 22,"August 12, 2024",Monday,$242,$484,"$160,648",$121,$0.00,"$150,000",$0.00,$0.00,$0.00,No,Yes,0,,,,,,1,,,,,$0.00,,,,,,,,,,,,
Day 23,"August 13, 2024",Tuesday,$242,$484,"$161,132",$121,$0.00,"$150,000",$0.00,$0.00,$0.00,No,Yes,0,,,,,,1,,,,,$0.00,,,,,,,,,,,,
Day 24,"August 14, 2024",Wednesday,$242,$484,"$161,616",$121,$0.00,"$150,000",$0.00,$0.00,$0.00,No,Yes,0,,,,,,1,,,,,$0.00,,,,,,,,,,,,
Day 25,"August 15, 2024",Thursday,$242,$484,"$162,100",$121,$0.00,"$150,000",$0.00,$0.00,$0.00,No,Yes,0,,,,,,1,,,,,$0.00,,,,,,,,,,,,
Day 26,"August 16, 2024",Friday,$242,$484,"$162,584",$121,$0.00,"$150,000",$0.00,$0.00,$0.00,No,Yes,0,,,,,,1,,,,,$0.00,,,,,,,,,,,,
Day 27,"August 19, 2024",Monday,$242,$484,"$163,068",$121,$0.00,"$150,000",$0.00,$0.00,$0.00,No,Yes,0,,,,,,1,,,,,$0.00,,,,,,,,,,,,
Day 28,"August 20, 2024",Tuesday,$242,$484,"$163,552",$121,$0.00,"$150,000",$0.00,$0.00,$0.00,No,Yes,0,,,,,,1,,,,,$0.00,,,,,,,,,,,,
Day 29,"August 21, 2024",Wednesday,$242,$484,"$164,036",$121,$0.00,"$150,000",$0.00,$0.00,$0.00,No,Yes,0,,,,,,1,,,,,$0.00,,,,,,,,,,,,
Day 30,"August 22, 2024",Thursday,$242,$484,"$164,520",$121,$0.00,"$150,000",$0.00,$0.00,$0.00,No,Yes,0,,,,,,1,,,,,$0.00,,,,,,,,,,,,
Day 31,"August 23, 2024",Friday,$242,$484,"$165,004",$121,$0.00,"$150,000",$0.00,$0.00,$0.00,No,Yes,0,,,,,,1,,,,,$0.00,,,,,,,,,,,,
Day 32,"August 26, 2024",Monday,$242,$484,"$165,488",$121,$0.00,"$150,000",$0.00,$0.00,$0.00,No,Yes,0,,,,,,1,,,,,$0.00,,,,,,,,,,,,
Day 33,"August 27, 2024",Tuesday,$242,$484,"$165,972",$121,$0.00,"$150,000",$0.00,$0.00,$0.00,No,Yes,0,,,,,,1,,,,,$0.00,,,,,,,,,,,,
Day 34,"August 28, 2024",Wednesday,$242,$484,"$166,456",$121,$0.00,"$150,000",$0.00,$0.00,$0.00,No,Yes,0,,,,,,1,,,,,$0.00,,,,,,,,,,,,
Day 35,"August 29, 2024",Thursday,$242,$484,"$166,940",$121,$0.00,"$150,000",$0.00,$0.00,$0.00,No,Yes,0,,,,,,1,,,,,$0.00,,,,,,,,,,,,
Day 36,"August 30, 2024",Friday,$242,$484,"$167,424",$121,$0.00,"$150,000",$0.00,$0.00,$0.00,No,Yes,0,,,,,,1,,,,,$0.00,,,,,,,,,,,,
Day 37,"September 2, 2024",Monday,$250,$500,"$167,924",$125,$0.00,"$150,000",$0.00,$0.00,$0.00,No,Yes,0,,,,,,1,,,,,$0.00,,,,,,,,,,,,
Day 38,"September 3, 2024",Tuesday,$250,$500,"$168,424",$125,$0.00,"$150,000",$0.00,$0.00,$0.00,No,Yes,0,,,,,,1,,,,,$0.00,,,,,,,,,,,,
Day 39,"September 4, 2024",Wednesday,$250,$500,"$168,924",$125,$0.00,"$150,000",$0.00,$0.00,$0.00,No,Yes,0,,,,,,1,,,,,$0.00,,,,,,,,,,,,
Day 40,"September 5, 2024",Thursday,$250,$500,"$169,424",$125,$0.00,"$150,000",$0.00,$0.00,$0.00,No,Yes,0,,,,,,1,,,,,$0.00,,,,,,,,,,,,
Day 41,"September 6, 2024",Friday,$250,$500,"$169,924",$125,$0.00,"$150,000",$0.00,$0.00,$0.00,No,Yes,0,,,,,,1,,,,,$0.00,,,,,,,,,,,,
Day 42,"September 9, 2024",Monday,$250,$500,"$170,424",$125,$0.00,"$150,000",$0.00,$0.00,$0.00,No,Yes,0,,,,,,1,,,,,$0.00,,,,,,,,,,,,
Day 43,"September 10, 2024",Tuesday,$250,$500,"$170,924",$125,$0.00,"$150,000",$0.00,$0.00,$0.00,No,Yes,0,,,,,,1,,,,,$0.00,,,,,,,,,,,,
Day 44,"September 11, 2024",Wednesday,$250,$500,"$171,424",$125,$0.00,"$150,000",$0.00,$0.00,$0.00,No,Yes,0,,,,,,1,,,,,$0.00,,,,,,,,,,,,
Day 45,"September 12, 2024",Thursday,$250,$500,"$171,924",$125,$0.00,"$150,000",$0.00,$0.00,$0.00,No,Yes,0,,,,,,1,,,,,$0.00,,,,,,,,,,,,
Day 46,"September 13, 2024",Friday,$250,$500,"$172,424",$125,$0.00,"$150,000",$0.00,$0.00,$0.00,No,Yes,0,,,,,,1,,,,,$0.00,,,,,,,,,,,,
Day 47,"September 16, 2024",Monday,$250,$500,"$172,924",$125,$0.00,"$150,000",$0.00,$0.00,$0.00,No,Yes,0,,,,,,1,,,,,$0.00,,,,,,,,,,,,
Day 48,"September 17, 2024",Tuesday,$250,$500,"$173,424",$125,$0.00,"$150,000",$0.00,$0.00,$0.00,No,Yes,0,,,,,,1,,,,,$0.00,,,,,,,,,,,,
Day 49,"September 18, 2024",Wednesday,$250,$500,"$173,924",$125,$0.00,"$150,000",$0.00,$0.00,$0.00,No,Yes,0,,,,,,1,,,,,$0.00,,,,,,,,,,,,
Day 50,"September 19, 2024",Thursday,$250,$500,"$174,424",$125,$0.00,"$150,000",$0.00,$0.00,$0.00,No,Yes,0,,,,,,1,,,,,$0.00,,,,,,,,,,,,
Day 51,"September 20, 2024",Friday,$250,$500,"$174,924",$125,$0.00,"$150,000",$0.00,$0.00,$0.00,No,Yes,0,,,,,,1,,,,,$0.00,,,,,,,,,,,,
Day 52,"September 23, 2024",Monday,$250,$500,"$175,424",$125,$0.00,"$150,000",$0.00,$0.00,$0.00,No,Yes,0,,,,,,1,,,,,$0.00,,,,,,,,,,,,
Day 53,"September 24, 2024",Tuesday,$250,$500,"$175,924",$125,$0.00,"$150,000",$0.00,$0.00,$0.00,No,Yes,0,,,,,,1,,,,,$0.00,,,,,,,,,,,,
Day 54,"September 25, 2024",Wednesday,$250,$500,"$176,424",$125,$0.00,"$150,000",$0.00,$0.00,$0.00,No,Yes,0,,,,,,1,,,,,$0.00,,,,,,,,,,,,
Day 55,"September 26, 2024",Thursday,$250,$500,"$176,924",$125,$0.00,"$150,000",$0.00,$0.00,$0.00,No,Yes,0,,,,,,1,,,,,$0.00,,,,,,,,,,,,
Day 56,"September 27, 2024",Friday,$250,$500,"$177,424",$125,$0.00,"$150,000",$0.00,$0.00,$0.00,No,Yes,0,,,,,,1,,,,,$0.00,,,,,,,,,,,,
Day 57,"September 30, 2024",Monday,$250,$500,"$177,924",$125,$0.00,"$150,000",$0.00,$0.00,$0.00,No,Yes,0,,,,,,1,,,,,$0.00,,,,,,,,,,,,
Day 58,"October 1, 2024",Tuesday,$242,$484,"$178,408",$121,$0.00,"$150,000",$0.00,$0.00,$0.00,No,Yes,0,,,,,,1,,,,,$575.00,,,,,,,,,,,,
Day 59,"October 2, 2024",Wednesday,$242,$484,"$178,892",$121,$575.00,"$150,575",$575.00,$575.00,$115.00,No,No,"$2,300.00",,,,"Jodiya mwen te byen trade. Mwen rrespekte tout règ. Pat riske plis pase yon lot, m te aksepte pèdi premye trade mwen yan. Apre sa mwen rantre ankò paske kondisyon yo te reyini. M te trè kontan. M pNASE MWEN SIPOZE FOKIS POUM TRADE SAM WÈ.",,1,,,,,"$1,950.00",,,,,,,,,,1,,1
Day 60,"October 3, 2024",Thursday,$242,$484,"$179,376",$121,"$1,375.00","$151,950","$1,375.00","$1,950.00",$275.00,No,No,"$4,925.00",,,,"Jodiya ya mwen rekòmanse ak menmvye defo ki fèm pa ka profitab de fason konsistan. M pa vle ni renmen pèdi. M pito ajoute sou kantite lots mwen poum pa pèdi. Sanm pa reyalize sa se yon koute filedebò. Si makèt la ale kont mwen map pèdi plis pasem genyen e menm pèdi account mwen.M vyole inik règ RT$M lan kotem kite mwen ouvè kòm ak yon ris ki tròp. M sipoze ale trankil. Fokis poum trade byen avèk MMM entry. Sanm pa riske pi plis pase sam sipoze riske. M pa dwe ni nan drawdown, ni pèdi kantite RTM lan banm poum pa pèdi ya sim vle rive lwen.",,1,,,,,"$3,350.00",,,,,,,,,,1,,1
Day 61,"October 4, 2024",Friday,$242,$484,"$179,860",$121,"$1,400.00","$153,350","$1,400.00","$3,350.00",$280.00,No,No,"$3,650.00",,,,"M fè yon premye trade men dèske m pa pran profi, nan vle plis m vinn fè plis tan devan PC ya. M te ka gentan finn trade pou jounen yan sim te aksepte fè le minimòm. M vinn nan yon trade kotem mete anpil lots poum pa pèdi yon trade. Sa vinn mete nan yon pozisyon de wo ris sanm pa rann tètt mwen kont de sa. M sipoze pi saj, pi enb epi pran mwens ris. respekte mezi kòb m pa sipoze pèdi pou jounen yan. M vinn ap pran plizyè trade tankou mounn fou ak plis pase 10 lots paske m santi m te dwe fè plis kòb tout sa se paske m pat pran bon jan profi takeprofit lèm te sipoze fè sa. M sipoze rete fokis apresa map pèdi plias pasem genyen. Pèdi fè poati de game lan m sipoze aksete sa.",,1,,,,,"-$3,650.00",,,,,,,,,,1,,1
Day 62,"October 7, 2024",Monday,$242,$484,"$180,344",$121,"-$7,000.00","$146,350","$1,400.00","-$3,650.00",$280.00,No,No,"$10,650.00",,,,"Tout erè m fè nan trading se rezilta pa vle pèdi okenn trade men m pa reyalize ke m sipoze aksepte pèdi. M dwe anbrase chak trade, chak stop loss, chak ide. Mwen sipoze ekri nan jounal la chak jou aprem finn fè analiz, aprem antre nan trade la epi aprem finn trade. M dwe fokis poum pran profi poiu chak trad oubyen asire profim pou jounen yan otomatikman. Depi profi jounen yan reach m finn trade se de mèm pou stop loss la tou.",,1,,,,,"-$4,162.50",,,,,,,,,,,1,1
Day 63,"October 8, 2024",Tuesday,$121,$242,"$180,586",$61,-$512.50,"$145,838","$1,400.00","-$4,162.50",$280.00,No,No,"$11,162.50",,,,,,1,,,,,"-$4,162.50",,,,,,,,,,,1,1
Day 64,"October 9, 2024",Wednesday,$61,$121,"$180,707",$30,,,,,,,,,,,,,,1,,,,,"-$4,162.50",,,,,,,,,,,,
Day 65,"October 10, 2024",Thursday,$242,$484,"$181,191",$121,,,,,,,,,,,,,,1,,,,,"-$4,162.50",,,,,,,,,,,,
Day 66,"October 11, 2024",Friday,$242,$484,"$181,675",$121,,,,,,,,,,,,,,1,,,,,"-$4,162.50",,,,,,,,,,,,
Day 67,"October 14, 2024",Monday,$242,$484,"$182,159",$121,,,,,,,,,,,,,,1,,,,,"-$4,162.50",,,,,,,,,,,,
Day 68,"October 15, 2024",Tuesday,$242,$484,"$182,643",$121,,,,,,,,,,,,,,1,,,,,"-$4,162.50",,,,,,,,,,,,
Day 69,"October 16, 2024",Wednesday,$242,$484,"$183,127",$121,,,,,,,,,,,,,,1,,,,,"-$4,162.50",,,,,,,,,,,,
Day 70,"October 17, 2024",Thursday,$242,$484,"$183,611",$121,,,,,,,,,,,,,,1,,,,,"-$4,162.50",,,,,,,,,,,,
Day 71,"October 18, 2024",Friday,$242,$484,"$184,095",$121,,,,,,,,,,,,,,1,,,,,"-$4,162.50",,,,,,,,,,,,
Day 72,"October 21, 2024",Monday,$242,$484,"$184,579",$121,,,,,,,,,,,,,,1,,,,,"-$4,162.50",,,,,,,,,,,,
Day 73,"October 22, 2024",Tuesday,$242,$484,"$185,063",$121,,,,,,,,,,,,,,1,,,,,"-$4,162.50",,,,,,,,,,,,
Day 74,"October 23, 2024",Wednesday,$242,$484,"$185,547",$121,,,,,,,,,,,,,,1,,,,,"-$4,162.50",,,,,,,,,,,,
Day 75,"October 24, 2024",Thursday,$242,$484,"$186,031",$121,,,,,,,,,,,,,,1,,,,,"-$4,162.50",,,,,,,,,,,,
Day 76,"October 25, 2024",Friday,$242,$484,"$186,515",$121,,,,,,,,,,,,,,1,,,,,"-$4,162.50",,,,,,,,,,,,
Day 77,"October 28, 2024",Monday,$242,$484,"$186,999",$121,,,,,,,,,,,,,,1,,,,,"-$4,162.50",,,,,,,,,,,,
Day 78,"October 29, 2024",Tuesday,$242,$484,"$187,483",$121,,,,,,,,,,,,,,1,,,,,"-$4,162.50",,,,,,,,,,,,
Day 79,"October 30, 2024",Wednesday,$242,$484,"$187,967",$121,,,,,,,,,,,,,,1,,,,,"-$4,162.50",,,,,,,,,,,,
Day 80,"October 31, 2024",Thursday,$242,$484,"$188,451",$121,,,,,,,,,,,,,,1,,,,,"-$4,162.50",,,,,,,,,,,,
Day 81,"November 1, 2024",Friday,$250,$500,"$188,951",$125,,,,,,,,,,,,,,1,,,,,"-$4,162.50",,,,,,,,,,,,
Day 82,"November 4, 2024",Monday,$250,$500,"$189,451",$125,,,,,,,,,,,,,,1,,,,,"-$4,162.50",,,,,,,,,,,,
Day 83,"November 5, 2024",Tuesday,$250,$500,"$189,951",$125,,,,,,,,,,,,,,1,,,,,"-$4,162.50",,,,,,,,,,,,
Day 84,"November 6, 2024",Wednesday,$250,$500,"$190,451",$125,,,,,,,,,,,,,,1,,,,,"-$4,162.50",,,,,,,,,,,,
Day 85,"November 7, 2024",Thursday,$250,$500,"$190,951",$125,,,,,,,,,,,,,,1,,,,,"-$4,162.50",,,,,,,,,,,,
Day 86,"November 8, 2024",Friday,$250,$500,"$191,451",$125,,,,,,,,,,,,,,1,,,,,"-$4,162.50",,,,,,,,,,,,
Day 87,"November 11, 2024",Monday,$250,$500,"$191,951",$125,,,,,,,,,,,,,,1,,,,,"-$4,162.50",,,,,,,,,,,,
Day 88,"November 12, 2024",Tuesday,$250,$500,"$192,451",$125,,,,,,,,,,,,,,1,,,,,"-$4,162.50",,,,,,,,,,,,
Day 89,"November 13, 2024",Wednesday,$250,$500,"$192,951",$125,,,,,,,,,,,,,,1,,,,,"-$4,162.50",,,,,,,,,,,,
Day 90,"November 14, 2024",Thursday,$250,$500,"$193,451",$125,,,,,,,,,,,,,,1,,,,,"-$4,162.50",,,,,,,,,,,,
Day 91,"November 15, 2024",Friday,$250,$500,"$193,951",$125,,,,,,,,,,,,,,1,,,,,"-$4,162.50",,,,,,,,,,,,
Day 92,"November 18, 2024",Monday,$250,$500,"$194,451",$125,,,,,,,,,,,,,,1,,,,,"-$4,162.50",,,,,,,,,,,,
Day 93,"November 19, 2024",Tuesday,$250,$500,"$194,951",$125,,,,,,,,,,,,,,1,,,,,"-$4,162.50",,,,,,,,,,,,
Day 94,"November 20, 2024",Wednesday,$250,$500,"$195,451",$125,,,,,,,,,,,,,,1,,,,,"-$4,162.50",,,,,,,,,,,,
Day 95,"November 21, 2024",Thursday,$250,$500,"$195,951",$125,,,,,,,,,,,,,,1,,,,,"-$4,162.50",,,,,,,,,,,,
Day 96,"November 22, 2024",Friday,$250,$500,"$196,451",$125,,,,,,,,,,,,,,1,,,,,"-$4,162.50",,,,,,,,,,,,
Day 97,"November 25, 2024",Monday,$250,$500,"$196,951",$125,,,,,,,,,,,,,,1,,,,,"-$4,162.50",,,,,,,,,,,,
Day 98,"November 26, 2024",Tuesday,$250,$500,"$197,451",$125,,,,,,,,,,,,,,1,,,,,"-$4,162.50",,,,,,,,,,,,
Day 99,"November 27, 2024",Wednesday,$250,$500,"$197,951",$125,,,,,,,,,,,,,,1,,,,,"-$4,162.50",,,,,,,,,,,,
Day 100,"November 28, 2024",Thursday,$250,$500,"$198,451",$125,,,,,,,,,,,,,,1,,,,,"-$4,162.50",,,,,,,,,,,,
Day 101,"November 29, 2024",Friday,$250,$500,"$198,951",$125,,,,,,,,,,,,,,1,,,,,"-$4,162.50",,,,,,,,,,,,
Day 102,"December 2, 2024",Monday,$242,$484,"$199,435",$121,,,,,,,,,,,,,,1,,,,,"-$4,162.50",,,,,,,,,,,,
Day 103,"December 3, 2024",Tuesday,$242,$484,"$199,919",$121,,,,,,,,,,,,,,1,,,,,"-$4,162.50",,,,,,,,,,,,
Day 104,"December 4, 2024",Wednesday,$242,$484,"$200,403",$121,,,,,,,,,,,,,,1,,,,,"-$4,162.50",,,,,,,,,,,,
Day 105,"December 5, 2024",Thursday,$242,$484,"$200,887",$121,,,,,,,,,,,,,,1,,,,,"-$4,162.50",,,,,,,,,,,,
Day 106,"December 6, 2024",Friday,$242,$484,"$201,371",$121,,,,,,,,,,,,,,1,,,,,"-$4,162.50",,,,,,,,,,,,
Day 107,"December 9, 2024",Monday,$242,$484,"$201,855",$121,,,,,,,,,,,,,,1,,,,,"-$4,162.50",,,,,,,,,,,,
Day 108,"December 10, 2024",Tuesday,$242,$484,"$202,339",$121,,,,,,,,,,,,,,1,,,,,"-$4,162.50",,,,,,,,,,,,
Day 109,"December 11, 2024",Wednesday,$242,$484,"$202,823",$121,,,,,,,,,,,,,,1,,,,,"-$4,162.50",,,,,,,,,,,,
Day 110,"December 12, 2024",Thursday,$242,$484,"$203,307",$121,,,,,,,,,,,,,,1,,,,,"-$4,162.50",,,,,,,,,,,,
Day 111,"December 13, 2024",Friday,$242,$484,"$203,791",$121,,,,,,,,,,,,,,1,,,,,"-$4,162.50",,,,,,,,,,,,
Day 112,"December 16, 2024",Monday,$242,$484,"$204,275",$121,,,,,,,,,,,,,,1,,,,,"-$4,162.50",,,,,,,,,,,,
Day 113,"December 17, 2024",Tuesday,$242,$484,"$204,759",$121,,,,,,,,,,,,,,1,,,,,"-$4,162.50",,,,,,,,,,,,
Day 114,"December 18, 2024",Wednesday,$242,$484,"$205,243",$121,,,,,,,,,,,,,,1,,,,,"-$4,162.50",,,,,,,,,,,,
Day 115,"December 19, 2024",Thursday,$242,$484,"$205,727",$121,,,,,,,,,,,,,,1,,,,,"-$4,162.50",,,,,,,,,,,,
Day 116,"December 20, 2024",Friday,$242,$484,"$206,211",$121,,,,,,,,,,,,,,1,,,,,"-$4,162.50",,,,,,,,,,,,
Day 117,"December 23, 2024",Monday,$242,$484,"$206,695",$121,,,,,,,,,,,,,,1,,,,,"-$4,162.50",,,,,,,,,,,,
Day 118,"December 24, 2024",Tuesday,$242,$484,"$207,179",$121,,,,,,,,,,,,,,1,,,,,"-$4,162.50",,,,,,,,,,,,
Day 119,"December 25, 2024",Wednesday,$242,$484,"$207,663",$121,,,,,,,,,,,,,,1,,,,,"-$4,162.50",,,,,,,,,,,,
Day 120,"December 26, 2024",Thursday,$242,$484,"$208,147",$121,,,,,,,,,,,,,,1,,,,,"-$4,162.50",,,,,,,,,,,,
Day 121,"December 27, 2024",Friday,$242,$484,"$208,631",$121,,,,,,,,,,,,,,1,,,,,"-$4,162.50",,,,,,,,,,,,
Day 122,"December 30, 2024",Monday,$242,$484,"$209,115",$121,,,,,,,,,,,,,,1,,,,,"-$4,162.50",,,,,,,,,,,,
Day 123,"December 31, 2024",Tuesday,$242,$484,"$209,599",$121,,,,,,,,,,,,,,1,,,,,"-$4,162.50",,,,,,,,,,,,
Day 124,"January 1, 2025",Wednesday,$242,$484,"$210,083",$121,,,,,,,,,,,,,,1,,,,,"-$4,162.50",,,,,,,,,,,,
Day 125,"January 2, 2025",Thursday,$242,$484,"$210,567",$121,,,,,,,,,,,,,,1,,,,,"-$4,162.50",,,,,,,,,,,,
Day 126,"January 3, 2025",Friday,$242,$484,"$211,051",$121,,,,,,,,,,,,,,1,,,,,"-$4,162.50",,,,,,,,,,,,
Day 127,"January 6, 2025",Monday,$242,$484,"$211,535",$121,,,,,,,,,,,,,,1,,,,,"-$4,162.50",,,,,,,,,,,,
Day 128,"January 7, 2025",Tuesday,$242,$484,"$212,019",$121,,,,,,,,,,,,,,1,,,,,"-$4,162.50",,,,,,,,,,,,
Day 129,"January 8, 2025",Wednesday,$242,$484,"$212,503",$121,,,,,,,,,,,,,,1,,,,,"-$4,162.50",,,,,,,,,,,,
Day 130,"January 9, 2025",Thursday,$242,$484,"$212,987",$121,,,,,,,,,,,,,,1,,,,,"-$4,162.50",,,,,,,,,,,,
Day 131,"January 10, 2025",Friday,$242,$484,"$213,471",$121,,,,,,,,,,,,,,1,,,,,"-$4,162.50",,,,,,,,,,,,
Day 132,"January 13, 2025",Monday,$242,$484,"$213,955",$121,,,,,,,,,,,,,,1,,,,,"-$4,162.50",,,,,,,,,,,,
Day 133,"January 14, 2025",Tuesday,$242,$484,"$214,439",$121,,,,,,,,,,,,,,1,,,,,"-$4,162.50",,,,,,,,,,,,
Day 134,"January 15, 2025",Wednesday,$242,$484,"$214,923",$121,,,,,,,,,,,,,,1,,,,,"-$4,162.50",,,,,,,,,,,,
Day 135,"January 16, 2025",Thursday,$242,$484,"$215,407",$121,,,,,,,,,,,,,,1,,,,,"-$4,162.50",,,,,,,,,,,,
Day 136,"January 17, 2025",Friday,$242,$484,"$215,891",$121,,,,,,,,,,,,,,1,,,,,"-$4,162.50",,,,,,,,,,,,
Day 137,"January 20, 2025",Monday,$242,$484,"$216,375",$121,,,,,,,,,,,,,,1,,,,,"-$4,162.50",,,,,,,,,,,,
Day 138,"January 21, 2025",Tuesday,$242,$484,"$216,859",$121,,,,,,,,,,,,,,1,,,,,"-$4,162.50",,,,,,,,,,,,
Day 139,"January 22, 2025",Wednesday,$242,$484,"$217,343",$121,,,,,,,,,,,,,,1,,,,,"-$4,162.50",,,,,,,,,,,,
Day 140,"January 23, 2025",Thursday,$242,$484,"$217,827",$121,,,,,,,,,,,,,,1,,,,,"-$4,162.50",,,,,,,,,,,,
Day 141,"January 24, 2025",Friday,$242,$484,"$218,311",$121,,,,,,,,,,,,,,1,,,,,"-$4,162.50",,,,,,,,,,,,
Day 142,"January 27, 2025",Monday,$242,$484,"$218,795",$121,,,,,,,,,,,,,,1,,,,,"-$4,162.50",,,,,,,,,,,,
Day 143,"January 28, 2025",Tuesday,$242,$484,"$219,279",$121,,,,,,,,,,,,,,1,,,,,"-$4,162.50",,,,,,,,,,,,
Day 144,"January 29, 2025",Wednesday,$242,$484,"$219,763",$121,,,,,,,,,,,,,,1,,,,,"-$4,162.50",,,,,,,,,,,,
Day 145,"January 30, 2025",Thursday,$242,$484,"$220,247",$121,,,,,,,,,,,,,,1,,,,,"-$4,162.50",,,,,,,,,,,,
Day 146,"January 31, 2025",Friday,$242,$484,"$220,731",$121,,,,,,,,,,,,,,1,,,,,"-$4,162.50",,,,,,,,,,,,
Day 147,"February 3, 2025",Monday,$268,$536,"$221,267",$134,,,,,,,,,,,,,,1,,,,,"-$4,162.50",,,,,,,,,,,,
Day 148,"February 4, 2025",Tuesday,$268,$536,"$221,803",$134,,,,,,,,,,,,,,1,,,,,"-$4,162.50",,,,,,,,,,,,
Day 149,"February 5, 2025",Wednesday,$268,$536,"$222,339",$134,,,,,,,,,,,,,,1,,,,,"-$4,162.50",,,,,,,,,,,,
Day 150,"February 6, 2025",Thursday,$268,$536,"$222,875",$134,,,,,,,,,,,,,,1,,,,,"-$4,162.50",,,,,,,,,,,,
Day 151,"February 7, 2025",Friday,$268,$536,"$223,411",$134,,,,,,,,,,,,,,1,,,,,"-$4,162.50",,,,,,,,,,,,
Day 152,"February 10, 2025",Monday,$268,$536,"$223,947",$134,,,,,,,,,,,,,,1,,,,,"-$4,162.50",,,,,,,,,,,,
Day 153,"February 11, 2025",Tuesday,$268,$536,"$224,483",$134,,,,,,,,,,,,,,1,,,,,"-$4,162.50",,,,,,,,,,,,
Day 154,"February 12, 2025",Wednesday,$268,$536,"$225,019",$134,,,,,,,,,,,,,,1,,,,,"-$4,162.50",,,,,,,,,,,,
Day 155,"February 13, 2025",Thursday,$268,$536,"$225,555",$134,,,,,,,,,,,,,,1,,,,,"-$4,162.50",,,,,,,,,,,,
Day 156,"February 14, 2025",Friday,$268,$536,"$226,091",$134,,,,,,,,,,,,,,1,,,,,"-$4,162.50",,,,,,,,,,,,
Day 157,"February 17, 2025",Monday,$268,$536,"$226,627",$134,,,,,,,,,,,,,,1,,,,,"-$4,162.50",,,,,,,,,,,,
Day 158,"February 18, 2025",Tuesday,$268,$536,"$227,163",$134,,,,,,,,,,,,,,1,,,,,"-$4,162.50",,,,,,,,,,,,
Day 159,"February 19, 2025",Wednesday,$268,$536,"$227,699",$134,,,,,,,,,,,,,,1,,,,,"-$4,162.50",,,,,,,,,,,,
Day 160,"February 20, 2025",Thursday,$268,$536,"$228,235",$134,,,,,,,,,,,,,,1,,,,,"-$4,162.50",,,,,,,,,,,,
Day 161,"February 21, 2025",Friday,$268,$536,"$228,771",$134,,,,,,,,,,,,,,1,,,,,"-$4,162.50",,,,,,,,,,,,
Day 162,"February 24, 2025",Monday,$268,$536,"$229,307",$134,,,,,,,,,,,,,,1,,,,,"-$4,162.50",,,,,,,,,,,,
Day 163,"February 25, 2025",Tuesday,$268,$536,"$229,843",$134,,,,,,,,,,,,,,1,,,,,"-$4,162.50",,,,,,,,,,,,
Day 164,"February 26, 2025",Wednesday,$268,$536,"$230,379",$134,,,,,,,,,,,,,,1,,,,,"-$4,162.50",,,,,,,,,,,,
Day 165,"February 27, 2025",Thursday,$268,$536,"$230,915",$134,,,,,,,,,,,,,,1,,,,,"-$4,162.50",,,,,,,,,,,,
Day 166,"February 28, 2025",Friday,$268,$536,"$231,451",$134,,,,,,,,,,,,,,1,,,,,"-$4,162.50",,,,,,,,,,,,
Day 167,"March 3, 2025",Monday,$242,$484,"$231,935",$121,,,,,,,,,,,,,,1,,,,,"-$4,162.50",,,,,,,,,,,,
Day 168,"March 4, 2025",Tuesday,$242,$484,"$232,419",$121,,,,,,,,,,,,,,1,,,,,"-$4,162.50",,,,,,,,,,,,
Day 169,"March 5, 2025",Wednesday,$242,$484,"$232,903",$121,,,,,,,,,,,,,,1,,,,,"-$4,162.50",,,,,,,,,,,,
Day 170,"March 6, 2025",Thursday,$242,$484,"$233,387",$121,,,,,,,,,,,,,,1,,,,,"-$4,162.50",,,,,,,,,,,,
Day 171,"March 7, 2025",Friday,$242,$484,"$233,871",$121,,,,,,,,,,,,,,1,,,,,"-$4,162.50",,,,,,,,,,,,
Day 172,"March 10, 2025",Monday,$242,$484,"$234,355",$121,,,,,,,,,,,,,,1,,,,,"-$4,162.50",,,,,,,,,,,,
Day 173,"March 11, 2025",Tuesday,$242,$484,"$234,839",$121,,,,,,,,,,,,,,1,,,,,"-$4,162.50",,,,,,,,,,,,
Day 174,"March 12, 2025",Wednesday,$242,$484,"$235,323",$121,,,,,,,,,,,,,,1,,,,,"-$4,162.50",,,,,,,,,,,,
Day 175,"March 13, 2025",Thursday,$242,$484,"$235,807",$121,,,,,,,,,,,,,,1,,,,,"-$4,162.50",,,,,,,,,,,,
Day 176,"March 14, 2025",Friday,$242,$484,"$236,291",$121,,,,,,,,,,,,,,1,,,,,"-$4,162.50",,,,,,,,,,,,
Day 177,"March 17, 2025",Monday,$242,$484,"$236,775",$121,,,,,,,,,,,,,,1,,,,,"-$4,162.50",,,,,,,,,,,,
Day 178,"March 18, 2025",Tuesday,$242,$484,"$237,259",$121,,,,,,,,,,,,,,1,,,,,"-$4,162.50",,,,,,,,,,,,
Day 179,"March 19, 2025",Wednesday,$242,$484,"$237,743",$121,,,,,,,,,,,,,,1,,,,,"-$4,162.50",,,,,,,,,,,,
Day 180,"March 20, 2025",Thursday,$242,$484,"$238,227",$121,,,,,,,,,,,,,,1,,,,,"-$4,162.50",,,,,,,,,,,,
Day 181,"March 21, 2025",Friday,$242,$484,"$238,711",$121,,,,,,,,,,,,,,1,,,,,"-$4,162.50",,,,,,,,,,,,
Day 182,"March 24, 2025",Monday,$242,$484,"$239,195",$121,,,,,,,,,,,,,,1,,,,,"-$4,162.50",,,,,,,,,,,,
Day 183,"March 25, 2025",Tuesday,$242,$484,"$239,679",$121,,,,,,,,,,,,,,1,,,,,"-$4,162.50",,,,,,,,,,,,
Day 184,"March 26, 2025",Wednesday,$242,$484,"$240,163",$121,,,,,,,,,,,,,,1,,,,,"-$4,162.50",,,,,,,,,,,,
Day 185,"March 27, 2025",Thursday,$242,$484,"$240,647",$121,,,,,,,,,,,,,,1,,,,,"-$4,162.50",,,,,,,,,,,,
Day 186,"March 28, 2025",Friday,$242,$484,"$241,131",$121,,,,,,,,,,,,,,1,,,,,"-$4,162.50",,,,,,,,,,,,
Day 187,"March 31, 2025",Monday,$242,$484,"$241,615",$121,,,,,,,,,,,,,,1,,,,,"-$4,162.50",,,,,,,,,,,,
Day 188,"April 1, 2025",Tuesday,$250,$500,"$242,115",$125,,,,,,,,,,,,,,1,,,,,"-$4,162.50",,,,,,,,,,,,
Day 189,"April 2, 2025",Wednesday,$250,$500,"$242,615",$125,,,,,,,,,,,,,,1,,,,,"-$4,162.50",,,,,,,,,,,,
Day 190,"April 3, 2025",Thursday,$250,$500,"$243,115",$125,,,,,,,,,,,,,,1,,,,,"-$4,162.50",,,,,,,,,,,,
Day 191,"April 4, 2025",Friday,$250,$500,"$243,615",$125,,,,,,,,,,,,,,1,,,,,"-$4,162.50",,,,,,,,,,,,
Day 192,"April 7, 2025",Monday,$250,$500,"$244,115",$125,,,,,,,,,,,,,,1,,,,,"-$4,162.50",,,,,,,,,,,,
Day 193,"April 8, 2025",Tuesday,$250,$500,"$244,615",$125,,,,,,,,,,,,,,1,,,,,"-$4,162.50",,,,,,,,,,,,
Day 194,"April 9, 2025",Wednesday,$250,$500,"$245,115",$125,,,,,,,,,,,,,,1,,,,,"-$4,162.50",,,,,,,,,,,,
Day 195,"April 10, 2025",Thursday,$250,$500,"$245,615",$125,,,,,,,,,,,,,,1,,,,,"-$4,162.50",,,,,,,,,,,,
Day 196,"April 11, 2025",Friday,$250,$500,"$246,115",$125,,,,,,,,,,,,,,1,,,,,"-$4,162.50",,,,,,,,,,,,
Day 197,"April 14, 2025",Monday,$250,$500,"$246,615",$125,,,,,,,,,,,,,,1,,,,,"-$4,162.50",,,,,,,,,,,,
Day 198,"April 15, 2025",Tuesday,$250,$500,"$247,115",$125,,,,,,,,,,,,,,1,,,,,"-$4,162.50",,,,,,,,,,,,
Day 199,"April 16, 2025",Wednesday,$250,$500,"$247,615",$125,,,,,,,,,,,,,,1,,,,,"-$4,162.50",,,,,,,,,,,,
Day 200,"April 17, 2025",Thursday,$250,$500,"$248,115",$125,,,,,,,,,,,,,,1,,,,,"-$4,162.50",,,,,,,,,,,,
Day 201,"April 18, 2025",Friday,$250,$500,"$248,615",$125,,,,,,,,,,,,,,1,,,,,"-$4,162.50",,,,,,,,,,,,
Day 202,"April 21, 2025",Monday,$250,$500,"$249,115",$125,,,,,,,,,,,,,,1,,,,,"-$4,162.50",,,,,,,,,,,,
Day 203,"April 22, 2025",Tuesday,$250,$500,"$249,615",$125,,,,,,,,,,,,,,1,,,,,"-$4,162.50",,,,,,,,,,,,
Day 204,"April 23, 2025",Wednesday,$250,$500,"$250,115",$125,,,,,,,,,,,,,,1,,,,,"-$4,162.50",,,,,,,,,,,,
Day 205,"April 24, 2025",Thursday,$250,$500,"$250,615",$125,,,,,,,,,,,,,,1,,,,,"-$4,162.50",,,,,,,,,,,,
Day 206,"April 25, 2025",Friday,$250,$500,"$251,115",$125,,,,,,,,,,,,,,1,,,,,"-$4,162.50",,,,,,,,,,,,
Day 207,"April 28, 2025",Monday,$250,$500,"$251,615",$125,,,,,,,,,,,,,,1,,,,,"-$4,162.50",,,,,,,,,,,,
Day 208,"April 29, 2025",Tuesday,$250,$500,"$252,115",$125,,,,,,,,,,,,,,1,,,,,"-$4,162.50",,,,,,,,,,,,
Day 209,"April 30, 2025",Wednesday,$250,$500,"$252,615",$125,,,,,,,,,,,,,,1,,,,,"-$4,162.50",,,,,,,,,,,,
Day 210,"May 1, 2025",Thursday,$242,$484,"$253,099",$121,,,,,,,,,,,,,,1,,,,,"-$4,162.50",,,,,,,,,,,,
Day 211,"May 2, 2025",Friday,$242,$484,"$253,583",$121,,,,,,,,,,,,,,1,,,,,"-$4,162.50",,,,,,,,,,,,
Day 212,"May 5, 2025",Monday,$242,$484,"$254,067",$121,,,,,,,,,,,,,,1,,,,,"-$4,162.50",,,,,,,,,,,,
Day 213,"May 6, 2025",Tuesday,$242,$484,"$254,551",$121,,,,,,,,,,,,,,1,,,,,"-$4,162.50",,,,,,,,,,,,
Day 214,"May 7, 2025",Wednesday,$242,$484,"$255,035",$121,,,,,,,,,,,,,,1,,,,,"-$4,162.50",,,,,,,,,,,,
Day 215,"May 8, 2025",Thursday,$242,$484,"$255,519",$121,,,,,,,,,,,,,,1,,,,,"-$4,162.50",,,,,,,,,,,,
Day 216,"May 9, 2025",Friday,$242,$484,"$256,003",$121,,,,,,,,,,,,,,1,,,,,"-$4,162.50",,,,,,,,,,,,
Day 217,"May 12, 2025",Monday,$242,$484,"$256,487",$121,,,,,,,,,,,,,,1,,,,,"-$4,162.50",,,,,,,,,,,,
Day 218,"May 13, 2025",Tuesday,$242,$484,"$256,971",$121,,,,,,,,,,,,,,1,,,,,"-$4,162.50",,,,,,,,,,,,
Day 219,"May 14, 2025",Wednesday,$242,$484,"$257,455",$121,,,,,,,,,,,,,,1,,,,,"-$4,162.50",,,,,,,,,,,,
Day 220,"May 15, 2025",Thursday,$242,$484,"$257,939",$121,,,,,,,,,,,,,,1,,,,,"-$4,162.50",,,,,,,,,,,,
Day 221,"May 16, 2025",Friday,$242,$484,"$258,423",$121,,,,,,,,,,,,,,1,,,,,"-$4,162.50",,,,,,,,,,,,
Day 222,"May 19, 2025",Monday,$242,$484,"$258,907",$121,,,,,,,,,,,,,,1,,,,,"-$4,162.50",,,,,,,,,,,,
Day 223,"May 20, 2025",Tuesday,$242,$484,"$259,391",$121,,,,,,,,,,,,,,1,,,,,"-$4,162.50",,,,,,,,,,,,
Day 224,"May 21, 2025",Wednesday,$242,$484,"$259,875",$121,,,,,,,,,,,,,,1,,,,,"-$4,162.50",,,,,,,,,,,,
Day 225,"May 22, 2025",Thursday,$242,$484,"$260,359",$121,,,,,,,,,,,,,,1,,,,,"-$4,162.50",,,,,,,,,,,,
Day 226,"May 23, 2025",Friday,$242,$484,"$260,843",$121,,,,,,,,,,,,,,1,,,,,"-$4,162.50",,,,,,,,,,,,
Day 227,"May 26, 2025",Monday,$242,$484,"$261,327",$121,,,,,,,,,,,,,,1,,,,,"-$4,162.50",,,,,,,,,,,,
Day 228,"May 27, 2025",Tuesday,$242,$484,"$261,811",$121,,,,,,,,,,,,,,1,,,,,"-$4,162.50",,,,,,,,,,,,
Day 229,"May 28, 2025",Wednesday,$242,$484,"$262,295",$121,,,,,,,,,,,,,,1,,,,,"-$4,162.50",,,,,,,,,,,,
Day 230,"May 29, 2025",Thursday,$242,$484,"$262,779",$121,,,,,,,,,,,,,,1,,,,,"-$4,162.50",,,,,,,,,,,,
Day 231,"May 30, 2025",Friday,$242,$484,"$263,263",$121,,,,,,,,,,,,,,1,,,,,"-$4,162.50",,,,,,,,,,,,
Day 232,"June 2, 2025",Monday,$250,$500,"$263,763",$125,,,,,,,,,,,,,,1,,,,,"-$4,162.50",,,,,,,,,,,,
Day 233,"June 3, 2025",Tuesday,$250,$500,"$264,263",$125,,,,,,,,,,,,,,1,,,,,"-$4,162.50",,,,,,,,,,,,
Day 234,"June 4, 2025",Wednesday,$250,$500,"$264,763",$125,,,,,,,,,,,,,,1,,,,,"-$4,162.50",,,,,,,,,,,,
Day 235,"June 5, 2025",Thursday,$250,$500,"$265,263",$125,,,,,,,,,,,,,,1,,,,,"-$4,162.50",,,,,,,,,,,,
Day 236,"June 6, 2025",Friday,$250,$500,"$265,763",$125,,,,,,,,,,,,,,1,,,,,"-$4,162.50",,,,,,,,,,,,
Day 237,"June 9, 2025",Monday,$250,$500,"$266,263",$125,,,,,,,,,,,,,,1,,,,,"-$4,162.50",,,,,,,,,,,,
Day 238,"June 10, 2025",Tuesday,$250,$500,"$266,763",$125,,,,,,,,,,,,,,1,,,,,"-$4,162.50",,,,,,,,,,,,
Day 239,"June 11, 2025",Wednesday,$250,$500,"$267,263",$125,,,,,,,,,,,,,,1,,,,,"-$4,162.50",,,,,,,,,,,,
Day 240,"June 12, 2025",Thursday,$250,$500,"$267,763",$125,,,,,,,,,,,,,,1,,,,,"-$4,162.50",,,,,,,,,,,,
Day 241,"June 13, 2025",Friday,$250,$500,"$268,263",$125,,,,,,,,,,,,,,1,,,,,"-$4,162.50",,,,,,,,,,,,
Day 242,"June 16, 2025",Monday,$250,$500,"$268,763",$125,,,,,,,,,,,,,,1,,,,,"-$4,162.50",,,,,,,,,,,,
Day 243,"June 17, 2025",Tuesday,$250,$500,"$269,263",$125,,,,,,,,,,,,,,1,,,,,"-$4,162.50",,,,,,,,,,,,
Day 244,"June 18, 2025",Wednesday,$250,$500,"$269,763",$125,,,,,,,,,,,,,,1,,,,,"-$4,162.50",,,,,,,,,,,,
Day 245,"June 19, 2025",Thursday,$250,$500,"$270,263",$125,,,,,,,,,,,,,,1,,,,,"-$4,162.50",,,,,,,,,,,,
Day 246,"June 20, 2025",Friday,$250,$500,"$270,763",$125,,,,,,,,,,,,,,1,,,,,"-$4,162.50",,,,,,,,,,,,
Day 247,"June 23, 2025",Monday,$250,$500,"$271,263",$125,,,,,,,,,,,,,,1,,,,,"-$4,162.50",,,,,,,,,,,,
Day 248,"June 24, 2025",Tuesday,$250,$500,"$271,763",$125,,,,,,,,,,,,,,1,,,,,"-$4,162.50",,,,,,,,,,,,
Day 249,"June 25, 2025",Wednesday,$250,$500,"$272,263",$125,,,,,,,,,,,,,,1,,,,,"-$4,162.50",,,,,,,,,,,,
Day 250,"June 26, 2025",Thursday,$250,$500,"$272,763",$125,,,,,,,,,,,,,,1,,,,,"-$4,162.50",,,,,,,,,,,,
Day 251,"June 27, 2025",Friday,$250,$500,"$273,263",$125,,,,,,,,,,,,,,1,,,,,"-$4,162.50",,,,,,,,,,,,
Day 252,"June 30, 2025",Monday,$250,$500,"$273,763",$125,,,,,,,,,,,,,,1,,,,,"-$4,162.50",,,,,,,,,,,,
Day 253,"July 1, 2025",Tuesday,$242,$484,"$274,247",$121,,,,,,,,,,,,,,1,,,,,"-$4,162.50",,,,,,,,,,,,
Day 254,"July 2, 2025",Wednesday,$242,$484,"$274,731",$121,,,,,,,,,,,,,,1,,,,,"-$4,162.50",,,,,,,,,,,,
Day 255,"July 3, 2025",Thursday,$242,$484,"$275,215",$121,,,,,,,,,,,,,,1,,,,,"-$4,162.50",,,,,,,,,,,,
Day 256,"July 4, 2025",Friday,$242,$484,"$275,699",$121,,,,,,,,,,,,,,1,,,,,"-$4,162.50",,,,,,,,,,,,
Day 257,"July 7, 2025",Monday,$242,$484,"$276,183",$121,,,,,,,,,,,,,,1,,,,,"-$4,162.50",,,,,,,,,,,,
Day 258,"July 8, 2025",Tuesday,$242,$484,"$276,667",$121,,,,,,,,,,,,,,1,,,,,"-$4,162.50",,,,,,,,,,,,
Day 259,"July 9, 2025",Wednesday,$242,$484,"$277,151",$121,,,,,,,,,,,,,,1,,,,,"-$4,162.50",,,,,,,,,,,,
Day 260,"July 10, 2025",Thursday,$242,$484,"$277,635",$121,,,,,,,,,,,,,,1,,,,,"-$4,162.50",,,,,,,,,,,,
Day 261,"July 11, 2025",Friday,$242,$484,"$278,119",$121,,,,,,,,,,,,,,1,,,,,"-$4,162.50",,,,,,,,,,,,
Day 262,"July 14, 2025",Monday,$242,$484,"$278,603",$121,,,,,,,,,,,,,,1,,,,,"-$4,162.50",,,,,,,,,,,,
Day 263,"July 15, 2025",Tuesday,$242,$484,"$279,087",$121,,,,,,,,,,,,,,1,,,,,"-$4,162.50",,,,,,,,,,,,
Day 264,"July 16, 2025",Wednesday,$242,$484,"$279,571",$121,,,,,,,,,,,,,,1,,,,,"-$4,162.50",,,,,,,,,,,,
Day 265,"July 17, 2025",Thursday,$242,$484,"$280,055",$121,,,,,,,,,,,,,,1,,,,,"-$4,162.50",,,,,,,,,,,,
Day 266,"July 18, 2025",Friday,$242,$484,"$280,539",$121,,,,,,,,,,,,,,1,,,,,"-$4,162.50",,,,,,,,,,,,
Day 267,"July 21, 2025",Monday,$242,$484,"$281,023",$121,,,,,,,,,,,,,,1,,,,,"-$4,162.50",,,,,,,,,,,,
Day 268,"July 22, 2025",Tuesday,$242,$484,"$281,507",$121,,,,,,,,,,,,,,1,,,,,"-$4,162.50",,,,,,,,,,,,
Day 269,"July 23, 2025",Wednesday,$242,$484,"$281,991",$121,,,,,,,,,,,,,,1,,,,,"-$4,162.50",,,,,,,,,,,,
Day 270,"July 24, 2025",Thursday,$242,$484,"$282,475",$121,,,,,,,,,,,,,,1,,,,,"-$4,162.50",,,,,,,,,,,,
Day 271,"July 25, 2025",Friday,$242,$484,"$282,959",$121,,,,,,,,,,,,,,1,,,,,"-$4,162.50",,,,,,,,,,,,
Day 272,"July 28, 2025",Monday,$242,$484,"$283,443",$121,,,,,,,,,,,,,,1,,,,,"-$4,162.50",,,,,,,,,,,,
Day 273,"July 29, 2025",Tuesday,$242,$484,"$283,927",$121,,,,,,,,,,,,,,1,,,,,"-$4,162.50",,,,,,,,,,,,
Day 274,"July 30, 2025",Wednesday,$242,$484,"$284,411",$121,,,,,,,,,,,,,,1,,,,,"-$4,162.50",,,,,,,,,,,,
Day 275,"July 31, 2025",Thursday,$242,$484,"$284,895",$121,,,,,,,,,,,,,,1,,,,,"-$4,162.50",,,,,,,,,,,,
Day 276,"August 1, 2025",Friday,$242,$484,"$285,379",$121,,,,,,,,,,,,,,1,,,,,"-$4,162.50",,,,,,,,,,,,
Day 277,"August 4, 2025",Monday,$242,$484,"$285,863",$121,,,,,,,,,,,,,,1,,,,,"-$4,162.50",,,,,,,,,,,,
Day 278,"August 5, 2025",Tuesday,$242,$484,"$286,347",$121,,,,,,,,,,,,,,1,,,,,"-$4,162.50",,,,,,,,,,,,
Day 279,"August 6, 2025",Wednesday,$242,$484,"$286,831",$121,,,,,,,,,,,,,,1,,,,,"-$4,162.50",,,,,,,,,,,,
Day 280,"August 7, 2025",Thursday,$242,$484,"$287,315",$121,,,,,,,,,,,,,,1,,,,,"-$4,162.50",,,,,,,,,,,,
Day 281,"August 8, 2025",Friday,$242,$484,"$287,799",$121,,,,,,,,,,,,,,1,,,,,"-$4,162.50",,,,,,,,,,,,
Day 282,"August 11, 2025",Monday,$242,$484,"$288,283",$121,,,,,,,,,,,,,,1,,,,,"-$4,162.50",,,,,,,,,,,,
Day 283,"August 12, 2025",Tuesday,$242,$484,"$288,767",$121,,,,,,,,,,,,,,1,,,,,"-$4,162.50",,,,,,,,,,,,
Day 284,"August 13, 2025",Wednesday,$242,$484,"$289,251",$121,,,,,,,,,,,,,,1,,,,,"-$4,162.50",,,,,,,,,,,,
Day 285,"August 14, 2025",Thursday,$242,$484,"$289,735",$121,,,,,,,,,,,,,,1,,,,,"-$4,162.50",,,,,,,,,,,,
Day 286,"August 15, 2025",Friday,$242,$484,"$290,219",$121,,,,,,,,,,,,,,1,,,,,"-$4,162.50",,,,,,,,,,,,
Day 287,"August 18, 2025",Monday,$242,$484,"$290,703",$121,,,,,,,,,,,,,,1,,,,,"-$4,162.50",,,,,,,,,,,,
Day 288,"August 19, 2025",Tuesday,$242,$484,"$291,187",$121,,,,,,,,,,,,,,1,,,,,"-$4,162.50",,,,,,,,,,,,
Day 289,"August 20, 2025",Wednesday,$242,$484,"$291,671",$121,,,,,,,,,,,,,,1,,,,,"-$4,162.50",,,,,,,,,,,,
Day 290,"August 21, 2025",Thursday,$242,$484,"$292,155",$121,,,,,,,,,,,,,,1,,,,,"-$4,162.50",,,,,,,,,,,,
Day 291,"August 22, 2025",Friday,$242,$484,"$292,639",$121,,,,,,,,,,,,,,1,,,,,"-$4,162.50",,,,,,,,,,,,
Day 292,"August 25, 2025",Monday,$242,$484,"$293,123",$121,,,,,,,,,,,,,,1,,,,,"-$4,162.50",,,,,,,,,,,,
Day 293,"August 26, 2025",Tuesday,$242,$484,"$293,607",$121,,,,,,,,,,,,,,1,,,,,"-$4,162.50",,,,,,,,,,,,
Day 294,"August 27, 2025",Wednesday,$242,$484,"$294,091",$121,,,,,,,,,,,,,,1,,,,,"-$4,162.50",,,,,,,,,,,,
Day 295,"August 28, 2025",Thursday,$242,$484,"$294,575",$121,,,,,,,,,,,,,,1,,,,,"-$4,162.50",,,,,,,,,,,,
Day 296,"August 29, 2025",Friday,$242,$484,"$295,059",$121,,,,,,,,,,,,,,1,,,,,"-$4,162.50",,,,,,,,,,,,
Day 297,"September 1, 2025",Monday,$250,$500,"$295,559",$125,,,,,,,,,,,,,,1,,,,,"-$4,162.50",,,,,,,,,,,,
Day 298,"September 2, 2025",Tuesday,$250,$500,"$296,059",$125,,,,,,,,,,,,,,1,,,,,"-$4,162.50",,,,,,,,,,,,
Day 299,"September 3, 2025",Wednesday,$250,$500,"$296,559",$125,,,,,,,,,,,,,,1,,,,,"-$4,162.50",,,,,,,,,,,,
Day 300,"September 4, 2025",Thursday,$250,$500,"$297,059",$125,,,,,,,,,,,,,,1,,,,,"-$4,162.50",,,,,,,,,,,,
Day 301,"September 5, 2025",Friday,$250,$500,"$297,559",$125,,,,,,,,,,,,,,1,,,,,"-$4,162.50",,,,,,,,,,,,
Day 302,"September 8, 2025",Monday,$250,$500,"$298,059",$125,,,,,,,,,,,,,,1,,,,,"-$4,162.50",,,,,,,,,,,,
Day 303,"September 9, 2025",Tuesday,$250,$500,"$298,559",$125,,,,,,,,,,,,,,1,,,,,"-$4,162.50",,,,,,,,,,,,
Day 304,"September 10, 2025",Wednesday,$250,$500,"$299,059",$125,,,,,,,,,,,,,,1,,,,,"-$4,162.50",,,,,,,,,,,,
Day 305,"September 11, 2025",Thursday,$250,$500,"$299,559",$125,,,,,,,,,,,,,,1,,,,,"-$4,162.50",,,,,,,,,,,,
Day 306,"September 12, 2025",Friday,$250,$500,"$300,059",$125,,,,,,,,,,,,,,1,,,,,"-$4,162.50",,,,,,,,,,,,
Day 307,"September 15, 2025",Monday,$250,$500,"$300,559",$125,,,,,,,,,,,,,,1,,,,,"-$4,162.50",,,,,,,,,,,,
Day 308,"September 16, 2025",Tuesday,$250,$500,"$301,059",$125,,,,,,,,,,,,,,1,,,,,"-$4,162.50",,,,,,,,,,,,
Day 309,"September 17, 2025",Wednesday,$250,$500,"$301,559",$125,,,,,,,,,,,,,,1,,,,,"-$4,162.50",,,,,,,,,,,,
Day 310,"September 18, 2025",Thursday,$250,$500,"$302,059",$125,,,,,,,,,,,,,,1,,,,,"-$4,162.50",,,,,,,,,,,,
Day 311,"September 19, 2025",Friday,$250,$500,"$302,559",$125,,,,,,,,,,,,,,1,,,,,"-$4,162.50",,,,,,,,,,,,
Day 312,"September 22, 2025",Monday,$250,$500,"$303,059",$125,,,,,,,,,,,,,,1,,,,,"-$4,162.50",,,,,,,,,,,,
Day 313,"September 23, 2025",Tuesday,$250,$500,"$303,559",$125,,,,,,,,,,,,,,1,,,,,"-$4,162.50",,,,,,,,,,,,
Day 314,"September 24, 2025",Wednesday,$250,$500,"$304,059",$125,,,,,,,,,,,,,,1,,,,,"-$4,162.50",,,,,,,,,,,,
Day 315,"September 25, 2025",Thursday,$250,$500,"$304,559",$125,,,,,,,,,,,,,,1,,,,,"-$4,162.50",,,,,,,,,,,,
Day 316,"September 26, 2025",Friday,$250,$500,"$305,059",$125,,,,,,,,,,,,,,1,,,,,"-$4,162.50",,,,,,,,,,,,
Day 317,"September 29, 2025",Monday,$250,$500,"$305,559",$125,,,,,,,,,,,,,,1,,,,,"-$4,162.50",,,,,,,,,,,,
Day 318,"September 30, 2025",Tuesday,$250,$500,"$306,059",$125,,,,,,,,,,,,,,1,,,,,"-$4,162.50",,,,,,,,,,,,
Day 319,"October 1, 2025",Wednesday,$242,$484,"$306,543",$121,,,,,,,,,,,,,,1,,,,,"-$4,162.50",,,,,,,,,,,,
Day 320,"October 2, 2025",Thursday,$242,$484,"$307,027",$121,,,,,,,,,,,,,,1,,,,,"-$4,162.50",,,,,,,,,,,,
Day 321,"October 3, 2025",Friday,$242,$484,"$307,511",$121,,,,,,,,,,,,,,1,,,,,"-$4,162.50",,,,,,,,,,,,
Day 322,"October 6, 2025",Monday,$242,$484,"$307,995",$121,,,,,,,,,,,,,,1,,,,,"-$4,162.50",,,,,,,,,,,,
Day 323,"October 7, 2025",Tuesday,$242,$484,"$308,479",$121,,,,,,,,,,,,,,1,,,,,"-$4,162.50",,,,,,,,,,,,
Day 324,"October 8, 2025",Wednesday,$242,$484,"$308,963",$121,,,,,,,,,,,,,,1,,,,,"-$4,162.50",,,,,,,,,,,,
Day 325,"October 9, 2025",Thursday,$242,$484,"$309,447",$121,,,,,,,,,,,,,,1,,,,,"-$4,162.50",,,,,,,,,,,,
Day 326,"October 10, 2025",Friday,$242,$484,"$309,931",$121,,,,,,,,,,,,,,1,,,,,"-$4,162.50",,,,,,,,,,,,
Day 327,"October 13, 2025",Monday,$242,$484,"$310,415",$121,,,,,,,,,,,,,,1,,,,,"-$4,162.50",,,,,,,,,,,,
Day 328,"October 14, 2025",Tuesday,$242,$484,"$310,899",$121,,,,,,,,,,,,,,1,,,,,"-$4,162.50",,,,,,,,,,,,
Day 329,"October 15, 2025",Wednesday,$242,$484,"$311,383",$121,,,,,,,,,,,,,,1,,,,,"-$4,162.50",,,,,,,,,,,,
Day 330,"October 16, 2025",Thursday,$242,$484,"$311,867",$121,,,,,,,,,,,,,,1,,,,,"-$4,162.50",,,,,,,,,,,,
Day 331,"October 17, 2025",Friday,$242,$484,"$312,351",$121,,,,,,,,,,,,,,1,,,,,"-$4,162.50",,,,,,,,,,,,
Day 332,"October 20, 2025",Monday,$242,$484,"$312,835",$121,,,,,,,,,,,,,,1,,,,,"-$4,162.50",,,,,,,,,,,,
Day 333,"October 21, 2025",Tuesday,$242,$484,"$313,319",$121,,,,,,,,,,,,,,1,,,,,"-$4,162.50",,,,,,,,,,,,
Day 334,"October 22, 2025",Wednesday,$242,$484,"$313,803",$121,,,,,,,,,,,,,,1,,,,,"-$4,162.50",,,,,,,,,,,,
Day 335,"October 23, 2025",Thursday,$242,$484,"$314,287",$121,,,,,,,,,,,,,,1,,,,,"-$4,162.50",,,,,,,,,,,,
Day 336,"October 24, 2025",Friday,$242,$484,"$314,771",$121,,,,,,,,,,,,,,1,,,,,"-$4,162.50",,,,,,,,,,,,
Day 337,"October 27, 2025",Monday,$242,$484,"$315,255",$121,,,,,,,,,,,,,,1,,,,,"-$4,162.50",,,,,,,,,,,,
Day 338,"October 28, 2025",Tuesday,$242,$484,"$315,739",$121,,,,,,,,,,,,,,1,,,,,"-$4,162.50",,,,,,,,,,,,
Day 339,"October 29, 2025",Wednesday,$242,$484,"$316,223",$121,,,,,,,,,,,,,,1,,,,,"-$4,162.50",,,,,,,,,,,,
Day 340,"October 30, 2025",Thursday,$242,$484,"$316,707",$121,,,,,,,,,,,,,,1,,,,,"-$4,162.50",,,,,,,,,,,,
Day 341,"October 31, 2025",Friday,$242,$484,"$317,191",$121,,,,,,,,,,,,,,1,,,,,"-$4,162.50",,,,,,,,,,,,
Day 342,"November 3, 2025",Monday,$250,$500,"$317,691",$125,,,,,,,,,,,,,,1,,,,,"-$4,162.50",,,,,,,,,,,,
Day 343,"November 4, 2025",Tuesday,$250,$500,"$318,191",$125,,,,,,,,,,,,,,1,,,,,"-$4,162.50",,,,,,,,,,,,
Day 344,"November 5, 2025",Wednesday,$250,$500,"$318,691",$125,,,,,,,,,,,,,,1,,,,,"-$4,162.50",,,,,,,,,,,,
Day 345,"November 6, 2025",Thursday,$250,$500,"$319,191",$125,,,,,,,,,,,,,,1,,,,,"-$4,162.50",,,,,,,,,,,,
Day 346,"November 7, 2025",Friday,$250,$500,"$319,691",$125,,,,,,,,,,,,,,1,,,,,"-$4,162.50",,,,,,,,,,,,
Day 347,"November 10, 2025",Monday,$250,$500,"$320,191",$125,,,,,,,,,,,,,,1,,,,,"-$4,162.50",,,,,,,,,,,,
Day 348,"November 11, 2025",Tuesday,$250,$500,"$320,691",$125,,,,,,,,,,,,,,1,,,,,"-$4,162.50",,,,,,,,,,,,
Day 349,"November 12, 2025",Wednesday,$250,$500,"$321,191",$125,,,,,,,,,,,,,,1,,,,,"-$4,162.50",,,,,,,,,,,,
Day 350,"November 13, 2025",Thursday,$250,$500,"$321,691",$125,,,,,,,,,,,,,,1,,,,,"-$4,162.50",,,,,,,,,,,,
Day 351,"November 14, 2025",Friday,$250,$500,"$322,191",$125,,,,,,,,,,,,,,1,,,,,"-$4,162.50",,,,,,,,,,,,
Day 352,"November 17, 2025",Monday,$250,$500,"$322,691",$125,,,,,,,,,,,,,,1,,,,,"-$4,162.50",,,,,,,,,,,,
Day 353,"November 18, 2025",Tuesday,$250,$500,"$323,191",$125,,,,,,,,,,,,,,1,,,,,"-$4,162.50",,,,,,,,,,,,
Day 354,"November 19, 2025",Wednesday,$250,$500,"$323,691",$125,,,,,,,,,,,,,,1,,,,,"-$4,162.50",,,,,,,,,,,,
Day 355,"November 20, 2025",Thursday,$250,$500,"$324,191",$125,,,,,,,,,,,,,,1,,,,,"-$4,162.50",,,,,,,,,,,,
Day 356,"November 21, 2025",Friday,$250,$500,"$324,691",$125,,,,,,,,,,,,,,1,,,,,"-$4,162.50",,,,,,,,,,,,
Day 357,"November 24, 2025",Monday,$250,$500,"$325,191",$125,,,,,,,,,,,,,,1,,,,,"-$4,162.50",,,,,,,,,,,,
Day 358,"November 25, 2025",Tuesday,$250,$500,"$325,691",$125,,,,,,,,,,,,,,1,,,,,"-$4,162.50",,,,,,,,,,,,
Day 359,"November 26, 2025",Wednesday,$250,$500,"$326,191",$125,,,,,,,,,,,,,,1,,,,,"-$4,162.50",,,,,,,,,,,,
Day 360,"November 27, 2025",Thursday,$250,$500,"$326,691",$125,,,,,,,,,,,,,,1,,,,,"-$4,162.50",,,,,,,,,,,,
Day 361,"November 28, 2025",Friday,$250,$500,"$327,191",$125,,,,,,,,,,,,,,1,,,,,"-$4,162.50",,,,,,,,,,,,
Day 362,"December 1, 2025",Monday,$242,$484,"$327,675",$121,,,,,,,,,,,,,,1,,,,,"-$4,162.50",,,,,,,,,,,,
Day 363,"December 2, 2025",Tuesday,$242,$484,"$328,159",$121,,,,,,,,,,,,,,1,,,,,"-$4,162.50",,,,,,,,,,,,
Day 364,"December 3, 2025",Wednesday,$242,$484,"$328,643",$121,,,,,,,,,,,,,,1,,,,,"-$4,162.50",,,,,,,,,,,,
Day 365,"December 4, 2025",Thursday,$242,$484,"$329,127",$121,,,,,,,,,,,,,,1,,,,,"-$4,162.50",,,,,,,,,,,,
,,,,,,,,,,,,,,,,,,,,,,,,,,,,,,,,,,,,,
,,,,,,,,,,,,,,,,,,,,,,,,,,,,,,,,,,,,,
,,,,,,,,,,,,,,,,,,,,,,,,,,,,,,,,,,,,,
,,,,,,,,,,,,,,,,,,,,,,,,,,,,,,,,,,,,,
,,,,,,,,,,,,,,,,,,,,,,,,,,,,,,,,,,,,,
,,,,,,,,,,,,,,,,,,,,,,,,,,,,,,,,,,,,,
,,,,,,,,,,,,,,,,,,,,,,,,,,,,,,,,,,,,,
,,,,,,,,,,,,,,,,,,,,,,,,,,,,,,,,,,,,,
,,,,,,,,,,,,,,,,,,,,,,,,,,,,,,,,,,,,,
,,,,,,,,,,,,,,,,,,,,,,,,,,,,,,,,,,,,,
,,,,,,,,,,,,,,,,,,,,,,,,,,,,,,,,,,,,,
,,,,,,,,,,,,,,,,,,,,,,,,,,,,,,,,,,,,,
,,,,,,,,,,,,,,,,,,,,,,,,,,,,,,,,,,,,,
,,,,,,,,,,,,,,,,,,,,,,,,,,,,,,,,,,,,,
,,,,,,,,,,,,,,,,,,,,,,,,,,,,,,,,,,,,,
,,,,,,,,,,,,,,,,,,,,,,,,,,,,,,,,,,,,,
,,,,,,,,,,,,,,,,,,,,,,,,,,,,,,,,,,,,,
,,,,,,,,,,,,,,,,,,,,,,,,,,,,,,,,,,,,,
,,,,,,,,,,,,,,,,,,,,,,,,,,,,,,,,,,,,,
,,,,,,,,,,,,,,,,,,,,,,,,,,,,,,,,,,,,,
,,,,,,,,,,,,,,,,,,,,,,,,,,,,,,,,,,,,,
,,,,,,,,,,,,,,,,,,,,,,,,,,,,,,,,,,,,,
,,,,,,,,,,,,,,,,,,,,,,,,,,,,,,,,,,,,,
,,,,,,,,,,,,,,,,,,,,,,,,,,,,,,,,,,,,,
,,,,,,,,,,,,,,,,,,,,,,,,,,,,,,,,,,,,,
,,,,,,,,,,,,,,,,,,,,,,,,,,,,,,,,,,,,,
,,,,,,,,,,,,,,,,,,,,,,,,,,,,,,,,,,,,,
,,,,,,,,,,,,,,,,,,,,,,,,,,,,,,,,,,,,,
,,,,,,,,,,,,,,,,,,,,,,,,,,,,,,,,,,,,,
,,,,,,,,,,,,,,,,,,,,,,,,,,,,,,,,,,,,,
,,,,,,,,,,,,,,,,,,,,,,,,,,,,,,,,,,,,,
,,,,,,,,,,,,,,,,,,,,,,,,,,,,,,,,,,,,,
,,,,,,,,,,,,,,,,,,,,,,,,,,,,,,,,,,,,,
,,,,,,,,,,,,,,,,,,,,,,,,,,,,,,,,,,,,,
,,,,,,,,,,,,,,,,,,,,,,,,,,,,,,,,,,,,,
,,,,,,,,,,,,,,,,,,,,,,,,,,,,,,,,,,,,,
,,,,,,,,,,,,,,,,,,,,,,,,,,,,,,,,,,,,,
,,,,,,,,,,,,,,,,,,,,,,,,,,,,,,,,,,,,,
,,,,,,,,,,,,,,,,,,,,,,,,,,,,,,,,,,,,,
,,,,,,,,,,,,,,,,,,,,,,,,,,,,,,,,,,,,,
,,,,,,,,,,,,,,,,,,,,,,,,,,,,,,,,,,,,,
,,,,,,,,,,,,,,,,,,,,,,,,,,,,,,,,,,,,,
,,,,,,,,,,,,,,,,,,,,,,,,,,,,,,,,,,,,,
,,,,,,,,,,,,,,,,,,,,,,,,,,,,,,,,,,,,,
,,,,,,,,,,,,,,,,,,,,,,,,,,,,,,,,,,,,,
,,,,,,,,,,,,,,,,,,,,,,,,,,,,,,,,,,,,,
,,,,,,,,,,,,,,,,,,,,,,,,,,,,,,,,,,,,,
,,,,,,,,,,,,,,,,,,,,,,,,,,,,,,,,,,,,,
,,,,,,,,,,,,,,,,,,,,,,,,,,,,,,,,,,,,,
,,,,,,,,,,,,,,,,,,,,,,,,,,,,,,,,,,,,,
,,,,,,,,,,,,,,,,,,,,,,,,,,,,,,,,,,,,,
,,,,,,,,,,,,,,,,,,,,,,,,,,,,,,,,,,,,,
,,,,,,,,,,,,,,,,,,,,,,,,,,,,,,,,,,,,,
,,,,,,,,,,,,,,,,,,,,,,,,,,,,,,,,,,,,,
,,,,,,,,,,,,,,,,,,,,,,,,,,,,,,,,,,,,,
,,,,,,,,,,,,,,,,,,,,,,,,,,,,,,,,,,,,,
,,,,,,,,,,,,,,,,,,,,,,,,,,,,,,,,,,,,,
,,,,,,,,,,,,,,,,,,,,,,,,,,,,,,,,,,,,,
,,,,,,,,,,,,,,,,,,,,,,,,,,,,,,,,,,,,,
,,,,,,,,,,,,,,,,,,,,,,,,,,,,,,,,,,,,,
,,,,,,,,,,,,,,,,,,,,,,,,,,,,,,,,,,,,,
,,,,,,,,,,,,,,,,,,,,,,,,,,,,,,,,,,,,,
,,,,,,,,,,,,,,,,,,,,,,,,,,,,,,,,,,,,,
,,,,,,,,,,,,,,,,,,,,,,,,,,,,,,,,,,,,,
,,,,,,,,,,,,,,,,,,,,,,,,,,,,,,,,,,,,,
,,,,,,,,,,,,,,,,,,,,,,,,,,,,,,,,,,,,,
,,,,,,,,,,,,,,,,,,,,,,,,,,,,,,,,,,,,,
,,,,,,,,,,,,,,,,,,,,,,,,,,,,,,,,,,,,,
,,,,,,,,,,,,,,,,,,,,,,,,,,,,,,,,,,,,,
,,,,,,,,,,,,,,,,,,,,,,,,,,,,,,,,,,,,,
,,,,,,,,,,,,,,,,,,,,,,,,,,,,,,,,,,,,,
,,,,,,,,,,,,,,,,,,,,,,,,,,,,,,,,,,,,,
,,,,,,,,,,,,,,,,,,,,,,,,,,,,,,,,,,,,,
,,,,,,,,,,,,,,,,,,,,,,,,,,,,,,,,,,,,,
,,,,,,,,,,,,,,,,,,,,,,,,,,,,,,,,,,,,,
,,,,,,,,,,,,,,,,,,,,,,,,,,,,,,,,,,,,,
,,,,,,,,,,,,,,,,,,,,,,,,,,,,,,,,,,,,,
,,,,,,,,,,,,,,,,,,,,,,,,,,,,,,,,,,,,,
,,,,,,,,,,,,,,,,,,,,,,,,,,,,,,,,,,,,,
,,,,,,,,,,,,,,,,,,,,,,,,,,,,,,,,,,,,,
,,,,,,,,,,,,,,,,,,,,,,,,,,,,,,,,,,,,,
,,,,,,,,,,,,,,,,,,,,,,,,,,,,,,,,,,,,,
,,,,,,,,,,,,,,,,,,,,,,,,,,,,,,,,,,,,,
,,,,,,,,,,,,,,,,,,,,,,,,,,,,,,,,,,,,,
,,,,,,,,,,,,,,,,,,,,,,,,,,,,,,,,,,,,,
,,,,,,,,,,,,,,,,,,,,,,,,,,,,,,,,,,,,,
,,,,,,,,,,,,,,,,,,,,,,,,,,,,,,,,,,,,,
,,,,,,,,,,,,,,,,,,,,,,,,,,,,,,,,,,,,,
,,,,,,,,,,,,,,,,,,,,,,,,,,,,,,,,,,,,,
,,,,,,,,,,,,,,,,,,,,,,,,,,,,,,,,,,,,,
,,,,,,,,,,,,,,,,,,,,,,,,,,,,,,,,,,,,,
,,,,,,,,,,,,,,,,,,,,,,,,,,,,,,,,,,,,,
,,,,,,,,,,,,,,,,,,,,,,,,,,,,,,,,,,,,,
,,,,,,,,,,,,,,,,,,,,,,,,,,,,,,,,,,,,,
,,,,,,,,,,,,,,,,,,,,,,,,,,,,,,,,,,,,,
,,,,,,,,,,,,,,,,,,,,,,,,,,,,,,,,,,,,,
,,,,,,,,,,,,,,,,,,,,,,,,,,,,,,,,,,,,,
,,,,,,,,,,,,,,,,,,,,,,,,,,,,,,,,,,,,,
,,,,,,,,,,,,,,,,,,,,,,,,,,,,,,,,,,,,,
,,,,,,,,,,,,,,,,,,,,,,,,,,,,,,,,,,,,,
,,,,,,,,,,,,,,,,,,,,,,,,,,,,,,,,,,,,,
,,,,,,,,,,,,,,,,,,,,,,,,,,,,,,,,,,,,,
,,,,,,,,,,,,,,,,,,,,,,,,,,,,,,,,,,,,,
,,,,,,,,,,,,,,,,,,,,,,,,,,,,,,,,,,,,,
,,,,,,,,,,,,,,,,,,,,,,,,,,,,,,,,,,,,,
,,,,,,,,,,,,,,,,,,,,,,,,,,,,,,,,,,,,,
,,,,,,,,,,,,,,,,,,,,,,,,,,,,,,,,,,,,,
,,,,,,,,,,,,,,,,,,,,,,,,,,,,,,,,,,,,,
,,,,,,,,,,,,,,,,,,,,,,,,,,,,,,,,,,,,,
,,,,,,,,,,,,,,,,,,,,,,,,,,,,,,,,,,,,,
,,,,,,,,,,,,,,,,,,,,,,,,,,,,,,,,,,,,,
,,,,,,,,,,,,,,,,,,,,,,,,,,,,,,,,,,,,,
,,,,,,,,,,,,,,,,,,,,,,,,,,,,,,,,,,,,,
,,,,,,,,,,,,,,,,,,,,,,,,,,,,,,,,,,,,,
,,,,,,,,,,,,,,,,,,,,,,,,,,,,,,,,,,,,,
,,,,,,,,,,,,,,,,,,,,,,,,,,,,,,,,,,,,,
,,,,,,,,,,,,,,,,,,,,,,,,,,,,,,,,,,,,,
,,,,,,,,,,,,,,,,,,,,,,,,,,,,,,,,,,,,,
,,,,,,,,,,,,,,,,,,,,,,,,,,,,,,,,,,,,,
,,,,,,,,,,,,,,,,,,,,,,,,,,,,,,,,,,,,,
,,,,,,,,,,,,,,,,,,,,,,,,,,,,,,,,,,,,,
,,,,,,,,,,,,,,,,,,,,,,,,,,,,,,,,,,,,,
,,,,,,,,,,,,,,,,,,,,,,,,,,,,,,,,,,,,,
,,,,,,,,,,,,,,,,,,,,,,,,,,,,,,,,,,,,,
,,,,,,,,,,,,,,,,,,,,,,,,,,,,,,,,,,,,,
,,,,,,,,,,,,,,,,,,,,,,,,,,,,,,,,,,,,,
,,,,,,,,,,,,,,,,,,,,,,,,,,,,,,,,,,,,,
,,,,,,,,,,,,,,,,,,,,,,,,,,,,,,,,,,,,,
,,,,,,,,,,,,,,,,,,,,,,,,,,,,,,,,,,,,,
,,,,,,,,,,,,,,,,,,,,,,,,,,,,,,,,,,,,,
,,,,,,,,,,,,,,,,,,,,,,,,,,,,,,,,,,,,,
,,,,,,,,,,,,,,,,,,,,,,,,,,,,,,,,,,,,,
,,,,,,,,,,,,,,,,,,,,,,,,,,,,,,,,,,,,,
,,,,,,,,,,,,,,,,,,,,,,,,,,,,,,,,,,,,,
,,,,,,,,,,,,,,,,,,,,,,,,,,,,,,,,,,,,,
,,,,,,,,,,,,,,,,,,,,,,,,,,,,,,,,,,,,,
,,,,,,,,,,,,,,,,,,,,,,,,,,,,,,,,,,,,,
,,,,,,,,,,,,,,,,,,,,,,,,,,,,,,,,,,,,,
,,,,,,,,,,,,,,,,,,,,,,,,,,,,,,,,,,,,,
,,,,,,,,,,,,,,,,,,,,,,,,,,,,,,,,,,,,,
,,,,,,,,,,,,,,,,,,,,,,,,,,,,,,,,,,,,,
,,,,,,,,,,,,,,,,,,,,,,,,,,,,,,,,,,,,,
,,,,,,,,,,,,,,,,,,,,,,,,,,,,,,,,,,,,,
,,,,,,,,,,,,,,,,,,,,,,,,,,,,,,,,,,,,,
,,,,,,,,,,,,,,,,,,,,,,,,,,,,,,,,,,,,,
,,,,,,,,,,,,,,,,,,,,,,,,,,,,,,,,,,,,,
,,,,,,,,,,,,,,,,,,,,,,,,,,,,,,,,,,,,,
,,,,,,,,,,,,,,,,,,,,,,,,,,,,,,,,,,,,,
,,,,,,,,,,,,,,,,,,,,,,,,,,,,,,,,,,,,,
,,,,,,,,,,,,,,,,,,,,,,,,,,,,,,,,,,,,,
,,,,,,,,,,,,,,,,,,,,,,,,,,,,,,,,,,,,,
,,,,,,,,,,,,,,,,,,,,,,,,,,,,,,,,,,,,,
,,,,,,,,,,,,,,,,,,,,,,,,,,,,,,,,,,,,,
,,,,,,,,,,,,,,,,,,,,,,,,,,,,,,,,,,,,,
,,,,,,,,,,,,,,,,,,,,,,,,,,,,,,,,,,,,,
,,,,,,,,,,,,,,,,,,,,,,,,,,,,,,,,,,,,,
,,,,,,,,,,,,,,,,,,,,,,,,,,,,,,,,,,,,,
,,,,,,,,,,,,,,,,,,,,,,,,,,,,,,,,,,,,,
,,,,,,,,,,,,,,,,,,,,,,,,,,,,,,,,,,,,,
,,,,,,,,,,,,,,,,,,,,,,,,,,,,,,,,,,,,,
,,,,,,,,,,,,,,,,,,,,,,,,,,,,,,,,,,,,,
,,,,,,,,,,,,,,,,,,,,,,,,,,,,,,,,,,,,,
,,,,,,,,,,,,,,,,,,,,,,,,,,,,,,,,,,,,,
,,,,,,,,,,,,,,,,,,,,,,,,,,,,,,,,,,,,,
,,,,,,,,,,,,,,,,,,,,,,,,,,,,,,,,,,,,,
,,,,,,,,,,,,,,,,,,,,,,,,,,,,,,,,,,,,,
,,,,,,,,,,,,,,,,,,,,,,,,,,,,,,,,,,,,,
,,,,,,,,,,,,,,,,,,,,,,,,,,,,,,,,,,,,,
,,,,,,,,,,,,,,,,,,,,,,,,,,,,,,,,,,,,,
,,,,,,,,,,,,,,,,,,,,,,,,,,,,,,,,,,,,,
,,,,,,,,,,,,,,,,,,,,,,,,,,,,,,,,,,,,,
,,,,,,,,,,,,,,,,,,,,,,,,,,,,,,,,,,,,,
,,,,,,,,,,,,,,,,,,,,,,,,,,,,,,,,,,,,,
,,,,,,,,,,,,,,,,,,,,,,,,,,,,,,,,,,,,,
,,,,,,,,,,,,,,,,,,,,,,,,,,,,,,,,,,,,,
,,,,,,,,,,,,,,,,,,,,,,,,,,,,,,,,,,,,,
,,,,,,,,,,,,,,,,,,,,,,,,,,,,,,,,,,,,,
,,,,,,,,,,,,,,,,,,,,,,,,,,,,,,,,,,,,,
,,,,,,,,,,,,,,,,,,,,,,,,,,,,,,,,,,,,,
,,,,,,,,,,,,,,,,,,,,,,,,,,,,,,,,,,,,,
,,,,,,,,,,,,,,,,,,,,,,,,,,,,,,,,,,,,,
,,,,,,,,,,,,,,,,,,,,,,,,,,,,,,,,,,,,,
,,,,,,,,,,,,,,,,,,,,,,,,,,,,,,,,,,,,,
,,,,,,,,,,,,,,,,,,,,,,,,,,,,,,,,,,,,,
,,,,,,,,,,,,,,,,,,,,,,,,,,,,,,,,,,,,,
,,,,,,,,,,,,,,,,,,,,,,,,,,,,,,,,,,,,,
,,,,,,,,,,,,,,,,,,,,,,,,,,,,,,,,,,,,,
,,,,,,,,,,,,,,,,,,,,,,,,,,,,,,,,,,,,,
,,,,,,,,,,,,,,,,,,,,,,,,,,,,,,,,,,,,,
,,,,,,,,,,,,,,,,,,,,,,,,,,,,,,,,,,,,,
,,,,,,,,,,,,,,,,,,,,,,,,,,,,,,,,,,,,,
,,,,,,,,,,,,,,,,,,,,,,,,,,,,,,,,,,,,,
,,,,,,,,,,,,,,,,,,,,,,,,,,,,,,,,,,,,,
,,,,,,,,,,,,,,,,,,,,,,,,,,,,,,,,,,,,,
,,,,,,,,,,,,,,,,,,,,,,,,,,,,,,,,,,,,,
,,,,,,,,,,,,,,,,,,,,,,,,,,,,,,,,,,,,,
,,,,,,,,,,,,,,,,,,,,,,,,,,,,,,,,,,,,,
,,,,,,,,,,,,,,,,,,,,,,,,,,,,,,,,,,,,,
,,,,,,,,,,,,,,,,,,,,,,,,,,,,,,,,,,,,,
,,,,,,,,,,,,,,,,,,,,,,,,,,,,,,,,,,,,,
,,,,,,,,,,,,,,,,,,,,,,,,,,,,,,,,,,,,,
,,,,,,,,,,,,,,,,,,,,,,,,,,,,,,,,,,,,,
,,,,,,,,,,,,,,,,,,,,,,,,,,,,,,,,,,,,,
,,,,,,,,,,,,,,,,,,,,,,,,,,,,,,,,,,,,,
,,,,,,,,,,,,,,,,,,,,,,,,,,,,,,,,,,,,,
,,,,,,,,,,,,,,,,,,,,,,,,,,,,,,,,,,,,,
,,,,,,,,,,,,,,,,,,,,,,,,,,,,,,,,,,,,,
,,,,,,,,,,,,,,,,,,,,,,,,,,,,,,,,,,,,,
,,,,,,,,,,,,,,,,,,,,,,,,,,,,,,,,,,,,,
,,,,,,,,,,,,,,,,,,,,,,,,,,,,,,,,,,,,,
,,,,,,,,,,,,,,,,,,,,,,,,,,,,,,,,,,,,,
,,,,,,,,,,,,,,,,,,,,,,,,,,,,,,,,,,,,,
,,,,,,,,,,,,,,,,,,,,,,,,,,,,,,,,,,,,,
,,,,,,,,,,,,,,,,,,,,,,,,,,,,,,,,,,,,,
,,,,,,,,,,,,,,,,,,,,,,,,,,,,,,,,,,,,,
,,,,,,,,,,,,,,,,,,,,,,,,,,,,,,,,,,,,,
,,,,,,,,,,,,,,,,,,,,,,,,,,,,,,,,,,,,,
,,,,,,,,,,,,,,,,,,,,,,,,,,,,,,,,,,,,,
,,,,,,,,,,,,,,,,,,,,,,,,,,,,,,,,,,,,,
,,,,,,,,,,,,,,,,,,,,,,,,,,,,,,,,,,,,,
,,,,,,,,,,,,,,,,,,,,,,,,,,,,,,,,,,,,,
,,,,,,,,,,,,,,,,,,,,,,,,,,,,,,,,,,,,,
,,,,,,,,,,,,,,,,,,,,,,,,,,,,,,,,,,,,,
,,,,,,,,,,,,,,,,,,,,,,,,,,,,,,,,,,,,,
,,,,,,,,,,,,,,,,,,,,,,,,,,,,,,,,,,,,,
,,,,,,,,,,,,,,,,,,,,,,,,,,,,,,,,,,,,,
,,,,,,,,,,,,,,,,,,,,,,,,,,,,,,,,,,,,,
,,,,,,,,,,,,,,,,,,,,,,,,,,,,,,,,,,,,,
,,,,,,,,,,,,,,,,,,,,,,,,,,,,,,,,,,,,,
,,,,,,,,,,,,,,,,,,,,,,,,,,,,,,,,,,,,,
,,,,,,,,,,,,,,,,,,,,,,,,,,,,,,,,,,,,,
,,,,,,,,,,,,,,,,,,,,,,,,,,,,,,,,,,,,,
,,,,,,,,,,,,,,,,,,,,,,,,,,,,,,,,,,,,,
,,,,,,,,,,,,,,,,,,,,,,,,,,,,,,,,,,,,,
,,,,,,,,,,,,,,,,,,,,,,,,,,,,,,,,,,,,,
,,,,,,,,,,,,,,,,,,,,,,,,,,,,,,,,,,,,,
,,,,,,,,,,,,,,,,,,,,,,,,,,,,,,,,,,,,,
,,,,,,,,,,,,,,,,,,,,,,,,,,,,,,,,,,,,,
,,,,,,,,,,,,,,,,,,,,,,,,,,,,,,,,,,,,,
,,,,,,,,,,,,,,,,,,,,,,,,,,,,,,,,,,,,,
,,,,,,,,,,,,,,,,,,,,,,,,,,,,,,,,,,,,,
,,,,,,,,,,,,,,,,,,,,,,,,,,,,,,,,,,,,,
,,,,,,,,,,,,,,,,,,,,,,,,,,,,,,,,,,,,,
,,,,,,,,,,,,,,,,,,,,,,,,,,,,,,,,,,,,,
,,,,,,,,,,,,,,,,,,,,,,,,,,,,,,,,,,,,,
,,,,,,,,,,,,,,,,,,,,,,,,,,,,,,,,,,,,,
,,,,,,,,,,,,,,,,,,,,,,,,,,,,,,,,,,,,,
,,,,,,,,,,,,,,,,,,,,,,,,,,,,,,,,,,,,,
,,,,,,,,,,,,,,,,,,,,,,,,,,,,,,,,,,,,,
,,,,,,,,,,,,,,,,,,,,,,,,,,,,,,,,,,,,,
,,,,,,,,,,,,,,,,,,,,,,,,,,,,,,,,,,,,,
,,,,,,,,,,,,,,,,,,,,,,,,,,,,,,,,,,,,,
,,,,,,,,,,,,,,,,,,,,,,,,,,,,,,,,,,,,,
,,,,,,,,,,,,,,,,,,,,,,,,,,,,,,,,,,,,,
,,,,,,,,,,,,,,,,,,,,,,,,,,,,,,,,,,,,,
,,,,,,,,,,,,,,,,,,,,,,,,,,,,,,,,,,,,,
,,,,,,,,,,,,,,,,,,,,,,,,,,,,,,,,,,,,,
,,,,,,,,,,,,,,,,,,,,,,,,,,,,,,,,,,,,,
,,,,,,,,,,,,,,,,,,,,,,,,,,,,,,,,,,,,,
,,,,,,,,,,,,,,,,,,,,,,,,,,,,,,,,,,,,,
,,,,,,,,,,,,,,,,,,,,,,,,,,,,,,,,,,,,,
,,,,,,,,,,,,,,,,,,,,,,,,,,,,,,,,,,,,,
,,,,,,,,,,,,,,,,,,,,,,,,,,,,,,,,,,,,,
,,,,,,,,,,,,,,,,,,,,,,,,,,,,,,,,,,,,,
,,,,,,,,,,,,,,,,,,,,,,,,,,,,,,,,,,,,,
,,,,,,,,,,,,,,,,,,,,,,,,,,,,,,,,,,,,,
,,,,,,,,,,,,,,,,,,,,,,,,,,,,,,,,,,,,,
,,,,,,,,,,,,,,,,,,,,,,,,,,,,,,,,,,,,,
,,,,,,,,,,,,,,,,,,,,,,,,,,,,,,,,,,,,,
,,,,,,,,,,,,,,,,,,,,,,,,,,,,,,,,,,,,,
,,,,,,,,,,,,,,,,,,,,,,,,,,,,,,,,,,,,,
,,,,,,,,,,,,,,,,,,,,,,,,,,,,,,,,,,,,,
,,,,,,,,,,,,,,,,,,,,,,,,,,,,,,,,,,,,,
,,,,,,,,,,,,,,,,,,,,,,,,,,,,,,,,,,,,,
,,,,,,,,,,,,,,,,,,,,,,,,,,,,,,,,,,,,,
,,,,,,,,,,,,,,,,,,,,,,,,,,,,,,,,,,,,,
,,,,,,,,,,,,,,,,,,,,,,,,,,,,,,,,,,,,,
,,,,,,,,,,,,,,,,,,,,,,,,,,,,,,,,,,,,,
,,,,,,,,,,,,,,,,,,,,,,,,,,,,,,,,,,,,,
,,,,,,,,,,,,,,,,,,,,,,,,,,,,,,,,,,,,,
,,,,,,,,,,,,,,,,,,,,,,,,,,,,,,,,,,,,,
,,,,,,,,,,,,,,,,,,,,,,,,,,,,,,,,,,,,,
,,,,,,,,,,,,,,,,,,,,,,,,,,,,,,,,,,,,,
,,,,,,,,,,,,,,,,,,,,,,,,,,,,,,,,,,,,,
,,,,,,,,,,,,,,,,,,,,,,,,,,,,,,,,,,,,,
,,,,,,,,,,,,,,,,,,,,,,,,,,,,,,,,,,,,,
,,,,,,,,,,,,,,,,,,,,,,,,,,,,,,,,,,,,,
,,,,,,,,,,,,,,,,,,,,,,,,,,,,,,,,,,,,,
,,,,,,,,,,,,,,,,,,,,,,,,,,,,,,,,,,,,,
,,,,,,,,,,,,,,,,,,,,,,,,,,,,,,,,,,,,,
,,,,,,,,,,,,,,,,,,,,,,,,,,,,,,,,,,,,,
,,,,,,,,,,,,,,,,,,,,,,,,,,,,,,,,,,,,,
,,,,,,,,,,,,,,,,,,,,,,,,,,,,,,,,,,,,,
,,,,,,,,,,,,,,,,,,,,,,,,,,,,,,,,,,,,,
,,,,,,,,,,,,,,,,,,,,,,,,,,,,,,,,,,,,,
,,,,,,,,,,,,,,,,,,,,,,,,,,,,,,,,,,,,,
,,,,,,,,,,,,,,,,,,,,,,,,,,,,,,,,,,,,,
,,,,,,,,,,,,,,,,,,,,,,,,,,,,,,,,,,,,,
,,,,,,,,,,,,,,,,,,,,,,,,,,,,,,,,,,,,,
,,,,,,,,,,,,,,,,,,,,,,,,,,,,,,,,,,,,,
,,,,,,,,,,,,,,,,,,,,,,,,,,,,,,,,,,,,,
,,,,,,,,,,,,,,,,,,,,,,,,,,,,,,,,,,,,,
,,,,,,,,,,,,,,,,,,,,,,,,,,,,,,,,,,,,,
,,,,,,,,,,,,,,,,,,,,,,,,,,,,,,,,,,,,,
,,,,,,,,,,,,,,,,,,,,,,,,,,,,,,,,,,,,,
,,,,,,,,,,,,,,,,,,,,,,,,,,,,,,,,,,,,,
,,,,,,,,,,,,,,,,,,,,,,,,,,,,,,,,,,,,,
,,,,,,,,,,,,,,,,,,,,,,,,,,,,,,,,,,,,,
,,,,,,,,,,,,,,,,,,,,,,,,,,,,,,,,,,,,,
,,,,,,,,,,,,,,,,,,,,,,,,,,,,,,,,,,,,,
,,,,,,,,,,,,,,,,,,,,,,,,,,,,,,,,,,,,,
,,,,,,,,,,,,,,,,,,,,,,,,,,,,,,,,,,,,,
,,,,,,,,,,,,,,,,,,,,,,,,,,,,,,,,,,,,,
,,,,,,,,,,,,,,,,,,,,,,,,,,,,,,,,,,,,,
,,,,,,,,,,,,,,,,,,,,,,,,,,,,,,,,,,,,,
,,,,,,,,,,,,,,,,,,,,,,,,,,,,,,,,,,,,,
,,,,,,,,,,,,,,,,,,,,,,,,,,,,,,,,,,,,,
,,,,,,,,,,,,,,,,,,,,,,,,,,,,,,,,,,,,,
,,,,,,,,,,,,,,,,,,,,,,,,,,,,,,,,,,,,,
,,,,,,,,,,,,,,,,,,,,,,,,,,,,,,,,,,,,,
,,,,,,,,,,,,,,,,,,,,,,,,,,,,,,,,,,,,,
,,,,,,,,,,,,,,,,,,,,,,,,,,,,,,,,,,,,,
,,,,,,,,,,,,,,,,,,,,,,,,,,,,,,,,,,,,,
,,,,,,,,,,,,,,,,,,,,,,,,,,,,,,,,,,,,,
,,,,,,,,,,,,,,,,,,,,,,,,,,,,,,,,,,,,,
,,,,,,,,,,,,,,,,,,,,,,,,,,,,,,,,,,,,,
,,,,,,,,,,,,,,,,,,,,,,,,,,,,,,,,,,,,,
,,,,,,,,,,,,,,,,,,,,,,,,,,,,,,,,,,,,,
,,,,,,,,,,,,,,,,,,,,,,,,,,,,,,,,,,,,,
,,,,,,,,,,,,,,,,,,,,,,,,,,,,,,,,,,,,,
,,,,,,,,,,,,,,,,,,,,,,,,,,,,,,,,,,,,,
,,,,,,,,,,,,,,,,,,,,,,,,,,,,,,,,,,,,,
,,,,,,,,,,,,,,,,,,,,,,,,,,,,,,,,,,,,,
,,,,,,,,,,,,,,,,,,,,,,,,,,,,,,,,,,,,,
,,,,,,,,,,,,,,,,,,,,,,,,,,,,,,,,,,,,,
,,,,,,,,,,,,,,,,,,,,,,,,,,,,,,,,,,,,,
,,,,,,,,,,,,,,,,,,,,,,,,,,,,,,,,,,,,,
,,,,,,,,,,,,,,,,,,,,,,,,,,,,,,,,,,,,,
,,,,,,,,,,,,,,,,,,,,,,,,,,,,,,,,,,,,,
,,,,,,,,,,,,,,,,,,,,,,,,,,,,,,,,,,,,,
,,,,,,,,,,,,,,,,,,,,,,,,,,,,,,,,,,,,,
,,,,,,,,,,,,,,,,,,,,,,,,,,,,,,,,,,,,,
,,,,,,,,,,,,,,,,,,,,,,,,,,,,,,,,,,,,,
,,,,,,,,,,,,,,,,,,,,,,,,,,,,,,,,,,,,,
,,,,,,,,,,,,,,,,,,,,,,,,,,,,,,,,,,,,,
,,,,,,,,,,,,,,,,,,,,,,,,,,,,,,,,,,,,,
,,,,,,,,,,,,,,,,,,,,,,,,,,,,,,,,,,,,,
,,,,,,,,,,,,,,,,,,,,,,,,,,,,,,,,,,,,,
,,,,,,,,,,,,,,,,,,,,,,,,,,,,,,,,,,,,,
,,,,,,,,,,,,,,,,,,,,,,,,,,,,,,,,,,,,,
,,,,,,,,,,,,,,,,,,,,,,,,,,,,,,,,,,,,,
,,,,,,,,,,,,,,,,,,,,,,,,,,,,,,,,,,,,,
,,,,,,,,,,,,,,,,,,,,,,,,,,,,,,,,,,,,,
,,,,,,,,,,,,,,,,,,,,,,,,,,,,,,,,,,,,,
,,,,,,,,,,,,,,,,,,,,,,,,,,,,,,,,,,,,,
,,,,,,,,,,,,,,,,,,,,,,,,,,,,,,,,,,,,,
,,,,,,,,,,,,,,,,,,,,,,,,,,,,,,,,,,,,,
,,,,,,,,,,,,,,,,,,,,,,,,,,,,,,,,,,,,,
,,,,,,,,,,,,,,,,,,,,,,,,,,,,,,,,,,,,,
,,,,,,,,,,,,,,,,,,,,,,,,,,,,,,,,,,,,,
,,,,,,,,,,,,,,,,,,,,,,,,,,,,,,,,,,,,,
,,,,,,,,,,,,,,,,,,,,,,,,,,,,,,,,,,,,,
,,,,,,,,,,,,,,,,,,,,,,,,,,,,,,,,,,,,,
,,,,,,,,,,,,,,,,,,,,,,,,,,,,,,,,,,,,,
,,,,,,,,,,,,,,,,,,,,,,,,,,,,,,,,,,,,,
,,,,,,,,,,,,,,,,,,,,,,,,,,,,,,,,,,,,,
,,,,,,,,,,,,,,,,,,,,,,,,,,,,,,,,,,,,,
,,,,,,,,,,,,,,,,,,,,,,,,,,,,,,,,,,,,,
,,,,,,,,,,,,,,,,,,,,,,,,,,,,,,,,,,,,,
,,,,,,,,,,,,,,,,,,,,,,,,,,,,,,,,,,,,,
,,,,,,,,,,,,,,,,,,,,,,,,,,,,,,,,,,,,,
,,,,,,,,,,,,,,,,,,,,,,,,,,,,,,,,,,,,,
,,,,,,,,,,,,,,,,,,,,,,,,,,,,,,,,,,,,,
,,,,,,,,,,,,,,,,,,,,,,,,,,,,,,,,,,,,,
,,,,,,,,,,,,,,,,,,,,,,,,,,,,,,,,,,,,,
,,,,,,,,,,,,,,,,,,,,,,,,,,,,,,,,,,,,,
,,,,,,,,,,,,,,,,,,,,,,,,,,,,,,,,,,,,,
,,,,,,,,,,,,,,,,,,,,,,,,,,,,,,,,,,,,,
,,,,,,,,,,,,,,,,,,,,,,,,,,,,,,,,,,,,,
,,,,,,,,,,,,,,,,,,,,,,,,,,,,,,,,,,,,,
,,,,,,,,,,,,,,,,,,,,,,,,,,,,,,,,,,,,,
,,,,,,,,,,,,,,,,,,,,,,,,,,,,,,,,,,,,,
,,,,,,,,,,,,,,,,,,,,,,,,,,,,,,,,,,,,,
,,,,,,,,,,,,,,,,,,,,,,,,,,,,,,,,,,,,,
,,,,,,,,,,,,,,,,,,,,,,,,,,,,,,,,,,,,,
,,,,,,,,,,,,,,,,,,,,,,,,,,,,,,,,,,,,,
,,,,,,,,,,,,,,,,,,,,,,,,,,,,,,,,,,,,,
,,,,,,,,,,,,,,,,,,,,,,,,,,,,,,,,,,,,,
,,,,,,,,,,,,,,,,,,,,,,,,,,,,,,,,,,,,,
,,,,,,,,,,,,,,,,,,,,,,,,,,,,,,,,,,,,,
,,,,,,,,,,,,,,,,,,,,,,,,,,,,,,,,,,,,,
,,,,,,,,,,,,,,,,,,,,,,,,,,,,,,,,,,,,,
,,,,,,,,,,,,,,,,,,,,,,,,,,,,,,,,,,,,,
,,,,,,,,,,,,,,,,,,,,,,,,,,,,,,,,,,,,,
,,,,,,,,,,,,,,,,,,,,,,,,,,,,,,,,,,,,,
,,,,,,,,,,,,,,,,,,,,,,,,,,,,,,,,,,,,,
,,,,,,,,,,,,,,,,,,,,,,,,,,,,,,,,,,,,,
,,,,,,,,,,,,,,,,,,,,,,,,,,,,,,,,,,,,,
,,,,,,,,,,,,,,,,,,,,,,,,,,,,,,,,,,,,,
,,,,,,,,,,,,,,,,,,,,,,,,,,,,,,,,,,,,,
,,,,,,,,,,,,,,,,,,,,,,,,,,,,,,,,,,,,,
,,,,,,,,,,,,,,,,,,,,,,,,,,,,,,,,,,,,,
,,,,,,,,,,,,,,,,,,,,,,,,,,,,,,,,,,,,,
,,,,,,,,,,,,,,,,,,,,,,,,,,,,,,,,,,,,,
,,,,,,,,,,,,,,,,,,,,,,,,,,,,,,,,,,,,,
,,,,,,,,,,,,,,,,,,,,,,,,,,,,,,,,,,,,,
,,,,,,,,,,,,,,,,,,,,,,,,,,,,,,,,,,,,,
,,,,,,,,,,,,,,,,,,,,,,,,,,,,,,,,,,,,,
,,,,,,,,,,,,,,,,,,,,,,,,,,,,,,,,,,,,,
,,,,,,,,,,,,,,,,,,,,,,,,,,,,,,,,,,,,,
,,,,,,,,,,,,,,,,,,,,,,,,,,,,,,,,,,,,,
,,,,,,,,,,,,,,,,,,,,,,,,,,,,,,,,,,,,,
,,,,,,,,,,,,,,,,,,,,,,,,,,,,,,,,,,,,,
,,,,,,,,,,,,,,,,,,,,,,,,,,,,,,,,,,,,,
,,,,,,,,,,,,,,,,,,,,,,,,,,,,,,,,,,,,,
,,,,,,,,,,,,,,,,,,,,,,,,,,,,,,,,,,,,,
,,,,,,,,,,,,,,,,,,,,,,,,,,,,,,,,,,,,,
,,,,,,,,,,,,,,,,,,,,,,,,,,,,,,,,,,,,,
,,,,,,,,,,,,,,,,,,,,,,,,,,,,,,,,,,,,,
,,,,,,,,,,,,,,,,,,,,,,,,,,,,,,,,,,,,,
,,,,,,,,,,,,,,,,,,,,,,,,,,,,,,,,,,,,,
,,,,,,,,,,,,,,,,,,,,,,,,,,,,,,,,,,,,,
,,,,,,,,,,,,,,,,,,,,,,,,,,,,,,,,,,,,,
,,,,,,,,,,,,,,,,,,,,,,,,,,,,,,,,,,,,,
,,,,,,,,,,,,,,,,,,,,,,,,,,,,,,,,,,,,,
,,,,,,,,,,,,,,,,,,,,,,,,,,,,,,,,,,,,,
,,,,,,,,,,,,,,,,,,,,,,,,,,,,,,,,,,,,,
,,,,,,,,,,,,,,,,,,,,,,,,,,,,,,,,,,,,,
,,,,,,,,,,,,,,,,,,,,,,,,,,,,,,,,,,,,,
,,,,,,,,,,,,,,,,,,,,,,,,,,,,,,,,,,,,,
,,,,,,,,,,,,,,,,,,,,,,,,,,,,,,,,,,,,,
,,,,,,,,,,,,,,,,,,,,,,,,,,,,,,,,,,,,,
,,,,,,,,,,,,,,,,,,,,,,,,,,,,,,,,,,,,,
,,,,,,,,,,,,,,,,,,,,,,,,,,,,,,,,,,,,,
,,,,,,,,,,,,,,,,,,,,,,,,,,,,,,,,,,,,,
,,,,,,,,,,,,,,,,,,,,,,,,,,,,,,,,,,,,,
,,,,,,,,,,,,,,,,,,,,,,,,,,,,,,,,,,,,,
,,,,,,,,,,,,,,,,,,,,,,,,,,,,,,,,,,,,,
,,,,,,,,,,,,,,,,,,,,,,,,,,,,,,,,,,,,,
,,,,,,,,,,,,,,,,,,,,,,,,,,,,,,,,,,,,,
,,,,,,,,,,,,,,,,,,,,,,,,,,,,,,,,,,,,,
,,,,,,,,,,,,,,,,,,,,,,,,,,,,,,,,,,,,,
,,,,,,,,,,,,,,,,,,,,,,,,,,,,,,,,,,,,,
,,,,,,,,,,,,,,,,,,,,,,,,,,,,,,,,,,,,,
,,,,,,,,,,,,,,,,,,,,,,,,,,,,,,,,,,,,,
,,,,,,,,,,,,,,,,,,,,,,,,,,,,,,,,,,,,,
,,,,,,,,,,,,,,,,,,,,,,,,,,,,,,,,,,,,,
,,,,,,,,,,,,,,,,,,,,,,,,,,,,,,,,,,,,,
,,,,,,,,,,,,,,,,,,,,,,,,,,,,,,,,,,,,,
,,,,,,,,,,,,,,,,,,,,,,,,,,,,,,,,,,,,,
,,,,,,,,,,,,,,,,,,,,,,,,,,,,,,,,,,,,,
,,,,,,,,,,,,,,,,,,,,,,,,,,,,,,,,,,,,,
,,,,,,,,,,,,,,,,,,,,,,,,,,,,,,,,,,,,,
,,,,,,,,,,,,,,,,,,,,,,,,,,,,,,,,,,,,,
,,,,,,,,,,,,,,,,,,,,,,,,,,,,,,,,,,,,,
,,,,,,,,,,,,,,,,,,,,,,,,,,,,,,,,,,,,,
,,,,,,,,,,,,,,,,,,,,,,,,,,,,,,,,,,,,,
,,,,,,,,,,,,,,,,,,,,,,,,,,,,,,,,,,,,,
,,,,,,,,,,,,,,,,,,,,,,,,,,,,,,,,,,,,,
,,,,,,,,,,,,,,,,,,,,,,,,,,,,,,,,,,,,,
,,,,,,,,,,,,,,,,,,,,,,,,,,,,,,,,,,,,,
,,,,,,,,,,,,,,,,,,,,,,,,,,,,,,,,,,,,,
,,,,,,,,,,,,,,,,,,,,,,,,,,,,,,,,,,,,,
,,,,,,,,,,,,,,,,,,,,,,,,,,,,,,,,,,,,,
,,,,,,,,,,,,,,,,,,,,,,,,,,,,,,,,,,,,,
,,,,,,,,,,,,,,,,,,,,,,,,,,,,,,,,,,,,,
,,,,,,,,,,,,,,,,,,,,,,,,,,,,,,,,,,,,,
,,,,,,,,,,,,,,,,,,,,,,,,,,,,,,,,,,,,,
,,,,,,,,,,,,,,,,,,,,,,,,,,,,,,,,,,,,,
,,,,,,,,,,,,,,,,,,,,,,,,,,,,,,,,,,,,,
,,,,,,,,,,,,,,,,,,,,,,,,,,,,,,,,,,,,,
,,,,,,,,,,,,,,,,,,,,,,,,,,,,,,,,,,,,,
,,,,,,,,,,,,,,,,,,,,,,,,,,,,,,,,,,,,,
,,,,,,,,,,,,,,,,,,,,,,,,,,,,,,,,,,,,,
,,,,,,,,,,,,,,,,,,,,,,,,,,,,,,,,,,,,,
,,,,,,,,,,,,,,,,,,,,,,,,,,,,,,,,,,,,,
,,,,,,,,,,,,,,,,,,,,,,,,,,,,,,,,,,,,,
,,,,,,,,,,,,,,,,,,,,,,,,,,,,,,,,,,,,,
,,,,,,,,,,,,,,,,,,,,,,,,,,,,,,,,,,,,,
,,,,,,,,,,,,,,,,,,,,,,,,,,,,,,,,,,,,,
,,,,,,,,,,,,,,,,,,,,,,,,,,,,,,,,,,,,,
,,,,,,,,,,,,,,,,,,,,,,,,,,,,,,,,,,,,,
,,,,,,,,,,,,,,,,,,,,,,,,,,,,,,,,,,,,,
,,,,,,,,,,,,,,,,,,,,,,,,,,,,,,,,,,,,,
,,,,,,,,,,,,,,,,,,,,,,,,,,,,,,,,,,,,,
,,,,,,,,,,,,,,,,,,,,,,,,,,,,,,,,,,,,,
,,,,,,,,,,,,,,,,,,,,,,,,,,,,,,,,,,,,,
,,,,,,,,,,,,,,,,,,,,,,,,,,,,,,,,,,,,,
,,,,,,,,,,,,,,,,,,,,,,,,,,,,,,,,,,,,,
,,,,,,,,,,,,,,,,,,,,,,,,,,,,,,,,,,,,,
,,,,,,,,,,,,,,,,,,,,,,,,,,,,,,,,,,,,,
,,,,,,,,,,,,,,,,,,,,,,,,,,,,,,,,,,,,,
,,,,,,,,,,,,,,,,,,,,,,,,,,,,,,,,,,,,,
,,,,,,,,,,,,,,,,,,,,,,,,,,,,,,,,,,,,,
,,,,,,,,,,,,,,,,,,,,,,,,,,,,,,,,,,,,,
,,,,,,,,,,,,,,,,,,,,,,,,,,,,,,,,,,,,,
,,,,,,,,,,,,,,,,,,,,,,,,,,,,,,,,,,,,,
,,,,,,,,,,,,,,,,,,,,,,,,,,,,,,,,,,,,,
,,,,,,,,,,,,,,,,,,,,,,,,,,,,,,,,,,,,,
,,,,,,,,,,,,,,,,,,,,,,,,,,,,,,,,,,,,,
,,,,,,,,,,,,,,,,,,,,,,,,,,,,,,,,,,,,,
,,,,,,,,,,,,,,,,,,,,,,,,,,,,,,,,,,,,,
,,,,,,,,,,,,,,,,,,,,,,,,,,,,,,,,,,,,,
,,,,,,,,,,,,,,,,,,,,,,,,,,,,,,,,,,,,,
,,,,,,,,,,,,,,,,,,,,,,,,,,,,,,,,,,,,,
,,,,,,,,,,,,,,,,,,,,,,,,,,,,,,,,,,,,,
,,,,,,,,,,,,,,,,,,,,,,,,,,,,,,,,,,,,,
,,,,,,,,,,,,,,,,,,,,,,,,,,,,,,,,,,,,,
,,,,,,,,,,,,,,,,,,,,,,,,,,,,,,,,,,,,,
,,,,,,,,,,,,,,,,,,,,,,,,,,,,,,,,,,,,,
,,,,,,,,,,,,,,,,,,,,,,,,,,,,,,,,,,,,,
,,,,,,,,,,,,,,,,,,,,,,,,,,,,,,,,,,,,,
,,,,,,,,,,,,,,,,,,,,,,,,,,,,,,,,,,,,,
,,,,,,,,,,,,,,,,,,,,,,,,,,,,,,,,,,,,,
,,,,,,,,,,,,,,,,,,,,,,,,,,,,,,,,,,,,,
,,,,,,,,,,,,,,,,,,,,,,,,,,A19:BZ1745,,,,,,,,,,,