RT$1M STRATEGIC GOALS & PLANNING,,,,,,,,,
,,,,,,,,,
,,,,,,,,,
,,,,,,,,,
,,Account Size,GT,,,,,,
STARTING DATE,,PAY-OUT AMOUNT $ ,"$3,000",,,,,,
"October 2, 2024",,STARTING ACCOUNTS,3,,,,,,
,,,,,,,,,
,,Take as many TRADE you want but you can NEVER loose more than the daily risk limit ,,,,,,,
,,,,,,,,,
STEP 1,,STEP 2,,STEP 3,,STEP 4,,STEP 5,
RTM#1,Never loose more than the risk set per day,RTM#2,ONE RULE: Never loose more than the RT$1M preset daily risk,RTM#3,ONE RULE: Never loose more than the RT$1M preset daily risk,RTM#4,ONE RULE: Never loose more than the RT$1M preset daily risk,RTM#5,ONE RULE: Never loose more than the RT$1M preset daily risk
,First make 5% of the account ( No amount of day limit),,GOAL: Make 5% of the account ( No number of day Limit),,GOAL: Make 5% of the account ( No number of day Limit),,GOAL: Make 5% of the account ( No number of day Limit),,GOAL: Make 5% of the account ( No number of day Limit)
,No focus on Pay-out until the account reach 10%,,"OLD ACCOUNT: 5% Goal Reached, Request PayOut ",,"OLD ACCOUNT: 5% Goal Reached, Request PayOut ",,"OLD ACCOUNT: 5% Goal Reached, Request PayOut ",,"OLD ACCOUNT: 5% Goal Reached, Request PayOut "
,Choose weekly or calendar month from the start,,"NEW ACCOUNTS: 10% GOAL Reached, Request PayOut ",,"NEW ACCOUNTS: 10% GOAL Reached, Request PayOut ",,"NEW ACCOUNTS: 10% GOAL Reached, Request PayOut ",,"NEW ACCOUNTS: 10% GOAL Reached, Request PayOut "
,Weekly will take 20+ days with 10 Wins to reach 5%,,,,,,,,
,Calendar days will take 15+ days with 10 wins to reach 5%,5% of Old Accounts,,10% of New Account(s),,10% of New Account(s),,10% of New Account(s),
5%  of Starting Account(s),,10% of New Account(s),,5% of Old Accounts,,5% of Old Accounts,,5% of Old Accounts,
10% of Starting Account(s),,Pay-Out Qualification,,Pay-Out Qualification,,Pay-Out Qualification,,Pay-Out Qualification,
Maximum Pay- Out to Request,,Maximum Pay-Out Request,,Maximum Pay-Out Request,$0,Maximum Pay-Out Request,$0,Maximum Pay-Out Request,$0
Maximum New Account Allowed,3,Maximum New Account Allowed,,Maximum New Account Allowed,,Maximum New Account Allowed,,Maximum New Account Allowed,
Number of New Account Bought,,Number of New Account Bought,,Number of New Account Bought,,Number of New Account Bought,,Number of New Account Bought,
Total Traded Account,3,Total Traded Account,3,Total Traded Account,3,Total Traded Account,3,Total Traded Account,3
,,,,,,,,,
STEP 6,,STEP 7,,STEP 8,,STEP 9,,STEP 10,
RTM#6,ONE RULE: Never loose more than the RT$1M preset daily risk,RTM#7,ONE RULE: Never loose more than the RT$1M preset daily risk,RTM#8,ONE RULE: Never loose more than the RT$1M preset daily risk,RTM#9,ONE RULE: Never loose more than the RT$1M preset daily risk,RTM#10,ONE RULE: Never loose more than the RT$1M preset daily risk
,GOAL: Make 5% of the account ( No number of day Limit),,GOAL: Make 5% of the account ( No number of day Limit),,GOAL: Make 5% of the account ( No number of day Limit),,GOAL: Make 5% of the account ( No number of day Limit),,GOAL: Make 5% of the account ( No number of day Limit)
,"OLD ACCOUNT: 5% Goal Reached, Request PayOut ",,"OLD ACCOUNT: 5% Goal Reached, Request PayOut ",,"OLD ACCOUNT: 5% Goal Reached, Request PayOut ",,"OLD ACCOUNT: 5% Goal Reached, Request PayOut ",,"OLD ACCOUNT: 5% Goal Reached, Request PayOut "
,"NEW ACCOUNTS: 10% GOAL Reached, Request PayOut ",,"NEW ACCOUNTS: 10% GOAL Reached, Request PayOut ",,"NEW ACCOUNTS: 10% GOAL Reached, Request PayOut ",,"NEW ACCOUNTS: 10% GOAL Reached, Request PayOut ",,"NEW ACCOUNTS: 10% GOAL Reached, Request PayOut "
,,,,,,,,,
10% of New Account(s),,10% of New Account(s),,10% of New Account(s),,10% of New Account(s),,10% of New Account(s),
5% of Old Accounts,,5% of Old Accounts,,5% of Old Accounts,,5% of Old Accounts,,5% of Old Accounts,
Pay-Out Qualification,,Pay-Out Qualification,,Pay-Out Qualification,,Pay-Out Qualification,,Pay-Out Qualification,
Maximum Pay-Out Request,$0,Maximum Pay-Out Request,$0,Maximum Pay-Out Request,$0,Maximum Pay-Out Request,$0,Maximum Pay-Out Request,$0
Maximum New Account Allowed,,Maximum New Account Allowed,,Maximum New Account Allowed,,Maximum New Account Allowed,,Maximum New Account Allowed,
Number of New Account Bought,,Number of New Account Bought,,Number of New Account Bought,,Number of New Account Bought,,Number of New Account Bought,
Total Traded Account,3,Total Traded Account,3,Total Traded Account,3,Total Traded Account,3,Total Traded Account,3
,,,,,,,,,
STEP 7,,STEP 8,,STEP 9,,STEP 10,,STEP 11,
RTM#11,ONE RULE: Never loose more than the RT$1M preset daily risk,RTM#12,ONE RULE: Never loose more than the RT$1M preset daily risk,RTM#13,ONE RULE: Never loose more than the RT$1M preset daily risk,RTM#14,ONE RULE: Never loose more than the RT$1M preset daily risk,RTM#15,ONE RULE: Never loose more than the RT$1M preset daily risk
,GOAL: Make 5% of the account ( No number of day Limit),,GOAL: Make 5% of the account ( No number of day Limit),,GOAL: Make 5% of the account ( No number of day Limit),,GOAL: Make 5% of the account ( No number of day Limit),,GOAL: Make 5% of the account ( No number of day Limit)
,"OLD ACCOUNT: 5% Goal Reached, Request PayOut ",,"OLD ACCOUNT: 5% Goal Reached, Request PayOut ",,"OLD ACCOUNT: 5% Goal Reached, Request PayOut ",,"OLD ACCOUNT: 5% Goal Reached, Request PayOut ",,"OLD ACCOUNT: 5% Goal Reached, Request PayOut "
,"NEW ACCOUNTS: 10% GOAL Reached, Request PayOut ",,"NEW ACCOUNTS: 10% GOAL Reached, Request PayOut ",,"NEW ACCOUNTS: 10% GOAL Reached, Request PayOut ",,"NEW ACCOUNTS: 10% GOAL Reached, Request PayOut ",,"NEW ACCOUNTS: 10% GOAL Reached, Request PayOut "
,,,,,,,,,
10% of New Account(s),,10% of New Account(s),,10% of New Account(s),,10% of New Account(s),,10% of New Account(s),
5% of Old Accounts,,5% of Old Accounts,,5% of Old Accounts,,5% of Old Accounts,,5% of Old Accounts,
Pay-Out Qualification,,Pay-Out Qualification,,Pay-Out Qualification,,Pay-Out Qualification,,Pay-Out Qualification,
Maximum Pay-Out Request,$0,Maximum Pay-Out Request,$0,Maximum Pay-Out Request,$0,Maximum Pay-Out Request,$0,Maximum Pay-Out Request,$0
Maximum New Account Allowed,,Maximum New Account Allowed,,Maximum New Account Allowed,,Maximum New Account Allowed,,Maximum New Account Allowed,
Number of New Account Bought,,Number of New Account Bought,,Number of New Account Bought,,Number of New Account Bought,,Number of New Account Bought,
Total Traded Account,3,Total Traded Account,3,Total Traded Account,3,Total Traded Account,3,Total Traded Account,3
STEP 8,,STEP 9,,STEP 10,,STEP 11,,STEP 12,
RTM#16,ONE RULE: Never loose more than the RT$1M preset daily risk,RTM#17,ONE RULE: Never loose more than the RT$1M preset daily risk,RTM#18,ONE RULE: Never loose more than the RT$1M preset daily risk,RTM#19,ONE RULE: Never loose more than the RT$1M preset daily risk,RTM#20,ONE RULE: Never loose more than the RT$1M preset daily risk
,GOAL: Make 5% of the account ( No number of day Limit),,GOAL: Make 5% of the account ( No number of day Limit),,GOAL: Make 5% of the account ( No number of day Limit),,GOAL: Make 5% of the account ( No number of day Limit),,GOAL: Make 5% of the account ( No number of day Limit)
,"OLD ACCOUNT: 5% Goal Reached, Request PayOut ",,"OLD ACCOUNT: 5% Goal Reached, Request PayOut ",,"OLD ACCOUNT: 5% Goal Reached, Request PayOut ",,"OLD ACCOUNT: 5% Goal Reached, Request PayOut ",,"OLD ACCOUNT: 5% Goal Reached, Request PayOut "
,"NEW ACCOUNTS: 10% GOAL Reached, Request PayOut ",,"NEW ACCOUNTS: 10% GOAL Reached, Request PayOut ",,"NEW ACCOUNTS: 10% GOAL Reached, Request PayOut ",,"NEW ACCOUNTS: 10% GOAL Reached, Request PayOut ",,"NEW ACCOUNTS: 10% GOAL Reached, Request PayOut "
,,,,,,,,,
10% of New Account(s),,10% of New Account(s),,10% of New Account(s),,10% of New Account(s),,10% of New Account(s),
5% of Old Accounts,,5% of Old Accounts,,5% of Old Accounts,,5% of Old Accounts,,5% of Old Accounts,
Pay-Out Qualification,,Pay-Out Qualification,,Pay-Out Qualification,,Pay-Out Qualification,,Pay-Out Qualification,
Maximum Pay-Out Request,$0,Maximum Pay-Out Request,$0,Maximum Pay-Out Request,$0,Maximum Pay-Out Request,$0,Maximum Pay-Out Request,$0
Maximum New Account Allowed,,Maximum New Account Allowed,,Maximum New Account Allowed,,Maximum New Account Allowed,,Maximum New Account Allowed,
Number of New Account Bought,,Number of New Account Bought,,Number of New Account Bought,,Number of New Account Bought,,Number of New Account Bought,
Total Traded Account,3,Total Traded Account,3,Total Traded Account,3,Total Traded Account,3,Total Traded Account,3
STEP 9,,STEP 10,,STEP 11,,STEP 12,,STEP 13,
RTM#21,ONE RULE: Never loose more than the RT$1M preset daily risk,RTM#22,ONE RULE: Never loose more than the RT$1M preset daily risk,RTM#23,ONE RULE: Never loose more than the RT$1M preset daily risk,RTM#24,ONE RULE: Never loose more than the RT$1M preset daily risk,RTM#25,ONE RULE: Never loose more than the RT$1M preset daily risk
,GOAL: Make 5% of the account ( No number of day Limit),,GOAL: Make 5% of the account ( No number of day Limit),,GOAL: Make 5% of the account ( No number of day Limit),,GOAL: Make 5% of the account ( No number of day Limit),,GOAL: Make 5% of the account ( No number of day Limit)
,"OLD ACCOUNT: 5% Goal Reached, Request PayOut ",,"OLD ACCOUNT: 5% Goal Reached, Request PayOut ",,"OLD ACCOUNT: 5% Goal Reached, Request PayOut ",,"OLD ACCOUNT: 5% Goal Reached, Request PayOut ",,"OLD ACCOUNT: 5% Goal Reached, Request PayOut "
,"NEW ACCOUNTS: 10% GOAL Reached, Request PayOut ",,"NEW ACCOUNTS: 10% GOAL Reached, Request PayOut ",,"NEW ACCOUNTS: 10% GOAL Reached, Request PayOut ",,"NEW ACCOUNTS: 10% GOAL Reached, Request PayOut ",,"NEW ACCOUNTS: 10% GOAL Reached, Request PayOut "
,,,,,,,,,
10% of New Account(s),,10% of New Account(s),,10% of New Account(s),,10% of New Account(s),,10% of New Account(s),
5% of Old Accounts,,5% of Old Accounts,,5% of Old Accounts,,5% of Old Accounts,,5% of Old Accounts,
Pay-Out Qualification,,Pay-Out Qualification,,Pay-Out Qualification,,Pay-Out Qualification,,Pay-Out Qualification,
Maximum Pay-Out Request,$0,Maximum Pay-Out Request,$0,Maximum Pay-Out Request,$0,Maximum Pay-Out Request,$0,Maximum Pay-Out Request,$0
Maximum New Account Allowed,,Maximum New Account Allowed,,Maximum New Account Allowed,,Maximum New Account Allowed,,Maximum New Account Allowed,
Number of New Account Bought,,Number of New Account Bought,,Number of New Account Bought,,Number of New Account Bought,,Number of New Account Bought,
Total Traded Account,3,Total Traded Account,3,Total Traded Account,3,Total Traded Account,3,Total Traded Account,3
STEP 10,,STEP 11,,STEP 12,,STEP 13,,STEP 14,
RTM#26,ONE RULE: Never loose more than the RT$1M preset daily risk,RTM#27,ONE RULE: Never loose more than the RT$1M preset daily risk,RTM#28,ONE RULE: Never loose more than the RT$1M preset daily risk,RTM#29,ONE RULE: Never loose more than the RT$1M preset daily risk,RTM#30,ONE RULE: Never loose more than the RT$1M preset daily risk
,GOAL: Make 5% of the account ( No number of day Limit),,GOAL: Make 5% of the account ( No number of day Limit),,GOAL: Make 5% of the account ( No number of day Limit),,GOAL: Make 5% of the account ( No number of day Limit),,GOAL: Make 5% of the account ( No number of day Limit)
,"OLD ACCOUNT: 5% Goal Reached, Request PayOut ",,"OLD ACCOUNT: 5% Goal Reached, Request PayOut ",,"OLD ACCOUNT: 5% Goal Reached, Request PayOut ",,"OLD ACCOUNT: 5% Goal Reached, Request PayOut ",,"OLD ACCOUNT: 5% Goal Reached, Request PayOut "
,"NEW ACCOUNTS: 10% GOAL Reached, Request PayOut ",,"NEW ACCOUNTS: 10% GOAL Reached, Request PayOut ",,"NEW ACCOUNTS: 10% GOAL Reached, Request PayOut ",,"NEW ACCOUNTS: 10% GOAL Reached, Request PayOut ",,"NEW ACCOUNTS: 10% GOAL Reached, Request PayOut "
,,,,,,,,,
10% of New Account(s),,10% of New Account(s),,10% of New Account(s),,10% of New Account(s),,10% of New Account(s),
5% of Old Accounts,,5% of Old Accounts,,5% of Old Accounts,,5% of Old Accounts,,5% of Old Accounts,
Pay-Out Qualification,,Pay-Out Qualification,,Pay-Out Qualification,,Pay-Out Qualification,,Pay-Out Qualification,
Maximum Pay-Out Request,$0,Maximum Pay-Out Request,$0,Maximum Pay-Out Request,$0,Maximum Pay-Out Request,$0,Maximum Pay-Out Request,$0
Maximum New Account Allowed,,Maximum New Account Allowed,,Maximum New Account Allowed,,Maximum New Account Allowed,,Maximum New Account Allowed,
Number of New Account Bought,,Number of New Account Bought,,Number of New Account Bought,,Number of New Account Bought,,Number of New Account Bought,
Total Traded Account,3,Total Traded Account,3,Total Traded Account,3,Total Traded Account,3,Total Traded Account,3
STEP 11,,STEP 12,,STEP 13,,STEP 14,,STEP 15,
RTM#31,ONE RULE: Never loose more than the RT$1M preset daily risk,RTM#32,ONE RULE: Never loose more than the RT$1M preset daily risk,RTM#33,ONE RULE: Never loose more than the RT$1M preset daily risk,RTM#34,ONE RULE: Never loose more than the RT$1M preset daily risk,RTM#35,ONE RULE: Never loose more than the RT$1M preset daily risk
,GOAL: Make 5% of the account ( No number of day Limit),,GOAL: Make 5% of the account ( No number of day Limit),,GOAL: Make 5% of the account ( No number of day Limit),,GOAL: Make 5% of the account ( No number of day Limit),,GOAL: Make 5% of the account ( No number of day Limit)
,"OLD ACCOUNT: 5% Goal Reached, Request PayOut ",,"OLD ACCOUNT: 5% Goal Reached, Request PayOut ",,"OLD ACCOUNT: 5% Goal Reached, Request PayOut ",,"OLD ACCOUNT: 5% Goal Reached, Request PayOut ",,"OLD ACCOUNT: 5% Goal Reached, Request PayOut "
,"NEW ACCOUNTS: 10% GOAL Reached, Request PayOut ",,"NEW ACCOUNTS: 10% GOAL Reached, Request PayOut ",,"NEW ACCOUNTS: 10% GOAL Reached, Request PayOut ",,"NEW ACCOUNTS: 10% GOAL Reached, Request PayOut ",,"NEW ACCOUNTS: 10% GOAL Reached, Request PayOut "
,,,,,,,,,
10% of New Account(s),,10% of New Account(s),,10% of New Account(s),,10% of New Account(s),,10% of New Account(s),
5% of Old Accounts,,5% of Old Accounts,,5% of Old Accounts,,5% of Old Accounts,,5% of Old Accounts,
Pay-Out Qualification,,Pay-Out Qualification,,Pay-Out Qualification,,Pay-Out Qualification,,Pay-Out Qualification,
Maximum Pay-Out Request,$0,Maximum Pay-Out Request,$0,Maximum Pay-Out Request,$0,Maximum Pay-Out Request,$0,Maximum Pay-Out Request,$0
Maximum New Account Allowed,,Maximum New Account Allowed,,Maximum New Account Allowed,,Maximum New Account Allowed,,Maximum New Account Allowed,
Number of New Account Bought,,Number of New Account Bought,,Number of New Account Bought,,Number of New Account Bought,,Number of New Account Bought,
Total Traded Account,3,Total Traded Account,3,Total Traded Account,3,Total Traded Account,3,Total Traded Account,3
STEP 12,,STEP 13,,STEP 14,,STEP 15,,STEP 16,
RTM#36,ONE RULE: Never loose more than the RT$1M preset daily risk,RTM#37,ONE RULE: Never loose more than the RT$1M preset daily risk,RTM#38,ONE RULE: Never loose more than the RT$1M preset daily risk,RTM#39,ONE RULE: Never loose more than the RT$1M preset daily risk,RTM#40,ONE RULE: Never loose more than the RT$1M preset daily risk
,GOAL: Make 5% of the account ( No number of day Limit),,GOAL: Make 5% of the account ( No number of day Limit),,GOAL: Make 5% of the account ( No number of day Limit),,GOAL: Make 5% of the account ( No number of day Limit),,GOAL: Make 5% of the account ( No number of day Limit)
,"OLD ACCOUNT: 5% Goal Reached, Request PayOut ",,"OLD ACCOUNT: 5% Goal Reached, Request PayOut ",,"OLD ACCOUNT: 5% Goal Reached, Request PayOut ",,"OLD ACCOUNT: 5% Goal Reached, Request PayOut ",,"OLD ACCOUNT: 5% Goal Reached, Request PayOut "
,"NEW ACCOUNTS: 10% GOAL Reached, Request PayOut ",,"NEW ACCOUNTS: 10% GOAL Reached, Request PayOut ",,"NEW ACCOUNTS: 10% GOAL Reached, Request PayOut ",,"NEW ACCOUNTS: 10% GOAL Reached, Request PayOut ",,"NEW ACCOUNTS: 10% GOAL Reached, Request PayOut "
,,,,,,,,,
10% of New Account(s),,10% of New Account(s),,10% of New Account(s),,10% of New Account(s),,10% of New Account(s),
5% of Old Accounts,,5% of Old Accounts,,5% of Old Accounts,,5% of Old Accounts,,5% of Old Accounts,
Pay-Out Qualification,,Pay-Out Qualification,,Pay-Out Qualification,,Pay-Out Qualification,,Pay-Out Qualification,
Maximum Pay-Out Request,$0,Maximum Pay-Out Request,$0,Maximum Pay-Out Request,$0,Maximum Pay-Out Request,$0,Maximum Pay-Out Request,$0
Maximum New Account Allowed,,Maximum New Account Allowed,,Maximum New Account Allowed,,Maximum New Account Allowed,,Maximum New Account Allowed,
Number of New Account Bought,,Number of New Account Bought,,Number of New Account Bought,,Number of New Account Bought,,Number of New Account Bought,
Total Traded Account,3,Total Traded Account,3,Total Traded Account,3,Total Traded Account,3,Total Traded Account,3
STEP 13,,STEP 14,,STEP 15,,STEP 16,,STEP 17,
RTM#41,ONE RULE: Never loose more than the RT$1M preset daily risk,RTM#42,ONE RULE: Never loose more than the RT$1M preset daily risk,RTM#43,ONE RULE: Never loose more than the RT$1M preset daily risk,RTM#44,ONE RULE: Never loose more than the RT$1M preset daily risk,RTM#45,ONE RULE: Never loose more than the RT$1M preset daily risk
,GOAL: Make 5% of the account ( No number of day Limit),,GOAL: Make 5% of the account ( No number of day Limit),,GOAL: Make 5% of the account ( No number of day Limit),,GOAL: Make 5% of the account ( No number of day Limit),,GOAL: Make 5% of the account ( No number of day Limit)
,"OLD ACCOUNT: 5% Goal Reached, Request PayOut ",,"OLD ACCOUNT: 5% Goal Reached, Request PayOut ",,"OLD ACCOUNT: 5% Goal Reached, Request PayOut ",,"OLD ACCOUNT: 5% Goal Reached, Request PayOut ",,"OLD ACCOUNT: 5% Goal Reached, Request PayOut "
,"NEW ACCOUNTS: 10% GOAL Reached, Request PayOut ",,"NEW ACCOUNTS: 10% GOAL Reached, Request PayOut ",,"NEW ACCOUNTS: 10% GOAL Reached, Request PayOut ",,"NEW ACCOUNTS: 10% GOAL Reached, Request PayOut ",,"NEW ACCOUNTS: 10% GOAL Reached, Request PayOut "
,,,,,,,,,
10% of New Account(s),,10% of New Account(s),,10% of New Account(s),,10% of New Account(s),,10% of New Account(s),
5% of Old Accounts,,5% of Old Accounts,,5% of Old Accounts,,5% of Old Accounts,,5% of Old Accounts,
Pay-Out Qualification,,Pay-Out Qualification,,Pay-Out Qualification,,Pay-Out Qualification,,Pay-Out Qualification,
Maximum Pay-Out Request,$0,Maximum Pay-Out Request,$0,Maximum Pay-Out Request,$0,Maximum Pay-Out Request,$0,Maximum Pay-Out Request,$0
Maximum New Account Allowed,,Maximum New Account Allowed,,Maximum New Account Allowed,,Maximum New Account Allowed,,Maximum New Account Allowed,
Number of New Account Bought,,Number of New Account Bought,,Number of New Account Bought,,Number of New Account Bought,,Number of New Account Bought,
Total Traded Account,3,Total Traded Account,3,Total Traded Account,3,Total Traded Account,3,Total Traded Account,3
STEP 14,,STEP 15,,STEP 16,,STEP 17,,STEP 18,
RTM#46,ONE RULE: Never loose more than the RT$1M preset daily risk,RTM#47,ONE RULE: Never loose more than the RT$1M preset daily risk,RTM#48,ONE RULE: Never loose more than the RT$1M preset daily risk,RTM#49,ONE RULE: Never loose more than the RT$1M preset daily risk,RTM#50,ONE RULE: Never loose more than the RT$1M preset daily risk
,GOAL: Make 5% of the account ( No number of day Limit),,GOAL: Make 5% of the account ( No number of day Limit),,GOAL: Make 5% of the account ( No number of day Limit),,GOAL: Make 5% of the account ( No number of day Limit),,GOAL: Make 5% of the account ( No number of day Limit)
,"OLD ACCOUNT: 5% Goal Reached, Request PayOut ",,"OLD ACCOUNT: 5% Goal Reached, Request PayOut ",,"OLD ACCOUNT: 5% Goal Reached, Request PayOut ",,"OLD ACCOUNT: 5% Goal Reached, Request PayOut ",,"OLD ACCOUNT: 5% Goal Reached, Request PayOut "
,"NEW ACCOUNTS: 10% GOAL Reached, Request PayOut ",,"NEW ACCOUNTS: 10% GOAL Reached, Request PayOut ",,"NEW ACCOUNTS: 10% GOAL Reached, Request PayOut ",,"NEW ACCOUNTS: 10% GOAL Reached, Request PayOut ",,"NEW ACCOUNTS: 10% GOAL Reached, Request PayOut "
,,,,,,,,,
10% of New Account(s),,10% of New Account(s),,10% of New Account(s),,10% of New Account(s),,10% of New Account(s),
5% of Old Accounts,,5% of Old Accounts,,5% of Old Accounts,,5% of Old Accounts,,5% of Old Accounts,
Pay-Out Qualification,,Pay-Out Qualification,,Pay-Out Qualification,,Pay-Out Qualification,,Pay-Out Qualification,
Maximum Pay-Out Request,$0,Maximum Pay-Out Request,$0,Maximum Pay-Out Request,$0,Maximum Pay-Out Request,$0,Maximum Pay-Out Request,$0
Maximum New Account Allowed,,Maximum New Account Allowed,,Maximum New Account Allowed,,Maximum New Account Allowed,,Maximum New Account Allowed,
Number of New Account Bought,,Number of New Account Bought,,Number of New Account Bought,,Number of New Account Bought,,Number of New Account Bought,
Total Traded Account,3,Total Traded Account,3,Total Traded Account,3,Total Traded Account,3,Total Traded Account,3
STEP 15,,STEP 16,,STEP 17,,STEP 18,,STEP 19,
RTM#51,ONE RULE: Never loose more than the RT$1M preset daily risk,RTM#52,ONE RULE: Never loose more than the RT$1M preset daily risk,RTM#53,ONE RULE: Never loose more than the RT$1M preset daily risk,RTM#54,ONE RULE: Never loose more than the RT$1M preset daily risk,RTM#55,ONE RULE: Never loose more than the RT$1M preset daily risk
,GOAL: Make 5% of the account ( No number of day Limit),,GOAL: Make 5% of the account ( No number of day Limit),,GOAL: Make 5% of the account ( No number of day Limit),,GOAL: Make 5% of the account ( No number of day Limit),,GOAL: Make 5% of the account ( No number of day Limit)
,"OLD ACCOUNT: 5% Goal Reached, Request PayOut ",,"OLD ACCOUNT: 5% Goal Reached, Request PayOut ",,"OLD ACCOUNT: 5% Goal Reached, Request PayOut ",,"OLD ACCOUNT: 5% Goal Reached, Request PayOut ",,"OLD ACCOUNT: 5% Goal Reached, Request PayOut "
,"NEW ACCOUNTS: 10% GOAL Reached, Request PayOut ",,"NEW ACCOUNTS: 10% GOAL Reached, Request PayOut ",,"NEW ACCOUNTS: 10% GOAL Reached, Request PayOut ",,"NEW ACCOUNTS: 10% GOAL Reached, Request PayOut ",,"NEW ACCOUNTS: 10% GOAL Reached, Request PayOut "
,,,,,,,,,
10% of New Account(s),,10% of New Account(s),,10% of New Account(s),,10% of New Account(s),,10% of New Account(s),
5% of Old Accounts,,5% of Old Accounts,,5% of Old Accounts,,5% of Old Accounts,,5% of Old Accounts,
Pay-Out Qualification,,Pay-Out Qualification,,Pay-Out Qualification,,Pay-Out Qualification,,Pay-Out Qualification,
Maximum Pay-Out Request,$0,Maximum Pay-Out Request,$0,Maximum Pay-Out Request,$0,Maximum Pay-Out Request,$0,Maximum Pay-Out Request,$0
Maximum New Account Allowed,,Maximum New Account Allowed,,Maximum New Account Allowed,,Maximum New Account Allowed,,Maximum New Account Allowed,
Number of New Account Bought,,Number of New Account Bought,,Number of New Account Bought,,Number of New Account Bought,,Number of New Account Bought,
Total Traded Account,3,Total Traded Account,3,Total Traded Account,3,Total Traded Account,3,Total Traded Account,3
STEP 16,,STEP 17,,STEP 18,,STEP 19,,STEP 20,
RTM#56,ONE RULE: Never loose more than the RT$1M preset daily risk,RTM#57,ONE RULE: Never loose more than the RT$1M preset daily risk,RTM#58,ONE RULE: Never loose more than the RT$1M preset daily risk,RTM#59,ONE RULE: Never loose more than the RT$1M preset daily risk,RTM#60,ONE RULE: Never loose more than the RT$1M preset daily risk
,GOAL: Make 5% of the account ( No number of day Limit),,GOAL: Make 5% of the account ( No number of day Limit),,GOAL: Make 5% of the account ( No number of day Limit),,GOAL: Make 5% of the account ( No number of day Limit),,GOAL: Make 5% of the account ( No number of day Limit)
,"OLD ACCOUNT: 5% Goal Reached, Request PayOut ",,"OLD ACCOUNT: 5% Goal Reached, Request PayOut ",,"OLD ACCOUNT: 5% Goal Reached, Request PayOut ",,"OLD ACCOUNT: 5% Goal Reached, Request PayOut ",,"OLD ACCOUNT: 5% Goal Reached, Request PayOut "
,"NEW ACCOUNTS: 10% GOAL Reached, Request PayOut ",,"NEW ACCOUNTS: 10% GOAL Reached, Request PayOut ",,"NEW ACCOUNTS: 10% GOAL Reached, Request PayOut ",,"NEW ACCOUNTS: 10% GOAL Reached, Request PayOut ",,"NEW ACCOUNTS: 10% GOAL Reached, Request PayOut "
,,,,,,,,,
10% of New Account(s),,10% of New Account(s),,10% of New Account(s),,10% of New Account(s),,10% of New Account(s),
5% of Old Accounts,,5% of Old Accounts,,5% of Old Accounts,,5% of Old Accounts,,5% of Old Accounts,
Pay-Out Qualification,,Pay-Out Qualification,,Pay-Out Qualification,,Pay-Out Qualification,,Pay-Out Qualification,
Maximum Pay-Out Request,$0,Maximum Pay-Out Request,$0,Maximum Pay-Out Request,$0,Maximum Pay-Out Request,$0,Maximum Pay-Out Request,$0
Maximum New Account Allowed,,Maximum New Account Allowed,,Maximum New Account Allowed,,Maximum New Account Allowed,,Maximum New Account Allowed,
Number of New Account Bought,,Number of New Account Bought,,Number of New Account Bought,,Number of New Account Bought,,Number of New Account Bought,
Total Traded Account,3,Total Traded Account,3,Total Traded Account,3,Total Traded Account,3,Total Traded Account,3
STEP 17,,STEP 18,,STEP 19,,STEP 20,,STEP 21,
RTM#61,ONE RULE: Never loose more than the RT$1M preset daily risk,RTM#62,ONE RULE: Never loose more than the RT$1M preset daily risk,RTM#63,ONE RULE: Never loose more than the RT$1M preset daily risk,RTM#64,ONE RULE: Never loose more than the RT$1M preset daily risk,RTM#65,ONE RULE: Never loose more than the RT$1M preset daily risk
,GOAL: Make 5% of the account ( No number of day Limit),,GOAL: Make 5% of the account ( No number of day Limit),,GOAL: Make 5% of the account ( No number of day Limit),,GOAL: Make 5% of the account ( No number of day Limit),,GOAL: Make 5% of the account ( No number of day Limit)
,"OLD ACCOUNT: 5% Goal Reached, Request PayOut ",,"OLD ACCOUNT: 5% Goal Reached, Request PayOut ",,"OLD ACCOUNT: 5% Goal Reached, Request PayOut ",,"OLD ACCOUNT: 5% Goal Reached, Request PayOut ",,"OLD ACCOUNT: 5% Goal Reached, Request PayOut "
,"NEW ACCOUNTS: 10% GOAL Reached, Request PayOut ",,"NEW ACCOUNTS: 10% GOAL Reached, Request PayOut ",,"NEW ACCOUNTS: 10% GOAL Reached, Request PayOut ",,"NEW ACCOUNTS: 10% GOAL Reached, Request PayOut ",,"NEW ACCOUNTS: 10% GOAL Reached, Request PayOut "
,,,,,,,,,
10% of New Account(s),,10% of New Account(s),,10% of New Account(s),,10% of New Account(s),,10% of New Account(s),
5% of Old Accounts,,5% of Old Accounts,,5% of Old Accounts,,5% of Old Accounts,,5% of Old Accounts,
Pay-Out Qualification,,Pay-Out Qualification,,Pay-Out Qualification,,Pay-Out Qualification,,Pay-Out Qualification,
Maximum Pay-Out Request,$0,Maximum Pay-Out Request,$0,Maximum Pay-Out Request,$0,Maximum Pay-Out Request,$0,Maximum Pay-Out Request,$0
Maximum New Account Allowed,,Maximum New Account Allowed,,Maximum New Account Allowed,,Maximum New Account Allowed,,Maximum New Account Allowed,
Number of New Account Bought,,Number of New Account Bought,,Number of New Account Bought,,Number of New Account Bought,,Number of New Account Bought,
Total Traded Account,3,Total Traded Account,3,Total Traded Account,3,Total Traded Account,3,Total Traded Account,3
STEP 18,,STEP 19,,STEP 20,,STEP 21,,STEP 22,
RTM#66,ONE RULE: Never loose more than the RT$1M preset daily risk,RTM#67,ONE RULE: Never loose more than the RT$1M preset daily risk,RTM#68,ONE RULE: Never loose more than the RT$1M preset daily risk,RTM#69,ONE RULE: Never loose more than the RT$1M preset daily risk,RTM#70,ONE RULE: Never loose more than the RT$1M preset daily risk
,GOAL: Make 5% of the account ( No number of day Limit),,GOAL: Make 5% of the account ( No number of day Limit),,GOAL: Make 5% of the account ( No number of day Limit),,GOAL: Make 5% of the account ( No number of day Limit),,GOAL: Make 5% of the account ( No number of day Limit)
,"OLD ACCOUNT: 5% Goal Reached, Request PayOut ",,"OLD ACCOUNT: 5% Goal Reached, Request PayOut ",,"OLD ACCOUNT: 5% Goal Reached, Request PayOut ",,"OLD ACCOUNT: 5% Goal Reached, Request PayOut ",,"OLD ACCOUNT: 5% Goal Reached, Request PayOut "
,"NEW ACCOUNTS: 10% GOAL Reached, Request PayOut ",,"NEW ACCOUNTS: 10% GOAL Reached, Request PayOut ",,"NEW ACCOUNTS: 10% GOAL Reached, Request PayOut ",,"NEW ACCOUNTS: 10% GOAL Reached, Request PayOut ",,"NEW ACCOUNTS: 10% GOAL Reached, Request PayOut "
,,,,,,,,,
10% of New Account(s),,10% of New Account(s),,10% of New Account(s),,10% of New Account(s),,10% of New Account(s),
5% of Old Accounts,,5% of Old Accounts,,5% of Old Accounts,,5% of Old Accounts,,5% of Old Accounts,
Pay-Out Qualification,,Pay-Out Qualification,,Pay-Out Qualification,,Pay-Out Qualification,,Pay-Out Qualification,
Maximum Pay-Out Request,$0,Maximum Pay-Out Request,$0,Maximum Pay-Out Request,$0,Maximum Pay-Out Request,$0,Maximum Pay-Out Request,$0
Maximum New Account Allowed,,Maximum New Account Allowed,,Maximum New Account Allowed,,Maximum New Account Allowed,,Maximum New Account Allowed,
Number of New Account Bought,,Number of New Account Bought,,Number of New Account Bought,,Number of New Account Bought,,Number of New Account Bought,
Total Traded Account,3,Total Traded Account,3,Total Traded Account,3,Total Traded Account,3,Total Traded Account,3
STEP 19,,STEP 20,,STEP 21,,STEP 22,,STEP 23,
RTM#71,ONE RULE: Never loose more than the RT$1M preset daily risk,RTM#72,ONE RULE: Never loose more than the RT$1M preset daily risk,RTM#73,ONE RULE: Never loose more than the RT$1M preset daily risk,RTM#74,ONE RULE: Never loose more than the RT$1M preset daily risk,RTM#75,ONE RULE: Never loose more than the RT$1M preset daily risk
,GOAL: Make 5% of the account ( No number of day Limit),,GOAL: Make 5% of the account ( No number of day Limit),,GOAL: Make 5% of the account ( No number of day Limit),,GOAL: Make 5% of the account ( No number of day Limit),,GOAL: Make 5% of the account ( No number of day Limit)
,"OLD ACCOUNT: 5% Goal Reached, Request PayOut ",,"OLD ACCOUNT: 5% Goal Reached, Request PayOut ",,"OLD ACCOUNT: 5% Goal Reached, Request PayOut ",,"OLD ACCOUNT: 5% Goal Reached, Request PayOut ",,"OLD ACCOUNT: 5% Goal Reached, Request PayOut "
,"NEW ACCOUNTS: 10% GOAL Reached, Request PayOut ",,"NEW ACCOUNTS: 10% GOAL Reached, Request PayOut ",,"NEW ACCOUNTS: 10% GOAL Reached, Request PayOut ",,"NEW ACCOUNTS: 10% GOAL Reached, Request PayOut ",,"NEW ACCOUNTS: 10% GOAL Reached, Request PayOut "
,,,,,,,,,
10% of New Account(s),,10% of New Account(s),,10% of New Account(s),,10% of New Account(s),,10% of New Account(s),
5% of Old Accounts,,5% of Old Accounts,,5% of Old Accounts,,5% of Old Accounts,,5% of Old Accounts,
Pay-Out Qualification,,Pay-Out Qualification,,Pay-Out Qualification,,Pay-Out Qualification,,Pay-Out Qualification,
Maximum Pay-Out Request,$0,Maximum Pay-Out Request,$0,Maximum Pay-Out Request,$0,Maximum Pay-Out Request,$0,Maximum Pay-Out Request,$0
Maximum New Account Allowed,,Maximum New Account Allowed,,Maximum New Account Allowed,,Maximum New Account Allowed,,Maximum New Account Allowed,
Number of New Account Bought,,Number of New Account Bought,,Number of New Account Bought,,Number of New Account Bought,,Number of New Account Bought,
Total Traded Account,3,Total Traded Account,3,Total Traded Account,3,Total Traded Account,3,Total Traded Account,3
STEP 20,,STEP 21,,STEP 22,,STEP 23,,STEP 24,
RTM#76,ONE RULE: Never loose more than the RT$1M preset daily risk,RTM#77,ONE RULE: Never loose more than the RT$1M preset daily risk,RTM#78,ONE RULE: Never loose more than the RT$1M preset daily risk,RTM#79,ONE RULE: Never loose more than the RT$1M preset daily risk,RTM#80,ONE RULE: Never loose more than the RT$1M preset daily risk
,GOAL: Make 5% of the account ( No number of day Limit),,GOAL: Make 5% of the account ( No number of day Limit),,GOAL: Make 5% of the account ( No number of day Limit),,GOAL: Make 5% of the account ( No number of day Limit),,GOAL: Make 5% of the account ( No number of day Limit)
,"OLD ACCOUNT: 5% Goal Reached, Request PayOut ",,"OLD ACCOUNT: 5% Goal Reached, Request PayOut ",,"OLD ACCOUNT: 5% Goal Reached, Request PayOut ",,"OLD ACCOUNT: 5% Goal Reached, Request PayOut ",,"OLD ACCOUNT: 5% Goal Reached, Request PayOut "
,"NEW ACCOUNTS: 10% GOAL Reached, Request PayOut ",,"NEW ACCOUNTS: 10% GOAL Reached, Request PayOut ",,"NEW ACCOUNTS: 10% GOAL Reached, Request PayOut ",,"NEW ACCOUNTS: 10% GOAL Reached, Request PayOut ",,"NEW ACCOUNTS: 10% GOAL Reached, Request PayOut "
,,,,,,,,,
10% of New Account(s),,10% of New Account(s),,10% of New Account(s),,10% of New Account(s),,10% of New Account(s),
5% of Old Accounts,,5% of Old Accounts,,5% of Old Accounts,,5% of Old Accounts,,5% of Old Accounts,
Pay-Out Qualification,,Pay-Out Qualification,,Pay-Out Qualification,,Pay-Out Qualification,,Pay-Out Qualification,
Maximum Pay-Out Request,$0,Maximum Pay-Out Request,$0,Maximum Pay-Out Request,$0,Maximum Pay-Out Request,$0,Maximum Pay-Out Request,$0
Maximum New Account Allowed,,Maximum New Account Allowed,,Maximum New Account Allowed,,Maximum New Account Allowed,,Maximum New Account Allowed,
Number of New Account Bought,,Number of New Account Bought,,Number of New Account Bought,,Number of New Account Bought,,Number of New Account Bought,
Total Traded Account,3,Total Traded Account,3,Total Traded Account,3,Total Traded Account,3,Total Traded Account,3
STEP 21,,STEP 22,,STEP 23,,STEP 24,,STEP 25,
RTM#81,ONE RULE: Never loose more than the RT$1M preset daily risk,RTM#82,ONE RULE: Never loose more than the RT$1M preset daily risk,RTM#83,ONE RULE: Never loose more than the RT$1M preset daily risk,RTM#84,ONE RULE: Never loose more than the RT$1M preset daily risk,RTM#85,ONE RULE: Never loose more than the RT$1M preset daily risk
,GOAL: Make 5% of the account ( No number of day Limit),,GOAL: Make 5% of the account ( No number of day Limit),,GOAL: Make 5% of the account ( No number of day Limit),,GOAL: Make 5% of the account ( No number of day Limit),,GOAL: Make 5% of the account ( No number of day Limit)
,"OLD ACCOUNT: 5% Goal Reached, Request PayOut ",,"OLD ACCOUNT: 5% Goal Reached, Request PayOut ",,"OLD ACCOUNT: 5% Goal Reached, Request PayOut ",,"OLD ACCOUNT: 5% Goal Reached, Request PayOut ",,"OLD ACCOUNT: 5% Goal Reached, Request PayOut "
,"NEW ACCOUNTS: 10% GOAL Reached, Request PayOut ",,"NEW ACCOUNTS: 10% GOAL Reached, Request PayOut ",,"NEW ACCOUNTS: 10% GOAL Reached, Request PayOut ",,"NEW ACCOUNTS: 10% GOAL Reached, Request PayOut ",,"NEW ACCOUNTS: 10% GOAL Reached, Request PayOut "
,,,,,,,,,
10% of New Account(s),,10% of New Account(s),,10% of New Account(s),,10% of New Account(s),,10% of New Account(s),
5% of Old Accounts,,5% of Old Accounts,,5% of Old Accounts,,5% of Old Accounts,,5% of Old Accounts,
Pay-Out Qualification,,Pay-Out Qualification,,Pay-Out Qualification,,Pay-Out Qualification,,Pay-Out Qualification,
Maximum Pay-Out Request,$0,Maximum Pay-Out Request,$0,Maximum Pay-Out Request,$0,Maximum Pay-Out Request,$0,Maximum Pay-Out Request,$0
Maximum New Account Allowed,,Maximum New Account Allowed,,Maximum New Account Allowed,,Maximum New Account Allowed,,Maximum New Account Allowed,
Number of New Account Bought,,Number of New Account Bought,,Number of New Account Bought,,Number of New Account Bought,,Number of New Account Bought,
Total Traded Account,3,Total Traded Account,3,Total Traded Account,3,Total Traded Account,3,Total Traded Account,3
STEP 22,,STEP 23,,STEP 24,,STEP 25,,STEP 26,
RTM#86,ONE RULE: Never loose more than the RT$1M preset daily risk,RTM#87,ONE RULE: Never loose more than the RT$1M preset daily risk,RTM#88,ONE RULE: Never loose more than the RT$1M preset daily risk,RTM#89,ONE RULE: Never loose more than the RT$1M preset daily risk,RTM#90,ONE RULE: Never loose more than the RT$1M preset daily risk
,GOAL: Make 5% of the account ( No number of day Limit),,GOAL: Make 5% of the account ( No number of day Limit),,GOAL: Make 5% of the account ( No number of day Limit),,GOAL: Make 5% of the account ( No number of day Limit),,GOAL: Make 5% of the account ( No number of day Limit)
,"OLD ACCOUNT: 5% Goal Reached, Request PayOut ",,"OLD ACCOUNT: 5% Goal Reached, Request PayOut ",,"OLD ACCOUNT: 5% Goal Reached, Request PayOut ",,"OLD ACCOUNT: 5% Goal Reached, Request PayOut ",,"OLD ACCOUNT: 5% Goal Reached, Request PayOut "
,"NEW ACCOUNTS: 10% GOAL Reached, Request PayOut ",,"NEW ACCOUNTS: 10% GOAL Reached, Request PayOut ",,"NEW ACCOUNTS: 10% GOAL Reached, Request PayOut ",,"NEW ACCOUNTS: 10% GOAL Reached, Request PayOut ",,"NEW ACCOUNTS: 10% GOAL Reached, Request PayOut "
,,,,,,,,,
10% of New Account(s),,10% of New Account(s),,10% of New Account(s),,10% of New Account(s),,10% of New Account(s),
5% of Old Accounts,,5% of Old Accounts,,5% of Old Accounts,,5% of Old Accounts,,5% of Old Accounts,
Pay-Out Qualification,,Pay-Out Qualification,,Pay-Out Qualification,,Pay-Out Qualification,,Pay-Out Qualification,
Maximum Pay-Out Request,$0,Maximum Pay-Out Request,$0,Maximum Pay-Out Request,$0,Maximum Pay-Out Request,$0,Maximum Pay-Out Request,$0
Maximum New Account Allowed,,Maximum New Account Allowed,,Maximum New Account Allowed,,Maximum New Account Allowed,,Maximum New Account Allowed,
Number of New Account Bought,,Number of New Account Bought,,Number of New Account Bought,,Number of New Account Bought,,Number of New Account Bought,
Total Traded Account,3,Total Traded Account,3,Total Traded Account,3,Total Traded Account,3,Total Traded Account,3
STEP 23,,STEP 24,,STEP 25,,STEP 26,,STEP 27,
RTM#91,ONE RULE: Never loose more than the RT$1M preset daily risk,RTM#92,ONE RULE: Never loose more than the RT$1M preset daily risk,RTM#93,ONE RULE: Never loose more than the RT$1M preset daily risk,RTM#94,ONE RULE: Never loose more than the RT$1M preset daily risk,RTM#95,ONE RULE: Never loose more than the RT$1M preset daily risk
,GOAL: Make 5% of the account ( No number of day Limit),,GOAL: Make 5% of the account ( No number of day Limit),,GOAL: Make 5% of the account ( No number of day Limit),,GOAL: Make 5% of the account ( No number of day Limit),,GOAL: Make 5% of the account ( No number of day Limit)
,"OLD ACCOUNT: 5% Goal Reached, Request PayOut ",,"OLD ACCOUNT: 5% Goal Reached, Request PayOut ",,"OLD ACCOUNT: 5% Goal Reached, Request PayOut ",,"OLD ACCOUNT: 5% Goal Reached, Request PayOut ",,"OLD ACCOUNT: 5% Goal Reached, Request PayOut "
,"NEW ACCOUNTS: 10% GOAL Reached, Request PayOut ",,"NEW ACCOUNTS: 10% GOAL Reached, Request PayOut ",,"NEW ACCOUNTS: 10% GOAL Reached, Request PayOut ",,"NEW ACCOUNTS: 10% GOAL Reached, Request PayOut ",,"NEW ACCOUNTS: 10% GOAL Reached, Request PayOut "
,,,,,,,,,
10% of New Account(s),,10% of New Account(s),,10% of New Account(s),,10% of New Account(s),,10% of New Account(s),
5% of Old Accounts,,5% of Old Accounts,,5% of Old Accounts,,5% of Old Accounts,,5% of Old Accounts,
Pay-Out Qualification,,Pay-Out Qualification,,Pay-Out Qualification,,Pay-Out Qualification,,Pay-Out Qualification,
Maximum Pay-Out Request,$0,Maximum Pay-Out Request,$0,Maximum Pay-Out Request,$0,Maximum Pay-Out Request,$0,Maximum Pay-Out Request,$0
Maximum New Account Allowed,,Maximum New Account Allowed,,Maximum New Account Allowed,,Maximum New Account Allowed,,Maximum New Account Allowed,
Number of New Account Bought,,Number of New Account Bought,,Number of New Account Bought,,Number of New Account Bought,,Number of New Account Bought,
Total Traded Account,3,Total Traded Account,3,Total Traded Account,3,Total Traded Account,3,Total Traded Account,3
STEP 24,,STEP 25,,STEP 26,,STEP 27,,STEP 28,
RTM#96,ONE RULE: Never loose more than the RT$1M preset daily risk,RTM#97,ONE RULE: Never loose more than the RT$1M preset daily risk,RTM#98,ONE RULE: Never loose more than the RT$1M preset daily risk,RTM#99,ONE RULE: Never loose more than the RT$1M preset daily risk,RTM#100,ONE RULE: Never loose more than the RT$1M preset daily risk
,GOAL: Make 5% of the account ( No number of day Limit),,GOAL: Make 5% of the account ( No number of day Limit),,GOAL: Make 5% of the account ( No number of day Limit),,GOAL: Make 5% of the account ( No number of day Limit),,GOAL: Make 5% of the account ( No number of day Limit)
,"OLD ACCOUNT: 5% Goal Reached, Request PayOut ",,"OLD ACCOUNT: 5% Goal Reached, Request PayOut ",,"OLD ACCOUNT: 5% Goal Reached, Request PayOut ",,"OLD ACCOUNT: 5% Goal Reached, Request PayOut ",,"OLD ACCOUNT: 5% Goal Reached, Request PayOut "
,"NEW ACCOUNTS: 10% GOAL Reached, Request PayOut ",,"NEW ACCOUNTS: 10% GOAL Reached, Request PayOut ",,"NEW ACCOUNTS: 10% GOAL Reached, Request PayOut ",,"NEW ACCOUNTS: 10% GOAL Reached, Request PayOut ",,"NEW ACCOUNTS: 10% GOAL Reached, Request PayOut "
,,,,,,,,,
10% of New Account(s),,10% of New Account(s),,10% of New Account(s),,10% of New Account(s),,10% of New Account(s),
5% of Old Accounts,,5% of Old Accounts,,5% of Old Accounts,,5% of Old Accounts,,5% of Old Accounts,
Pay-Out Qualification,,Pay-Out Qualification,,Pay-Out Qualification,,Pay-Out Qualification,,Pay-Out Qualification,
Maximum Pay-Out Request,$0,Maximum Pay-Out Request,$0,Maximum Pay-Out Request,$0,Maximum Pay-Out Request,$0,Maximum Pay-Out Request,$0
Maximum New Account Allowed,,Maximum New Account Allowed,,Maximum New Account Allowed,,Maximum New Account Allowed,,Maximum New Account Allowed,
Number of New Account Bought,,Number of New Account Bought,,Number of New Account Bought,,Number of New Account Bought,,Number of New Account Bought,
Total Traded Account,3,Total Traded Account,3,Total Traded Account,3,Total Traded Account,3,Total Traded Account,3
STEP 25,,STEP 26,,STEP 27,,STEP 28,,STEP 29,
RTM#101,ONE RULE: Never loose more than the RT$1M preset daily risk,RTM#101,ONE RULE: Never loose more than the RT$1M preset daily risk,RTM#103,ONE RULE: Never loose more than the RT$1M preset daily risk,RTM#104,ONE RULE: Never loose more than the RT$1M preset daily risk,RTM#105,ONE RULE: Never loose more than the RT$1M preset daily risk
,GOAL: Make 5% of the account ( No number of day Limit),,GOAL: Make 5% of the account ( No number of day Limit),,GOAL: Make 5% of the account ( No number of day Limit),,GOAL: Make 5% of the account ( No number of day Limit),,GOAL: Make 5% of the account ( No number of day Limit)
,"OLD ACCOUNT: 5% Goal Reached, Request PayOut ",,"OLD ACCOUNT: 5% Goal Reached, Request PayOut ",,"OLD ACCOUNT: 5% Goal Reached, Request PayOut ",,"OLD ACCOUNT: 5% Goal Reached, Request PayOut ",,"OLD ACCOUNT: 5% Goal Reached, Request PayOut "
,"NEW ACCOUNTS: 10% GOAL Reached, Request PayOut ",,"NEW ACCOUNTS: 10% GOAL Reached, Request PayOut ",,"NEW ACCOUNTS: 10% GOAL Reached, Request PayOut ",,"NEW ACCOUNTS: 10% GOAL Reached, Request PayOut ",,"NEW ACCOUNTS: 10% GOAL Reached, Request PayOut "
,,,,,,,,,
10% of New Account(s),,10% of New Account(s),,10% of New Account(s),,10% of New Account(s),,10% of New Account(s),
5% of Old Accounts,,5% of Old Accounts,,5% of Old Accounts,,5% of Old Accounts,,5% of Old Accounts,
Pay-Out Qualification,,Pay-Out Qualification,,Pay-Out Qualification,,Pay-Out Qualification,,Pay-Out Qualification,
Maximum Pay-Out Request,$0,Maximum Pay-Out Request,$0,Maximum Pay-Out Request,$0,Maximum Pay-Out Request,$0,Maximum Pay-Out Request,$0
Maximum New Account Allowed,,Maximum New Account Allowed,,Maximum New Account Allowed,,Maximum New Account Allowed,,Maximum New Account Allowed,
Number of New Account Bought,,Number of New Account Bought,,Number of New Account Bought,,Number of New Account Bought,,Number of New Account Bought,
Total Traded Account,3,Total Traded Account,3,Total Traded Account,3,Total Traded Account,3,Total Traded Account,3
STEP 26,,STEP 27,,STEP 28,,STEP 29,,STEP 30,
RTM#106,ONE RULE: Never loose more than the RT$1M preset daily risk,RTM#107,ONE RULE: Never loose more than the RT$1M preset daily risk,RTM#108,ONE RULE: Never loose more than the RT$1M preset daily risk,RTM#109,ONE RULE: Never loose more than the RT$1M preset daily risk,RTM#110,ONE RULE: Never loose more than the RT$1M preset daily risk
,GOAL: Make 5% of the account ( No number of day Limit),,GOAL: Make 5% of the account ( No number of day Limit),,GOAL: Make 5% of the account ( No number of day Limit),,GOAL: Make 5% of the account ( No number of day Limit),,GOAL: Make 5% of the account ( No number of day Limit)
,"OLD ACCOUNT: 5% Goal Reached, Request PayOut ",,"OLD ACCOUNT: 5% Goal Reached, Request PayOut ",,"OLD ACCOUNT: 5% Goal Reached, Request PayOut ",,"OLD ACCOUNT: 5% Goal Reached, Request PayOut ",,"OLD ACCOUNT: 5% Goal Reached, Request PayOut "
,"NEW ACCOUNTS: 10% GOAL Reached, Request PayOut ",,"NEW ACCOUNTS: 10% GOAL Reached, Request PayOut ",,"NEW ACCOUNTS: 10% GOAL Reached, Request PayOut ",,"NEW ACCOUNTS: 10% GOAL Reached, Request PayOut ",,"NEW ACCOUNTS: 10% GOAL Reached, Request PayOut "
,,,,,,,,,
10% of New Account(s),,10% of New Account(s),,10% of New Account(s),,10% of New Account(s),,10% of New Account(s),
5% of Old Accounts,,5% of Old Accounts,,5% of Old Accounts,,5% of Old Accounts,,5% of Old Accounts,
Pay-Out Qualification,,Pay-Out Qualification,,Pay-Out Qualification,,Pay-Out Qualification,,Pay-Out Qualification,
Maximum Pay-Out Request,$0,Maximum Pay-Out Request,$0,Maximum Pay-Out Request,$0,Maximum Pay-Out Request,$0,Maximum Pay-Out Request,$0
Maximum New Account Allowed,,Maximum New Account Allowed,,Maximum New Account Allowed,,Maximum New Account Allowed,,Maximum New Account Allowed,
Number of New Account Bought,,Number of New Account Bought,,Number of New Account Bought,,Number of New Account Bought,,Number of New Account Bought,
Total Traded Account,3,Total Traded Account,3,Total Traded Account,3,Total Traded Account,3,Total Traded Account,3