#,Account 1 - LeMans-3831,,Account 2 - LeMans-3940,,Account 3 - LeMans-3941,,Account 4 - LeMans-3942,,Account 5 - LeMans-3943,,Account 6 - LeMans-3944,,Account 7 - GT40817,,Account 8 - FTT-GT40818,,Account 9 - FTT-GT40819,,Account 10,,Account 11,,Account 12,,Account 13,,Account 14,,Account 15,,Account 16,,Account 17,,Account 18,,Account 19,,Account 20,
DATE,Account 1,PAY-OUT- A1,Account 2,PAY-OUT- A2,Account 3,PAY-OUT- A3,Account 4,PAY-OUT- A4,Account 5,PAY-OUT- A5,Account 6,PAY-OUT- A6,Account 7,PAY-OUT- A7,Account 8,PAY-OUT- A8,Account 9,PAY-OUT- A9,Account 10,PAY-OUT- A10,Account 11,PAY-OUT- A11,Account 12,PAY-OUT- A12,Account 13,PAY-OUT- A13,Account 14,PAY-OUT- A14,Account 15,PAY-OUT- A15,Account 16,PAY-OUT- A16,Account 17,PAY-OUT- A17,Account 18,PAY-OUT- A18,Account 19,PAY-OUT- A19,Account 20,PAY-OUT- A20
"July 12, 2024","$3,212.50",,$0.00,,$0.00,,$0.00,,$0.00,,$0.00,,$0.00,,$0.00,,$0.00,,,,,,,,,,,,,,,,,,,,,,,
"July 15, 2024","$3,125.50",,$0.00,,$0.00,,$0.00,,$0.00,,$0.00,,$0.00,,$0.00,,$0.00,,,,,,,,,,,,,,,,,,,,,,,
"July 16, 2024","$3,000.00",,$0.00,,$0.00,,$0.00,,$0.00,,$0.00,,$0.00,,$0.00,,$0.00,,,,,,,,,,,,,,,,,,,,,,,
"July 17, 2024","$3,000.00",,$0.00,,$0.00,,$0.00,,$0.00,,$0.00,,$0.00,,$0.00,,$0.00,,,,,,,,,,,,,,,,,,,,,,,
"July 18, 2024","$3,000.00",,$0.00,,$0.00,,$0.00,,$0.00,,$0.00,,$0.00,,$0.00,,$0.00,,,,,,,,,,,,,,,,,,,,,,,
"July 19, 2024","$3,225.00",,$0.00,,$0.00,,$0.00,,$0.00,,$0.00,,$0.00,,$0.00,,$0.00,,,,,,,,,,,,,,,,,,,,,,,
"July 22, 2024","$3,500.00",,$0.00,,$0.00,,$0.00,,$0.00,,$0.00,,$0.00,,$0.00,,$0.00,,,,,,,,,,,,,,,,,,,,,,,
"July 23, 2024","$3,687.50",,$0.00,,$0.00,,$0.00,,$0.00,,$0.00,,$0.00,,$0.00,,$0.00,,,,,,,,,,,,,,,,,,,,,,,
"July 24, 2024",$25.00,,$0.00,,$0.00,,$0.00,,$0.00,,$0.00,,$0.00,,$0.00,,$0.00,,,,,,,,,,,,,,,,,,,,,,,
"July 25, 2024",-$100.00,"$4,000.00",$0.00,,$0.00,,$0.00,,$0.00,,$0.00,,$0.00,,$0.00,,$0.00,,,,,,,,,,,,,,,,,,,,,,,
"July 26, 2024","$3,387.50",,$0.00,,$0.00,,$0.00,,$0.00,,$0.00,,$0.00,,$0.00,,$0.00,,,,,,,,,,,,,,,,,,,,,,,
"July 29, 2024","$4,237.00",,$0.00,,$0.00,,$0.00,,$0.00,,$0.00,,$0.00,,$0.00,,$0.00,,,,,,,,,,,,,,,,,,,,,,,
"July 30, 2024","$5,500.00",,$0.00,,$0.00,,$0.00,,$0.00,,$0.00,,$0.00,,$0.00,,$0.00,,,,,,,,,,,,,,,,,,,,,,,
"July 31, 2024",$275.00,,$0.00,,$0.00,,$0.00,,$0.00,,$0.00,,$0.00,,$0.00,,$0.00,,,,,,,,,,,,,,,,,,,,,,,
"August 1, 2024","$6,750.00",,$0.00,,$0.00,,$0.00,,$0.00,,$0.00,,$0.00,,$0.00,,$0.00,,,,,,,,,,,,,,,,,,,,,,,
"August 2, 2024","$7,125.00",,$0.00,,$0.00,,$0.00,,$0.00,,$0.00,,$0.00,,$0.00,,$0.00,,,,,,,,,,,,,,,,,,,,,,,
"August 5, 2024","$7,775.00",,$0.00,,$0.00,,$0.00,,$0.00,,$0.00,,$0.00,,$0.00,,$0.00,,,,,,,,,,,,,,,,,,,,,,,
"August 6, 2024","$7,625.00",,$0.00,,$0.00,,$0.00,,$0.00,,$0.00,,$0.00,,$0.00,,$0.00,,,,,,,,,,,,,,,,,,,,,,,
"August 7, 2024","$3,007.50",,"$3,120.00",,"$3,182.50",,"$3,182.50",,"$3,182.50",,"$3,182.50",,$0.00,,$0.00,,$0.00,,,,,,,,,,,,,,,,,,,,,,,
"August 8, 2024","$9,975.00","$4,000.00","$9,975.00",,"$9,975.00",,"$9,975.00",,"$9,975.00",,"$9,975.00",,$0.00,,$0.00,,$0.00,,,,,,,,,,,,,,,,,,,,,,,
"August 9, 2024","$7,237.50",,"-$14,850.00",,"-$14,850.00",,"-$14,850.00",,"-$14,850.00",,"-$14,800.00",,$0.00,,$0.00,,$0.00,,,,,,,,,,,,,,,,,,,,,,,
"August 12, 2024","-$4,075.00",,$0.00,,$0.00,,$0.00,,$0.00,,$0.00,,$0.00,,$0.00,,$0.00,,,,,,,,,,,,,,,,,,,,,,,
"August 13, 2024","$12,750.00",,$50.00,,$50.00,,$50.00,,$50.00,,$50.00,,$0.00,,$0.00,,$0.00,,,,,,,,,,,,,,,,,,,,,,,
"August 14, 2024","-$24,387.50",,$0.00,,$0.00,,-$107.50,,-$107.50,,-$107.50,,$0.00,,$0.00,,$0.00,,,,,,,,,,,,,,,,,,,,,,,
"August 15, 2024","-$64,125.00",,-$107.50,,-$107.50,,$90.00,,$90.00,,$90.00,,$0.00,,$0.00,,$0.00,,,,,,,,,,,,,,,,,,,,,,,
"August 16, 2024",$90.00,,$90.00,,$90.00,,$0.00,,$0.00,,$0.00,,$0.00,,$0.00,,$0.00,,,,,,,,,,,,,,,,,,,,,,,
"August 19, 2024",-$405.00,,-$412.50,,-$412.50,,-$412.50,,-$412.50,,-$412.50,,$0.00,,$0.00,,$0.00,,,,,,,,,,,,,,,,,,,,,,,
"August 20, 2024",$575.00,,$775.00,,$775.00,,$775.00,,$775.00,,$775.00,,$0.00,,$0.00,,$0.00,,,,,,,,,,,,,,,,,,,,,,,
"August 21, 2024",$37.50,,$50.00,,$37.50,,$37.50,,$37.50,,$37.50,,$0.00,,$0.00,,$0.00,,,,,,,,,,,,,,,,,,,,,,,
"August 22, 2024",$0.00,,$0.00,,$0.00,,$0.00,,$0.00,,$0.00,,$0.00,,$0.00,,$0.00,,,,,,,,,,,,,,,,,,,,,,,
"August 23, 2024",$0.00,,$0.00,,$0.00,,$0.00,,$0.00,,$0.00,,$0.00,,$0.00,,$0.00,,,,,,,,,,,,,,,,,,,,,,,
"August 26, 2024",$0.00,,$0.00,,$0.00,,$0.00,,$0.00,,$0.00,,$0.00,,$0.00,,$0.00,,,,,,,,,,,,,,,,,,,,,,,
"August 27, 2024",$0.00,,$0.00,,$0.00,,$0.00,,$0.00,,$0.00,,$0.00,,$0.00,,$0.00,,,,,,,,,,,,,,,,,,,,,,,
"August 28, 2024",$0.00,,$0.00,,$0.00,,$0.00,,$0.00,,$0.00,,$0.00,,$0.00,,$0.00,,,,,,,,,,,,,,,,,,,,,,,
"August 29, 2024",-$500.00,,-$500.00,,-$500.00,,-$512.50,,-$512.50,,-$500.00,,$0.00,,$0.00,,$0.00,,,,,,,,,,,,,,,,,,,,,,,
"August 30, 2024",$0.00,,$0.00,,$0.00,,$0.00,,$0.00,,$0.00,,$0.00,,$0.00,,$0.00,,,,,,,,,,,,,,,,,,,,,,,
"September 2, 2024",$0.00,,$0.00,,$0.00,,$0.00,,$0.00,,$0.00,,$0.00,,$0.00,,$0.00,,,,,,,,,,,,,,,,,,,,,,,
"September 3, 2024",$0.00,,$0.00,,$0.00,,$0.00,,$0.00,,$0.00,,$0.00,,$0.00,,$0.00,,,,,,,,,,,,,,,,,,,,,,,
"September 4, 2024",$0.00,,$0.00,,$0.00,,$0.00,,$0.00,,$0.00,,$0.00,,$0.00,,$0.00,,,,,,,,,,,,,,,,,,,,,,,
"September 5, 2024",$0.00,,$0.00,,$0.00,,$0.00,,$0.00,,$0.00,,$0.00,,$0.00,,$0.00,,,,,,,,,,,,,,,,,,,,,,,
"September 6, 2024",$0.00,,$0.00,,$0.00,,$0.00,,$0.00,,$0.00,,$0.00,,$0.00,,$0.00,,,,,,,,,,,,,,,,,,,,,,,
"September 9, 2024",$0.00,,"$3,312.50",,"$3,312.50",,"$3,312.50",,"$3,312.50",,"$3,312.50",,$0.00,,$0.00,,$0.00,,,,,,,,,,,,,,,,,,,,,,,
"September 10, 2024",$187.50,,$187.50,,$187.50,,$187.50,,$187.50,,$187.50,,$0.00,,$0.00,,$0.00,,,,,,,,,,,,,,,,,,,,,,,
"September 11, 2024",$0.00,,$0.00,,$0.00,,$0.00,,$0.00,,$0.00,,$0.00,,$0.00,,$0.00,,,,,,,,,,,,,,,,,,,,,,,
"September 12, 2024",$0.00,,$0.00,,$0.00,,$0.00,,$0.00,,$0.00,,$0.00,,$0.00,,$0.00,,,,,,,,,,,,,,,,,,,,,,,
"September 13, 2024",$0.00,,$0.00,,$0.00,,$0.00,,$0.00,,$0.00,,$0.00,,$0.00,,$0.00,,,,,,,,,,,,,,,,,,,,,,,
"September 16, 2024",$0.00,,$0.00,,$0.00,,$0.00,,$0.00,,$0.00,,$0.00,,$0.00,,$0.00,,,,,,,,,,,,,,,,,,,,,,,
"September 17, 2024",$62.50,,$62.50,,$62.50,,$62.50,,$62.50,,$62.50,,$0.00,,$0.00,,$0.00,,,,,,,,,,,,,,,,,,,,,,,
"September 18, 2024",$550.00,,$725.00,,$725.00,,$725.00,,$725.00,,$725.00,,$0.00,,$0.00,,$0.00,,,,,,,,,,,,,,,,,,,,,,,
"September 19, 2024",-$75.00,,-$137.50,,-$137.50,,-$137.50,,-$137.50,,-$137.50,,$0.00,,$0.00,,$0.00,,,,,,,,,,,,,,,,,,,,,,,
"September 20, 2024","$12,826.25",,"$9,595.00",,"$10,437.50",,"$9,613.75",,"$9,613.75",,"$9,113.75",,$0.00,,$0.00,,$0.00,,,,,,,,,,,,,,,,,,,,,,,
"September 23, 2024",$0.00,,$0.00,,$0.00,,$0.00,,$0.00,,$0.00,,$0.00,,$0.00,,$0.00,,,,,,,,,,,,,,,,,,,,,,,
"September 24, 2024","-$4,936.25",,"-$4,936.25",,"-$4,748.75",,"-$4,748.75",,"-$4,748.75",,"-$4,673.75",,$0.00,,$0.00,,$0.00,,,,,,,,,,,,,,,,,,,,,,,
"September 25, 2024",$62.50,,$62.50,,$62.50,,$62.50,,$62.50,,$62.50,,$0.00,,$0.00,,$0.00,,,,,,,,,,,,,,,,,,,,,,,
"September 26, 2024","$4,753.75",,"$4,787.50",,"$4,875.50",,"$4,875.00",,"$5,587.50",,"$4,787.50",,$0.00,,$0.00,,$0.00,,,,,,,,,,,,,,,,,,,,,,,
"September 27, 2024","-$4,425.00",,"-$4,687.50",,"-$4,687.50",,"-$4,687.50",,"-$4,687.50",,"-$4,687.50",,$0.00,,$0.00,,$0.00,,,,,,,,,,,,,,,,,,,,,,,
"September 30, 2024","-$6,250.00",,"-$6,387.00",,-6687.5,,-6687.5,,-6687.5,,-6687.5,,$0.00,,$0.00,,$0.00,,,,,,,,,,,,,,,,,,,,,,,
"October 1, 2024","$1,587.50",,"$1,587.50",,"$1,587.50",,"$1,587.50",,"$1,587.50",,"$1,587.50",,$0.00,,$0.00,,$0.00,,,,,,,,,,,,,,,,,,,,,,,
"October 2, 2024",$575.00,,$575.00,,$575.00,,$575.00,,$575.00,,$575.00,,$575.00,,$575.00,,$575.00,,,,,,,,,,,,,,,,,,,,,,,
"October 3, 2024","$2,075.00",,"$2,187.50",,"$2,187.50",,"$2,187.50",,"$2,187.50",,"$2,187.50",,"$1,375.00",,"$1,462.00",,"$1,375.00",,,,,,,,,,,,,,,,,,,,,,,
"October 4, 2024","$1,512.00",,"$1,287.50",,"$1,287.50",,"$1,287.50",,"$1,287.50",,"$1,287.50",,"$1,400.00",,"$1,400.00",,"$1,350.00",,,,,,,,,,,,,,,,,,,,,,,
"October 7, 2024","-$7,000.00",,"-$7,000.00",,"-$7,000.00",,"-$7,000.00",,"-$7,000.00",,"-$7,000.00",,"-$7,000.00",,"-$7,000.00",,"-$7,000.00",,,,,,,,,,,,,,,,,,,,,,,
"October 8, 2024",$825.00,,$475.00,,$475.00,,$475.00,,$475.00,,$475.00,,-$512.50,,-$500.00,,-$500.00,,,,,,,,,,,,,,,,,,,,,,,
"October 9, 2024","$3,375.00",,"$3,375.00",,"$3,375.00",,"$3,375.00",,"$3,375.00",,"$3,375.00",,,,,,,,,,,,,,,,,,,,,,,,,,,,,
"October 10, 2024","-$5,975.00",,"-$6,200.00",,"-$6,200.00",,"-$6,200.00",,"-$6,200.00",,"-$6,200.00",,,,,,,,,,,,,,,,,,,,,,,,,,,,,
"October 11, 2024",,,,,,,,,,,,,,,,,,,,,,,,,,,,,,,,,,,,,,,,
"October 14, 2024",,,,,,,,,,,,,,,,,,,,,,,,,,,,,,,,,,,,,,,,
"October 15, 2024",,,,,,,,,,,,,,,,,,,,,,,,,,,,,,,,,,,,,,,,
"October 16, 2024",,,,,,,,,,,,,,,,,,,,,,,,,,,,,,,,,,,,,,,,
"October 17, 2024",,,,,,,,,,,,,,,,,,,,,,,,,,,,,,,,,,,,,,,,
"October 18, 2024",,,,,,,,,,,,,,,,,,,,,,,,,,,,,,,,,,,,,,,,
"October 21, 2024",,,,,,,,,,,,,,,,,,,,,,,,,,,,,,,,,,,,,,,,
"October 22, 2024",,,,,,,,,,,,,,,,,,,,,,,,,,,,,,,,,,,,,,,,
"October 23, 2024",,,,,,,,,,,,,,,,,,,,,,,,,,,,,,,,,,,,,,,,
"October 24, 2024",,,,,,,,,,,,,,,,,,,,,,,,,,,,,,,,,,,,,,,,
"October 25, 2024",,,,,,,,,,,,,,,,,,,,,,,,,,,,,,,,,,,,,,,,
"October 28, 2024",,,,,,,,,,,,,,,,,,,,,,,,,,,,,,,,,,,,,,,,
"October 29, 2024",,,,,,,,,,,,,,,,,,,,,,,,,,,,,,,,,,,,,,,,
"October 30, 2024",,,,,,,,,,,,,,,,,,,,,,,,,,,,,,,,,,,,,,,,
"October 31, 2024",,,,,,,,,,,,,,,,,,,,,,,,,,,,,,,,,,,,,,,,
"November 1, 2024",,,,,,,,,,,,,,,,,,,,,,,,,,,,,,,,,,,,,,,,
"November 4, 2024",,,,,,,,,,,,,,,,,,,,,,,,,,,,,,,,,,,,,,,,
"November 5, 2024",,,,,,,,,,,,,,,,,,,,,,,,,,,,,,,,,,,,,,,,
"November 6, 2024",,,,,,,,,,,,,,,,,,,,,,,,,,,,,,,,,,,,,,,,
"November 7, 2024",,,,,,,,,,,,,,,,,,,,,,,,,,,,,,,,,,,,,,,,
"November 8, 2024",,,,,,,,,,,,,,,,,,,,,,,,,,,,,,,,,,,,,,,,
"November 11, 2024",,,,,,,,,,,,,,,,,,,,,,,,,,,,,,,,,,,,,,,,
"November 12, 2024",,,,,,,,,,,,,,,,,,,,,,,,,,,,,,,,,,,,,,,,
"November 13, 2024",,,,,,,,,,,,,,,,,,,,,,,,,,,,,,,,,,,,,,,,
"November 14, 2024",,,,,,,,,,,,,,,,,,,,,,,,,,,,,,,,,,,,,,,,
"November 15, 2024",,,,,,,,,,,,,,,,,,,,,,,,,,,,,,,,,,,,,,,,
"November 18, 2024",,,,,,,,,,,,,,,,,,,,,,,,,,,,,,,,,,,,,,,,
"November 19, 2024",,,,,,,,,,,,,,,,,,,,,,,,,,,,,,,,,,,,,,,,
"November 20, 2024",,,,,,,,,,,,,,,,,,,,,,,,,,,,,,,,,,,,,,,,
"November 21, 2024",,,,,,,,,,,,,,,,,,,,,,,,,,,,,,,,,,,,,,,,
"November 22, 2024",,,,,,,,,,,,,,,,,,,,,,,,,,,,,,,,,,,,,,,,
"November 25, 2024",,,,,,,,,,,,,,,,,,,,,,,,,,,,,,,,,,,,,,,,
"November 26, 2024",,,,,,,,,,,,,,,,,,,,,,,,,,,,,,,,,,,,,,,,
"November 27, 2024",,,,,,,,,,,,,,,,,,,,,,,,,,,,,,,,,,,,,,,,
"November 28, 2024",,,,,,,,,,,,,,,,,,,,,,,,,,,,,,,,,,,,,,,,
"November 29, 2024",,,,,,,,,,,,,,,,,,,,,,,,,,,,,,,,,,,,,,,,
"December 2, 2024",,,,,,,,,,,,,,,,,,,,,,,,,,,,,,,,,,,,,,,,
"December 3, 2024",,,,,,,,,,,,,,,,,,,,,,,,,,,,,,,,,,,,,,,,
"December 4, 2024",,,,,,,,,,,,,,,,,,,,,,,,,,,,,,,,,,,,,,,,
"December 5, 2024",,,,,,,,,,,,,,,,,,,,,,,,,,,,,,,,,,,,,,,,
"December 6, 2024",,,,,,,,,,,,,,,,,,,,,,,,,,,,,,,,,,,,,,,,
"December 9, 2024",,,,,,,,,,,,,,,,,,,,,,,,,,,,,,,,,,,,,,,,
"December 10, 2024",,,,,,,,,,,,,,,,,,,,,,,,,,,,,,,,,,,,,,,,
"December 11, 2024",,,,,,,,,,,,,,,,,,,,,,,,,,,,,,,,,,,,,,,,
"December 12, 2024",,,,,,,,,,,,,,,,,,,,,,,,,,,,,,,,,,,,,,,,
"December 13, 2024",,,,,,,,,,,,,,,,,,,,,,,,,,,,,,,,,,,,,,,,
"December 16, 2024",,,,,,,,,,,,,,,,,,,,,,,,,,,,,,,,,,,,,,,,
"December 17, 2024",,,,,,,,,,,,,,,,,,,,,,,,,,,,,,,,,,,,,,,,
"December 18, 2024",,,,,,,,,,,,,,,,,,,,,,,,,,,,,,,,,,,,,,,,
"December 19, 2024",,,,,,,,,,,,,,,,,,,,,,,,,,,,,,,,,,,,,,,,
"December 20, 2024",,,,,,,,,,,,,,,,,,,,,,,,,,,,,,,,,,,,,,,,
"December 23, 2024",,,,,,,,,,,,,,,,,,,,,,,,,,,,,,,,,,,,,,,,
"December 24, 2024",,,,,,,,,,,,,,,,,,,,,,,,,,,,,,,,,,,,,,,,
"December 25, 2024",,,,,,,,,,,,,,,,,,,,,,,,,,,,,,,,,,,,,,,,
"December 26, 2024",,,,,,,,,,,,,,,,,,,,,,,,,,,,,,,,,,,,,,,,
"December 27, 2024",,,,,,,,,,,,,,,,,,,,,,,,,,,,,,,,,,,,,,,,
"December 30, 2024",,,,,,,,,,,,,,,,,,,,,,,,,,,,,,,,,,,,,,,,
"December 31, 2024",,,,,,,,,,,,,,,,,,,,,,,,,,,,,,,,,,,,,,,,
"January 1, 2025",,,,,,,,,,,,,,,,,,,,,,,,,,,,,,,,,,,,,,,,
"January 2, 2025",,,,,,,,,,,,,,,,,,,,,,,,,,,,,,,,,,,,,,,,
"January 3, 2025",,,,,,,,,,,,,,,,,,,,,,,,,,,,,,,,,,,,,,,,
"January 6, 2025",,,,,,,,,,,,,,,,,,,,,,,,,,,,,,,,,,,,,,,,
"January 7, 2025",,,,,,,,,,,,,,,,,,,,,,,,,,,,,,,,,,,,,,,,
"January 8, 2025",,,,,,,,,,,,,,,,,,,,,,,,,,,,,,,,,,,,,,,,
"January 9, 2025",,,,,,,,,,,,,,,,,,,,,,,,,,,,,,,,,,,,,,,,
"January 10, 2025",,,,,,,,,,,,,,,,,,,,,,,,,,,,,,,,,,,,,,,,
"January 13, 2025",,,,,,,,,,,,,,,,,,,,,,,,,,,,,,,,,,,,,,,,
"January 14, 2025",,,,,,,,,,,,,,,,,,,,,,,,,,,,,,,,,,,,,,,,
"January 15, 2025",,,,,,,,,,,,,,,,,,,,,,,,,,,,,,,,,,,,,,,,
"January 16, 2025",,,,,,,,,,,,,,,,,,,,,,,,,,,,,,,,,,,,,,,,
"January 17, 2025",,,,,,,,,,,,,,,,,,,,,,,,,,,,,,,,,,,,,,,,
"January 20, 2025",,,,,,,,,,,,,,,,,,,,,,,,,,,,,,,,,,,,,,,,
"January 21, 2025",,,,,,,,,,,,,,,,,,,,,,,,,,,,,,,,,,,,,,,,
"January 22, 2025",,,,,,,,,,,,,,,,,,,,,,,,,,,,,,,,,,,,,,,,
"January 23, 2025",,,,,,,,,,,,,,,,,,,,,,,,,,,,,,,,,,,,,,,,
"January 24, 2025",,,,,,,,,,,,,,,,,,,,,,,,,,,,,,,,,,,,,,,,
"January 27, 2025",,,,,,,,,,,,,,,,,,,,,,,,,,,,,,,,,,,,,,,,
"January 28, 2025",,,,,,,,,,,,,,,,,,,,,,,,,,,,,,,,,,,,,,,,
"January 29, 2025",,,,,,,,,,,,,,,,,,,,,,,,,,,,,,,,,,,,,,,,
"January 30, 2025",,,,,,,,,,,,,,,,,,,,,,,,,,,,,,,,,,,,,,,,
"January 31, 2025",,,,,,,,,,,,,,,,,,,,,,,,,,,,,,,,,,,,,,,,
"February 3, 2025",,,,,,,,,,,,,,,,,,,,,,,,,,,,,,,,,,,,,,,,
"February 4, 2025",,,,,,,,,,,,,,,,,,,,,,,,,,,,,,,,,,,,,,,,
"February 5, 2025",,,,,,,,,,,,,,,,,,,,,,,,,,,,,,,,,,,,,,,,
"February 6, 2025",,,,,,,,,,,,,,,,,,,,,,,,,,,,,,,,,,,,,,,,
"February 7, 2025",,,,,,,,,,,,,,,,,,,,,,,,,,,,,,,,,,,,,,,,
"February 10, 2025",,,,,,,,,,,,,,,,,,,,,,,,,,,,,,,,,,,,,,,,
"February 11, 2025",,,,,,,,,,,,,,,,,,,,,,,,,,,,,,,,,,,,,,,,
"February 12, 2025",,,,,,,,,,,,,,,,,,,,,,,,,,,,,,,,,,,,,,,,
"February 13, 2025",,,,,,,,,,,,,,,,,,,,,,,,,,,,,,,,,,,,,,,,
"February 14, 2025",,,,,,,,,,,,,,,,,,,,,,,,,,,,,,,,,,,,,,,,
"February 17, 2025",,,,,,,,,,,,,,,,,,,,,,,,,,,,,,,,,,,,,,,,
"February 18, 2025",,,,,,,,,,,,,,,,,,,,,,,,,,,,,,,,,,,,,,,,