Account type,Starting Balance ,Account Buffer,Maximum Drawdown Limit,Max Withdrawals for 5 Day Payout,Max Withdrawals for 10 Day Payout,Price,,,,,,,January,2024,January 2024
,"$25,000","$1,250","$23,750","$1,000","$1,500",$179,,,,,,,February,2025,January 2025
Daytona,"$50,000","$2,500","$47,500","$1,250","$2,000",$449,,,,,,,March ,2026,January 2026
GT,"$150,000","$7,500","$142,500","$1,500","$3,000",$599,,,,,,,April,2027,January 2027
LeMans,"$300,000","$15,000","$285,000","$2,000","$4,000",$799,,,,,,,May,2028,January 2028
,,,,,,,,,,,,,June,2029,January 2029
,,,,,,,,,,,,,July,2030,January 2030
,,,,,,,,,,,,,August,2031,January 2031
,,,,,,,,,,,,,September,2032,January 2032
,,,,,,,,,,,,,October,2033,January 2033
,,,,,,,,,,,,,November,2034,January 2034
,,,,,,,,,,,,,December,2035,January 2035
,,,,,,,,,,,,,,,February 2024
,,,,,,,,,,,,,,,February 2025
,,,,,,,Rally ,"$25,000",$179,,,,,,February 2026
,,,,,,,Daytona ,"$50,000",$449,,,,,,February 2027
,,,,,,,GT,"$150,000",$599,,,,,,February 2028
,,,,,,,LeMans,"$300,000",$799,,,,,,February 2029
,,,,,,,Affiliate,,,,,,,,February 2030
,,,,,,,,,,,,,,,February 2031
,,,,,,,,,,,,,,,February 2032
,,,,,,,,,,,,,,,February 2033
,,,,,,,,,,,,,,,February 2034
,,,,,,,,,,,,,,,February 2035
,,,,,,,,,,,,,,,March  2024
,,,,,,,,,,,,,,,March  2025
,,,,,,,,,,,,,,,March  2026
,,,,,,,,,,,,,,,March  2027
,,,,,,,,,,,,,,,March  2028
,,,,,,,,,,,,,,,March  2029
,,,,,,,,,,,,,,,March  2030
,,,,,,,,,,,,,,,March  2031
,,,,,,,,,,,,,,,March  2032
,,,,,,,,,,,,,,,March  2033
,,,,,,,,,,,,,,,March  2034
,,,,,,,,,,,,,,,March  2035
,,,,,,,,,,,,,,,April 2024
,,,,,,,,,,,,,,,April 2025
,,,,,,,,,,,,,,,April 2026
,,,,,,,,,,,,,,,April 2027
,,,,,,,,,,,,,,,April 2028
,,,,,,,,,,,,,,,April 2029
,,,,,,,,,,,,,,,April 2030
,,,,,,,,,,,,,,,April 2031
,,,,,,,,,,,,,,,April 2032
,,,,,,,,,,,,,,,April 2033
,,,,,,,,,,,,,,,April 2034
,,,,,,,,,,,,,,,April 2035
,,,,,,,,,,,,,,,May 2024
,,,,,,,,,,,,,,,May 2025
,,,,,,,,,,,,,,,May 2026
,,,,,,,,,,,,,,,May 2027
,,,,,,,,,,,,,,,May 2028
,,,,,,,,,,,,,,,May 2029
,,,,,,,,,,,,,,,May 2030
,,,,,,,,,,,,,,,May 2031
,,,,,,,,,,,,,,,May 2032
,,,,,,,,,,,,,,,May 2033
,,,,,,,,,,,,,,,May 2034
,,,,,,,,,,,,,,,May 2035
,,,,,,,,,,,,,,,June 2024
,,,,,,,,,,,,,,,June 2025
,,,,,,,,,,,,,,,June 2026
,,,,,,,,,,,,,,,June 2027
,,,,,,,,,,,,,,,June 2028
,,,,,,,,,,,,,,,June 2029
,,,,,,,,,,,,,,,June 2030
,,,,,,,,,,,,,,,June 2031
,,,,,,,,,,,,,,,June 2032
,,,,,,,,,,,,,,,June 2033
,,,,,,,,,,,,,,,June 2034
,,,,,,,,,,,,,,,June 2035
,,,,,,,,,,,,,,,July 2024
,,,,,,,,,,,,,,,July 2025
,,,,,,,,,,,,,,,July 2026
,,,,,,,,,,,,,,,July 2027
,,,,,,,,,,,,,,,July 2028
,,,,,,,,,,,,,,,July 2029
,,,,,,,,,,,,,,,July 2030
,,,,,,,,,,,,,,,July 2031
,,,,,,,,,,,,,,,July 2032
,,,,,,,,,,,,,,,July 2033
,,,,,,,,,,,,,,,July 2034
,,,,,,,,,,,,,,,July 2035
,,,,,,,,,,,,,,,August 2024
,,,,,,,,,,,,,,,August 2025
,,,,,,,,,,,,,,,August 2026
,,,,,,,,,,,,,,,August 2027
,,,,,,,,,,,,,,,August 2028
,,,,,,,,,,,,,,,August 2029
,,,,,,,,,,,,,,,August 2030
,,,,,,,,,,,,,,,August 2031
,,,,,,,,,,,,,,,August 2032
,,,,,,,,,,,,,,,August 2033
,,,,,,,,,,,,,,,August 2034
,,,,,,,,,,,,,,,August 2035
,,,,,,,,,,,,,,,September 2024
,,,,,,,,,,,,,,,September 2025
,,,,,,,,,,,,,,,September 2026
,,,,,,,,,,,,,,,September 2027
,,,,,,,,,,,,,,,September 2028
,,,,,,,,,,,,,,,September 2029
,,,,,,,,,,,,,,,September 2030
,,,,,,,,,,,,,,,September 2031
,,,,,,,,,,,,,,,September 2032
,,,,,,,,,,,,,,,September 2033
,,,,,,,,,,,,,,,September 2034
,,,,,,,,,,,,,,,September 2035
,,,,,,,,,,,,,,,October 2024
,,,,,,,,,,,,,,,October 2025
,,,,,,,,,,,,,,,October 2026
,,,,,,,,,,,,,,,October 2027
,,,,,,,,,,,,,,,October 2028
,,,,,,,,,,,,,,,October 2029
,,,,,,,,,,,,,,,October 2030
,,,,,,,,,,,,,,,October 2031
,,,,,,,,,,,,,,,October 2032
,,,,,,,,,,,,,,,October 2033
,,,,,,,,,,,,,,,October 2034
,,,,,,,,,,,,,,,October 2035
,,,,,,,,,,,,,,,November 2024
,,,,,,,,,,,,,,,November 2025
,,,,,,,,,,,,,,,November 2026
,,,,,,,,,,,,,,,November 2027
,,,,,,,,,,,,,,,November 2028
,,,,,,,,,,,,,,,November 2029
,,,,,,,,,,,,,,,November 2030
,,,,,,,,,,,,,,,November 2031
,,,,,,,,,,,,,,,November 2032
,,,,,,,,,,,,,,,November 2033
,,,,,,,,,,,,,,,November 2034
,,,,,,,,,,,,,,,November 2035
,,,,,,,,,,,,,,,December 2024
,,,,,,,,,,,,,,,December 2025
,,,,,,,,,,,,,,,December 2026
,,,,,,,,,,,,,,,December 2027
,,,,,,,,,,,,,,,December 2028
,,,,,,,,,,,,,,,December 2029
,,,,,,,,,,,,,,,December 2030
,,,,,,,,,,,,,,,December 2031
,,,,,,,,,,,,,,,December 2032
,,,,,,,,,,,,,,,December 2033
,,,,,,,,,,,,,,,December 2034
,,,,,,,,,,,,,,,December 2035