DISCIPLINED TRADER DAILY JOURNAL,,,,,,,,,
,,,,,,,,,
,,,,,,,,,
D#,TRADING DATE,TRADING DAYS,WHAT DID I DO WRONG TODAY?,,,WHAT DID I DO RIGHT?,,,WHAT TO DO BETTER TO IMPROVE <1% TOMORROW?
,,,,,,,,,
Day 1,"October 2, 2024",Wednesday,Proper schematic entry,,,Accept a loss,,,I need to keep on accepting my daily loss. No addidn lots. No early entry
Day 2,"October 3, 2024",Thursday,"I did worse, because i did not journal yesterday. I made a first loss becaus ei entered early without a proper schematic entry method. i did not follow the MMM rules because iw as trying to get in earlier.Went into drawdown of 1000 USD.",,,I did not eat before trading.,,,I need to stick to the RTM daily loss. No more istakes about entry and RTM daily loss
Day 3,"October 4, 2024",Friday,M kòmanse ap fè senaryo epi panse kijan m ka touche rapid. Depim fè jan de senaryo sa yo nan yon sans m kite plan m te genyen yan oubyen règ m sipoze swiv chak jou yo. m TOUJOU PÈDI ANPIL KÒB PROCHEN JOU WA DEPI MAP FÈ JAN DE EGZÈSIS SA YO.,,,A yon moman done m antre nan tilt men m jis fèmen pou jounen yan.,,,M sipoze kanpe nan fè egzèsis poum konn kilè map touche . M sipoze fokis sou long tèm trading.
Day 4,"October 7, 2024",Monday,"M pa fè okenn analiz, m antre nan trade baze sou feeling mwen, m antre an profi e men atenn tagèt jounen yan men m pa sekirizelmache ya tounen kont mwen, m pase jounen yan de van PC ya. M  louvri PC ya nan maten sanm poko regle zafè Aiden. Yè sete yon veritab kaos paskem pa swiv paln ak chemen ki trase poum antre nan yon trade. Malgre trade la vinn ale an favèm m vinn rantre ak 13 lots pandan map anseye. M pa sipoze nan trade pandan map anseye.",,,M kanpe trade pou jounen yan aprem finn pèdi. Konsa m ka reflechi next step apre move pèt sa,,,"M sipoze defini estratejim m chwazi poum trade chak jou wa, m sipoze li sam ekri yè epi fè analiz avanm trade. Msipoze kanpe trade nan maten bonè, m ispoze pran profi otomatikman m reach daily target la, pa riske tròp lajan. depi trade la pa reponn ak sa wap tann de li ya koupel. trade de fason senp se mye"
Day 5,"October 8, 2024",Tuesday,,,,,,,
Day 6,"October 9, 2024",Wednesday,,,,,,,
Day 7,"October 10, 2024",Thursday,,,,,,,
Day 8,"October 11, 2024",Friday,,,,,,,
Day 9,"October 14, 2024",Monday,,,,,,,
Day 10,"October 15, 2024",Tuesday,,,,,,,
Day 11,"October 16, 2024",Wednesday,,,,,,,
Day 12,"October 17, 2024",Thursday,,,,,,,
Day 13,"October 18, 2024",Friday,,,,,,,
Day 14,"October 21, 2024",Monday,,,,,,,
Day 15,"October 22, 2024",Tuesday,,,,,,,
Day 16,"October 23, 2024",Wednesday,,,,,,,
Day 17,"October 24, 2024",Thursday,,,,,,,
Day 18,"October 25, 2024",Friday,,,,,,,
Day 19,"October 28, 2024",Monday,,,,,,,
Day 20,"October 29, 2024",Tuesday,,,,,,,
Day 21,"October 30, 2024",Wednesday,,,,,,,
Day 22,"October 31, 2024",Thursday,,,,,,,
Day 23,"November 1, 2024",Friday,,,,,,,
,,,,,,,,,
D#,TRADING DATE,TRADING DAYS,WHAT DID I DO WRONG TODAY?,,,WHAT DID I DO RIGHT?,,,WHAT TO DO BETTER TO IMPROVE <1% TOMORROW?
,,,,,,,,,
Day 1,"November 1, 2024",Friday,,,,,,,
Day 2,"November 4, 2024",Monday,,,,,,,
Day 3,"November 5, 2024",Tuesday,,,,,,,
Day 4,"November 6, 2024",Wednesday,,,,,,,
Day 5,"November 7, 2024",Thursday,,,,,,,
Day 6,"November 8, 2024",Friday,,,,,,,
Day 7,"November 11, 2024",Monday,,,,,,,
Day 8,"November 12, 2024",Tuesday,,,,,,,
Day 9,"November 13, 2024",Wednesday,,,,,,,
Day 10,"November 14, 2024",Thursday,,,,,,,
Day 11,"November 15, 2024",Friday,,,,,,,
Day 12,"November 18, 2024",Monday,,,,,,,
Day 13,"November 19, 2024",Tuesday,,,,,,,
Day 14,"November 20, 2024",Wednesday,,,,,,,
Day 15,"November 21, 2024",Thursday,,,,,,,
Day 16,"November 22, 2024",Friday,,,,,,,
Day 17,"November 25, 2024",Monday,,,,,,,
Day 18,"November 26, 2024",Tuesday,,,,,,,
Day 19,"November 27, 2024",Wednesday,,,,,,,
Day 20,"November 28, 2024",Thursday,,,,,,,
Day 21,"November 29, 2024",Friday,,,,,,,
,,,,,,,,,
D#,TRADING DATE,TRADING DAYS,WHAT DID I DO WRONG TODAY?,,,WHAT DID I DO RIGHT?,,,WHAT TO DO BETTER TO IMPROVE <1% TOMORROW?
,,,,,,,,,
Day 1,"December 2, 2024",Monday,,,,,,,
Day 2,"December 3, 2024",Tuesday,,,,,,,
Day 3,"December 4, 2024",Wednesday,,,,,,,
Day 4,"December 5, 2024",Thursday,,,,,,,
Day 5,"December 6, 2024",Friday,,,,,,,
Day 6,"December 9, 2024",Monday,,,,,,,
Day 7,"December 10, 2024",Tuesday,,,,,,,
Day 8,"December 11, 2024",Wednesday,,,,,,,
Day 9,"December 12, 2024",Thursday,,,,,,,
Day 10,"December 13, 2024",Friday,,,,,,,
Day 11,"December 16, 2024",Monday,,,,,,,
Day 12,"December 17, 2024",Tuesday,,,,,,,
Day 13,"December 18, 2024",Wednesday,,,,,,,
Day 14,"December 19, 2024",Thursday,,,,,,,
Day 15,"December 20, 2024",Friday,,,,,,,
Day 16,"December 23, 2024",Monday,,,,,,,
Day 17,"December 24, 2024",Tuesday,,,,,,,
Day 18,"December 25, 2024",Wednesday,,,,,,,
Day 19,"December 26, 2024",Thursday,,,,,,,
Day 20,"December 27, 2024",Friday,,,,,,,
Day 21,"December 30, 2024",Monday,,,,,,,
Day 22,"December 31, 2024",Tuesday,,,,,,,
,,,,,,,,,
D#,TRADING DATE,TRADING DAYS,WHAT DID I DO WRONG TODAY?,,,WHAT DID I DO RIGHT?,,,WHAT TO DO BETTER TO IMPROVE <1% TOMORROW?
,,,,,,,,,
Day 1,"January 1, 2025",Wednesday,,,,,,,
Day 2,"January 2, 2025",Thursday,,,,,,,
Day 3,"January 3, 2025",Friday,,,,,,,
Day 4,"January 6, 2025",Monday,,,,,,,
Day 5,"January 7, 2025",Tuesday,,,,,,,
Day 6,"January 8, 2025",Wednesday,,,,,,,
Day 7,"January 9, 2025",Thursday,,,,,,,
Day 8,"January 10, 2025",Friday,,,,,,,
Day 9,"January 13, 2025",Monday,,,,,,,
Day 10,"January 14, 2025",Tuesday,,,,,,,
Day 11,"January 15, 2025",Wednesday,,,,,,,
Day 12,"January 16, 2025",Thursday,,,,,,,
Day 13,"January 17, 2025",Friday,,,,,,,
Day 14,"January 20, 2025",Monday,,,,,,,
Day 15,"January 21, 2025",Tuesday,,,,,,,
Day 16,"January 22, 2025",Wednesday,,,,,,,
Day 17,"January 23, 2025",Thursday,,,,,,,
Day 18,"January 24, 2025",Friday,,,,,,,
Day 19,"January 27, 2025",Monday,,,,,,,
Day 20,"January 28, 2025",Tuesday,,,,,,,
Day 21,"January 29, 2025",Wednesday,,,,,,,
Day 22,"January 30, 2025",Thursday,,,,,,,
Day 23,"January 31, 2025",Friday,,,,,,,
,,,,,,,,,
D#,TRADING DATE,TRADING DAYS,WHAT DID I DO WRONG TODAY?,,,WHAT DID I DO RIGHT?,,,WHAT TO DO BETTER TO IMPROVE <1% TOMORROW?
,,,,,,,,,
Day 1,"February 2, 2025",CLOSED,,,,,,,
Day 2,"February 3, 2025",Monday,,,,,,,
Day 3,"February 4, 2025",Tuesday,,,,,,,
Day 4,"February 5, 2025",Wednesday,,,,,,,
Day 5,"February 6, 2025",Thursday,,,,,,,
Day 6,"February 7, 2025",Friday,,,,,,,
Day 7,"February 10, 2025",Monday,,,,,,,
Day 8,"February 11, 2025",Tuesday,,,,,,,
Day 9,"February 12, 2025",Wednesday,,,,,,,
Day 10,"February 13, 2025",Thursday,,,,,,,
Day 11,"February 14, 2025",Friday,,,,,,,
Day 12,"February 17, 2025",Monday,,,,,,,
Day 13,"February 18, 2025",Tuesday,,,,,,,
Day 14,"February 19, 2025",Wednesday,,,,,,,
Day 15,"February 20, 2025",Thursday,,,,,,,
Day 16,"February 21, 2025",Friday,,,,,,,
Day 17,"February 24, 2025",Monday,,,,,,,
Day 18,"February 25, 2025",Tuesday,,,,,,,
Day 19,"February 26, 2025",Wednesday,,,,,,,
Day 20,"February 27, 2025",Thursday,,,,,,,
Day 21,"February 28, 2025",Friday,,,,,,,
,,,,,,,,,
D#,TRADING DATE,TRADING DAYS,WHAT DID I DO WRONG TODAY?,,,WHAT DID I DO RIGHT?,,,WHAT TO DO BETTER TO IMPROVE <1% TOMORROW?
,,,,,,,,,
Day 1,"March 3, 2025",Monday,,,,,,,
Day 2,"March 4, 2025",Tuesday,,,,,,,
Day 3,"March 5, 2025",Wednesday,,,,,,,
Day 4,"March 6, 2025",Thursday,,,,,,,
Day 5,"March 7, 2025",Friday,,,,,,,
Day 6,"March 10, 2025",Monday,,,,,,,
Day 7,"March 11, 2025",Tuesday,,,,,,,
Day 8,"March 12, 2025",Wednesday,,,,,,,
Day 9,"March 13, 2025",Thursday,,,,,,,
Day 10,"March 14, 2025",Friday,,,,,,,
Day 11,"March 17, 2025",Monday,,,,,,,
Day 12,"March 18, 2025",Tuesday,,,,,,,
Day 13,"March 19, 2025",Wednesday,,,,,,,
Day 14,"March 20, 2025",Thursday,,,,,,,
Day 15,"March 21, 2025",Friday,,,,,,,
Day 16,"March 24, 2025",Monday,,,,,,,
Day 17,"March 25, 2025",Tuesday,,,,,,,
Day 18,"March 26, 2025",Wednesday,,,,,,,
Day 19,"March 27, 2025",Thursday,,,,,,,
Day 20,"March 28, 2025",Friday,,,,,,,
Day 21,"March 31, 2025",Monday,,,,,,,
,,,,,,,,,
D#,TRADING DATE,TRADING DAYS,WHAT DID I DO WRONG TODAY?,,,WHAT DID I DO RIGHT?,,,WHAT TO DO BETTER TO IMPROVE <1% TOMORROW?
,,,,,,,,,
Day 1,"April 1, 2025",Tuesday,,,,,,,
Day 2,"April 2, 2025",Wednesday,,,,,,,
Day 3,"April 3, 2025",Thursday,,,,,,,
Day 4,"April 4, 2025",Friday,,,,,,,
Day 5,"April 7, 2025",Monday,,,,,,,
Day 6,"April 8, 2025",Tuesday,,,,,,,
Day 7,"April 9, 2025",Wednesday,,,,,,,
Day 8,"April 10, 2025",Thursday,,,,,,,
Day 9,"April 11, 2025",Friday,,,,,,,
Day 10,"April 14, 2025",Monday,,,,,,,
Day 11,"April 15, 2025",Tuesday,,,,,,,
Day 12,"April 16, 2025",Wednesday,,,,,,,
Day 13,"April 17, 2025",Thursday,,,,,,,
Day 14,"April 18, 2025",Friday,,,,,,,
Day 15,"April 21, 2025",Monday,,,,,,,
Day 16,"April 22, 2025",Tuesday,,,,,,,
Day 17,"April 23, 2025",Wednesday,,,,,,,
Day 18,"April 24, 2025",Thursday,,,,,,,
Day 19,"April 25, 2025",Friday,,,,,,,
Day 20,"April 28, 2025",Monday,,,,,,,
Day 21,"April 29, 2025",Tuesday,,,,,,,
Day 22,"April 30, 2025",Wednesday,,,,,,,
,,,,,,,,,
D#,TRADING DATE,TRADING DAYS,WHAT DID I DO WRONG TODAY?,,,WHAT DID I DO RIGHT?,,,WHAT TO DO BETTER TO IMPROVE <1% TOMORROW?
,,,,,,,,,
Day 1,"May 1, 2025",Thursday,,,,,,,
Day 2,"May 2, 2025",Friday,,,,,,,
Day 3,"May 5, 2025",Monday,,,,,,,
Day 4,"May 6, 2025",Tuesday,,,,,,,
Day 5,"May 7, 2025",Wednesday,,,,,,,
Day 6,"May 8, 2025",Thursday,,,,,,,
Day 7,"May 9, 2025",Friday,,,,,,,
Day 8,"May 12, 2025",Monday,,,,,,,
Day 9,"May 13, 2025",Tuesday,,,,,,,
Day 10,"May 14, 2025",Wednesday,,,,,,,
Day 11,"May 15, 2025",Thursday,,,,,,,
Day 12,"May 16, 2025",Friday,,,,,,,
Day 13,"May 19, 2025",Monday,,,,,,,
Day 14,"May 20, 2025",Tuesday,,,,,,,
Day 15,"May 21, 2025",Wednesday,,,,,,,
Day 16,"May 22, 2025",Thursday,,,,,,,
Day 17,"May 23, 2025",Friday,,,,,,,
Day 18,"May 26, 2025",Monday,,,,,,,
Day 19,"May 27, 2025",Tuesday,,,,,,,
Day 20,"May 28, 2025",Wednesday,,,,,,,
Day 21,"May 29, 2025",Thursday,,,,,,,
Day 22,"May 30, 2025",Friday,,,,,,,
,,,,,,,,,
D#,TRADING DATE,TRADING DAYS,WHAT DID I DO WRONG TODAY?,,,WHAT DID I DO RIGHT?,,,WHAT TO DO BETTER TO IMPROVE <1% TOMORROW?
,,,,,,,,,
Day 1,"June 2, 2025",Monday,,,,,,,
Day 2,"June 3, 2025",Tuesday,,,,,,,
Day 3,"June 4, 2025",Wednesday,,,,,,,
Day 4,"June 5, 2025",Thursday,,,,,,,
Day 5,"June 6, 2025",Friday,,,,,,,
Day 6,"June 9, 2025",Monday,,,,,,,
Day 7,"June 10, 2025",Tuesday,,,,,,,
Day 8,"June 11, 2025",Wednesday,,,,,,,
Day 9,"June 12, 2025",Thursday,,,,,,,
Day 10,"June 13, 2025",Friday,,,,,,,
Day 11,"June 16, 2025",Monday,,,,,,,
Day 12,"June 17, 2025",Tuesday,,,,,,,
Day 13,"June 18, 2025",Wednesday,,,,,,,
Day 14,"June 19, 2025",Thursday,,,,,,,
Day 15,"June 20, 2025",Friday,,,,,,,
Day 16,"June 23, 2025",Monday,,,,,,,
Day 17,"June 24, 2025",Tuesday,,,,,,,
Day 18,"June 25, 2025",Wednesday,,,,,,,
Day 19,"June 26, 2025",Thursday,,,,,,,
Day 20,"June 27, 2025",Friday,,,,,,,
Day 21,"June 30, 2025",Monday,,,,,,,
,,,,,,,,,
D#,TRADING DATE,TRADING DAYS,WHAT DID I DO WRONG TODAY?,,,WHAT DID I DO RIGHT?,,,WHAT TO DO BETTER TO IMPROVE <1% TOMORROW?
,,,,,,,,,
Day 1,"July 1, 2025",Tuesday,,,,,,,
Day 2,"July 2, 2025",Wednesday,,,,,,,
Day 3,"July 3, 2025",Thursday,,,,,,,
Day 4,"July 4, 2025",Friday,,,,,,,
Day 5,"July 7, 2025",Monday,,,,,,,
Day 6,"July 8, 2025",Tuesday,,,,,,,
Day 7,"July 9, 2025",Wednesday,,,,,,,
Day 8,"July 10, 2025",Thursday,,,,,,,
Day 9,"July 11, 2025",Friday,,,,,,,
Day 10,"July 14, 2025",Monday,,,,,,,
Day 11,"July 15, 2025",Tuesday,,,,,,,
Day 12,"July 16, 2025",Wednesday,,,,,,,
Day 13,"July 17, 2025",Thursday,,,,,,,
Day 14,"July 18, 2025",Friday,,,,,,,
Day 15,"July 21, 2025",Monday,,,,,,,
Day 16,"July 22, 2025",Tuesday,,,,,,,
Day 17,"July 23, 2025",Wednesday,,,,,,,
Day 18,"July 24, 2025",Thursday,,,,,,,
Day 19,"July 25, 2025",Friday,,,,,,,
Day 20,"July 28, 2025",Monday,,,,,,,
Day 21,"July 29, 2025",Tuesday,,,,,,,
Day 22,"July 30, 2025",Wednesday,,,,,,,
Day 23,"July 31, 2025",Thursday,,,,,,,
,,,,,,,,,
D#,TRADING DATE,TRADING DAYS,WHAT DID I DO WRONG TODAY?,,,WHAT DID I DO RIGHT?,,,WHAT TO DO BETTER TO IMPROVE <1% TOMORROW?
,,,,,,,,,
Day 1,"August 1, 2025",Friday,,,,,,,
Day 2,"August 4, 2025",Monday,,,,,,,
Day 3,"August 5, 2025",Tuesday,,,,,,,
Day 4,"August 6, 2025",Wednesday,,,,,,,
Day 5,"August 7, 2025",Thursday,,,,,,,
Day 6,"August 8, 2025",Friday,,,,,,,
Day 7,"August 11, 2025",Monday,,,,,,,
Day 8,"August 12, 2025",Tuesday,,,,,,,
Day 9,"August 13, 2025",Wednesday,,,,,,,
Day 10,"August 14, 2025",Thursday,,,,,,,
Day 11,"August 15, 2025",Friday,,,,,,,
Day 12,"August 18, 2025",Monday,,,,,,,
Day 13,"August 19, 2025",Tuesday,,,,,,,
Day 14,"August 20, 2025",Wednesday,,,,,,,
Day 15,"August 21, 2025",Thursday,,,,,,,
Day 16,"August 22, 2025",Friday,,,,,,,
Day 17,"August 25, 2025",Monday,,,,,,,
Day 18,"August 26, 2025",Tuesday,,,,,,,
Day 19,"August 27, 2025",Wednesday,,,,,,,
Day 20,"August 28, 2025",Thursday,,,,,,,
Day 21,"August 29, 2025",Friday,,,,,,,
,,,,,,,,,
D#,TRADING DATE,TRADING DAYS,WHAT DID I DO WRONG TODAY?,,,WHAT DID I DO RIGHT?,,,WHAT TO DO BETTER TO IMPROVE <1% TOMORROW?
,,,,,,,,,
Day 1,"September 1, 2025",Monday,,,,,,,
Day 2,"September 2, 2025",Tuesday,,,,,,,
Day 3,"September 3, 2025",Wednesday,,,,,,,
Day 4,"September 4, 2025",Thursday,,,,,,,
Day 5,"September 5, 2025",Friday,,,,,,,
Day 6,"September 8, 2025",Monday,,,,,,,
Day 7,"September 9, 2025",Tuesday,,,,,,,
Day 8,"September 10, 2025",Wednesday,,,,,,,
Day 9,"September 11, 2025",Thursday,,,,,,,
Day 10,"September 12, 2025",Friday,,,,,,,
Day 11,"September 15, 2025",Monday,,,,,,,
Day 12,"September 16, 2025",Tuesday,,,,,,,
Day 13,"September 17, 2025",Wednesday,,,,,,,
Day 14,"September 18, 2025",Thursday,,,,,,,
Day 15,"September 19, 2025",Friday,,,,,,,
Day 16,"September 22, 2025",Monday,,,,,,,
Day 17,"September 23, 2025",Tuesday,,,,,,,
Day 18,"September 24, 2025",Wednesday,,,,,,,
Day 19,"September 25, 2025",Thursday,,,,,,,
Day 20,"September 26, 2025",Friday,,,,,,,
Day 21,"September 29, 2025",Monday,,,,,,,
Day 22,"September 30, 2025",Tuesday,,,,,,,
,,,,,,,,,
D#,TRADING DATE,TRADING DAYS,WHAT DID I DO WRONG TODAY?,,,WHAT DID I DO RIGHT?,,,WHAT TO DO BETTER TO IMPROVE <1% TOMORROW?
,,,,,,,,,
Day 1,"October 1, 2025",Wednesday,,,,,,,
Day 2,"October 2, 2025",Thursday,,,,,,,
Day 3,"October 3, 2025",Friday,,,,,,,
Day 4,"October 6, 2025",Monday,,,,,,,
Day 5,"October 7, 2025",Tuesday,,,,,,,
Day 6,"October 8, 2025",Wednesday,,,,,,,
Day 7,"October 9, 2025",Thursday,,,,,,,
Day 8,"October 10, 2025",Friday,,,,,,,
Day 9,"October 13, 2025",Monday,,,,,,,
Day 10,"October 14, 2025",Tuesday,,,,,,,
Day 11,"October 15, 2025",Wednesday,,,,,,,
Day 12,"October 16, 2025",Thursday,,,,,,,
Day 13,"October 17, 2025",Friday,,,,,,,
Day 14,"October 20, 2025",Monday,,,,,,,
Day 15,"October 21, 2025",Tuesday,,,,,,,
Day 16,"October 22, 2025",Wednesday,,,,,,,
Day 17,"October 23, 2025",Thursday,,,,,,,
Day 18,"October 24, 2025",Friday,,,,,,,
Day 19,"October 27, 2025",Monday,,,,,,,
Day 20,"October 28, 2025",Tuesday,,,,,,,
Day 21,"October 29, 2025",Wednesday,,,,,,,
Day 22,"October 30, 2025",Thursday,,,,,,,
,,,,,,,,,
D#,TRADING DATE,TRADING DAYS,WHAT DID I DO WRONG TODAY?,,,WHAT DID I DO RIGHT?,,,WHAT TO DO BETTER TO IMPROVE <1% TOMORROW?
,,,,,,,,,
Day 1,"November 3, 2025",Monday,,,,,,,
Day 2,"November 4, 2025",Tuesday,,,,,,,
Day 3,"November 5, 2025",Wednesday,,,,,,,
Day 4,"November 6, 2025",Thursday,,,,,,,
Day 5,"November 7, 2025",Friday,,,,,,,
Day 6,"November 10, 2025",Monday,,,,,,,
Day 7,"November 11, 2025",Tuesday,,,,,,,
Day 8,"November 12, 2025",Wednesday,,,,,,,
Day 9,"November 13, 2025",Thursday,,,,,,,
Day 10,"November 14, 2025",Friday,,,,,,,
Day 11,"November 17, 2025",Monday,,,,,,,
Day 12,"November 18, 2025",Tuesday,,,,,,,
Day 13,"November 19, 2025",Wednesday,,,,,,,
Day 14,"November 20, 2025",Thursday,,,,,,,
Day 15,"November 21, 2025",Friday,,,,,,,
Day 16,"November 24, 2025",Monday,,,,,,,
Day 17,"November 25, 2025",Tuesday,,,,,,,
Day 18,"November 26, 2025",Wednesday,,,,,,,
Day 19,"November 27, 2025",Thursday,,,,,,,
Day 20,"November 28, 2025",Friday,,,,,,,
,,,,,,,,,
D#,TRADING DATE,TRADING DAYS,WHAT DID I DO WRONG TODAY?,,,WHAT DID I DO RIGHT?,,,WHAT TO DO BETTER TO IMPROVE <1% TOMORROW?
,,,,,,,,,
Day 1,"December 1, 2025",Monday,,,,,,,
Day 2,"December 2, 2025",Tuesday,,,,,,,
Day 3,"December 3, 2025",Wednesday,,,,,,,
Day 4,"December 4, 2025",Thursday,,,,,,,
Day 5,"December 5, 2025",Friday,,,,,,,
Day 6,"December 8, 2025",Monday,,,,,,,
Day 7,"December 9, 2025",Tuesday,,,,,,,
Day 8,"December 10, 2025",Wednesday,,,,,,,
Day 9,"December 11, 2025",Thursday,,,,,,,
Day 10,"December 12, 2025",Friday,,,,,,,
Day 11,"December 15, 2025",Monday,,,,,,,
Day 12,"December 16, 2025",Tuesday,,,,,,,
Day 13,"December 17, 2025",Wednesday,,,,,,,
Day 14,"December 18, 2025",Thursday,,,,,,,
Day 15,"December 19, 2025",Friday,,,,,,,
Day 16,"December 22, 2025",Monday,,,,,,,
Day 17,"December 23, 2025",Tuesday,,,,,,,
Day 18,"December 24, 2025",Wednesday,,,,,,,
Day 19,"December 25, 2025",Thursday,,,,,,,
Day 20,"December 26, 2025",Friday,,,,,,,
Day 21,"December 29, 2025",Monday,,,,,,,
Day 22,"December 30, 2025",Tuesday,,,,,,,
Day 23,"December 31, 2025",Wednesday,,,,,,,
Day 24,"January 1, 2026",Thursday,,,,,,,