orderId,Account,Order ID,B/S,Contract,Product,Product Description,avgPrice,filledQty,Fill Time,lastCommandId,Status,_priceFormat,_priceFormatType,_tickSize,spreadDefinitionId,Version ID,Timestamp,Date,Quantity,Text,Type,Limit Price,Stop Price,decimalLimit,decimalStop,Filled Qty,Avg Fill Price,decimalFillAvg
24579270004,EXPRESSTST2216103,24579270004, Sell,ESZ3,ES,E-Mini S&P 500,,,,24579270004, Canceled,-2,0,0.25,,24579270004,10/17/2023 19:07:25,10/17/23,1,Tradingview, Limit,4395.50,,4395.5,,,,
24579270010,EXPRESSTST2216103,24579270010, Sell,ESZ3,ES,E-Mini S&P 500,4395.5,1,10/17/2023 19:16:21,24579270010, Filled,-2,0,0.25,,24579270010,10/17/2023 19:08:36,10/17/23,1,Tradingview, Limit,4395.50,,4395.5,,1,4395.50,4395.5
24579270017,EXPRESSTST2216103,24579270017, Sell,ESZ3,ES,E-Mini S&P 500,4391.25,2,10/17/2023 19:18:02,24579270020, Filled,-2,0,0.25,,24579270020,10/17/2023 19:17:48,10/17/23,2,Tradingview, Stop,,4391.25,,4391.25,2,4391.25,4391.25
24579270027,EXPRESSTST2216103,24579270027, Buy,ESZ3,ES,E-Mini S&P 500,4389.0,3,10/17/2023 19:56:07,24579270098, Filled,-2,0,0.25,,24579270098,10/17/2023 19:56:01,10/17/23,3,Tradingview, Stop,,4389.00,,4389.0,3,4389.00,4389.0
24579270109,EXPRESSTST2216103,24579270109, Sell,ESZ3,ES,E-Mini S&P 500,,,,24579270112, Canceled,-2,0,0.25,,24579270112,10/17/2023 20:09:16,10/17/23,1,Tradingview, Limit,4393.75,,4393.75,,,,
24579270119,EXPRESSTST2216103,24579270119, Sell,ESZ3,ES,E-Mini S&P 500,,,,24579270119, Canceled,-2,0,0.25,,24579270119,10/17/2023 20:10:21,10/17/23,1,Tradingview, Stop,,4391.50,,4391.5,,,
24579270125,EXPRESSTST2216103,24579270125, Sell,ESZ3,ES,E-Mini S&P 500,4394.0,1,10/17/2023 20:13:23,24579270136, Filled,-2,0,0.25,,24579270136,10/17/2023 20:13:17,10/17/23,1,Tradingview, Stop,,4394.00,,4394.0,1,4394.00,4394.0
24579270143,EXPRESSTST2216103,24579270143, Buy,ESZ3,ES,E-Mini S&P 500,,,,24579270154, Canceled,-2,0,0.25,,24579270154,10/17/2023 20:17:54,10/17/23,1,Tradingview, Stop,,4408.75,,4408.75,,,
24579270158,EXPRESSTST2216103,24579270158, Buy,ESZ3,ES,E-Mini S&P 500,4393.75,1,10/17/2023 20:35:10,24579270158, Filled,-2,0,0.25,,24579270158,10/17/2023 20:34:49,10/17/23,1,Tradingview, Stop,,4393.75,,4393.75,1,4393.75,4393.75
24579270174,EXPRESSTST2216103,24579270174, Buy,ESZ3,ES,E-Mini S&P 500,,,,24579270174, Canceled,-2,0,0.25,,24579270174,10/18/2023 04:10:05,10/18/23,1,Tradingview, Limit,4395.50,,4395.5,,,,
24579270180,EXPRESSTST2216103,24579270180, Buy,ESZ3,ES,E-Mini S&P 500,4395.5,1,10/18/2023 04:12:05,24579270195, Filled,-2,0,0.25,,24579270195,10/18/2023 04:12:01,10/18/23,1,Tradingview, Limit,4395.50,,4395.5,,1,4395.50,4395.5
24579270181,EXPRESSTST2216103,24579270181, Sell,ESZ3,ES,E-Mini S&P 500,4394.75,1,10/18/2023 04:12:12,24579270207, Filled,-2,0,0.25,,24579270207,10/18/2023 04:12:05,10/18/23,1,Tradingview, Stop,,4394.75,,4394.75,1,4394.75,4394.75
24579270182,EXPRESSTST2216103,24579270182, Sell,ESZ3,ES,E-Mini S&P 500,,,,24579270218, Canceled,-2,0,0.25,,24579270218,10/18/2023 04:12:12,10/18/23,1,Tradingview, Limit,4412.75,,4412.75,,,,
24579270230,EXPRESSTST2216103,24579270230, Buy,ESZ3,ES,E-Mini S&P 500,4395.0,1,10/18/2023 04:13:47,24579270237, Filled,-2,0,0.25,,24579270237,10/18/2023 04:13:45,10/18/23,1,Tradingview, Limit,4395.00,,4395.0,,1,4395.00,4395.0
24579270231,EXPRESSTST2216103,24579270231, Sell,ESZ3,ES,E-Mini S&P 500,4396.0,1,10/18/2023 05:56:00,24579270316, Filled,-2,0,0.25,,24579270316,10/18/2023 05:33:56,10/18/23,1,Tradingview, Stop,,4396.00,,4396.0,1,4396.00,4396.0
24579270232,EXPRESSTST2216103,24579270232, Sell,ESZ3,ES,E-Mini S&P 500,,,,24579270274, Canceled,-2,0,0.25,,24579270274,10/18/2023 04:15:14,10/18/23,1,Tradingview, Limit,4412.50,,4412.5,,,,
24579270290,EXPRESSTST2216103,24579270290, Buy,ESZ3,ES,E-Mini S&P 500,,,,24579270290, Canceled,-2,0,0.25,,24579270290,10/18/2023 04:30:52,10/18/23,1,Tradingview, Stop,,4394.25,,4394.25,,,
24579270328,EXPRESSTST2216103,24579270328, Buy,ESZ3,ES,E-Mini S&P 500,4394.5,1,10/18/2023 06:11:25,24579270328, Filled,-2,0,0.25,,24579270328,10/18/2023 06:11:25,10/18/23,1,Tradingview, Limit,4394.50,,4394.5,,1,4394.50,4394.5
24579270329,EXPRESSTST2216103,24579270329, Sell,ESZ3,ES,E-Mini S&P 500,4394.75,1,10/18/2023 06:26:39,24579270358, Filled,-2,0,0.25,,24579270358,10/18/2023 06:23:18,10/18/23,1,Tradingview, Stop,,4394.75,,4394.75,1,4394.75,4394.75
24579270330,EXPRESSTST2216103,24579270330, Sell,ESZ3,ES,E-Mini S&P 500,,,,24579270338, Canceled,-2,0,0.25,,24579270338,10/18/2023 06:11:25,10/18/23,1,Tradingview, Limit,4403.50,,4403.5,,,,
24579270370,EXPRESSTST2216103,24579270370, Buy,ESZ3,ES,E-Mini S&P 500,4394.5,1,10/18/2023 07:03:39,24579270370, Filled,-2,0,0.25,,24579270370,10/18/2023 07:03:03,10/18/23,1,Tradingview, Limit,4394.50,,4394.5,,1,4394.50,4394.5
24579270371,EXPRESSTST2216103,24579270371, Sell,ESZ3,ES,E-Mini S&P 500,4394.75,1,10/18/2023 07:19:02,24579270404, Filled,-2,0,0.25,,24579270404,10/18/2023 07:17:02,10/18/23,1,Tradingview, Stop,,4394.75,,4394.75,1,4394.75,4394.75
24579270372,EXPRESSTST2216103,24579270372, Sell,ESZ3,ES,E-Mini S&P 500,,,,24579270380, Canceled,-2,0,0.25,,24579270380,10/18/2023 07:03:39,10/18/23,1,Tradingview, Limit,4403.50,,4403.5,,,,
24579270408,EXPRESSTST2216103,24579270408, Buy,ESZ3,ES,E-Mini S&P 500,,,,24579270411, Canceled,-2,0,0.25,,24579270411,10/18/2023 07:18:33,10/18/23,1,Tradingview, Stop,,4396.25,,4396.25,,,
24579270426,EXPRESSTST2216103,24579270426, Buy,ESZ3,ES,E-Mini S&P 500,4394.5,1,10/18/2023 07:25:22,24579270426, Filled,-2,0,0.25,,24579270426,10/18/2023 07:25:18,10/18/23,1,Tradingview, Stop,,4394.50,,4394.5,1,4394.50,4394.5
24579270427,EXPRESSTST2216103,24579270427, Sell,ESZ3,ES,E-Mini S&P 500,4394.75,1,10/18/2023 07:40:22,24579270444, Filled,-2,0,0.25,,24579270444,10/18/2023 07:36:37,10/18/23,1,Tradingview, Stop,,4394.75,,4394.75,1,4394.75,4394.75
24579270428,EXPRESSTST2216103,24579270428, Sell,ESZ3,ES,E-Mini S&P 500,,,,24579270436, Canceled,-2,0,0.25,,24579270436,10/18/2023 07:25:22,10/18/23,1,Tradingview, Limit,4403.50,,4403.5,,,,
24579270456,EXPRESSTST2216103,24579270456, Buy,ESZ3,ES,E-Mini S&P 500,,,,24579270456, Canceled,-2,0,0.25,,24579270456,10/18/2023 09:22:27,10/18/23,1,Tradingview, Limit,4389.50,,4389.5,,,,
24579270462,EXPRESSTST2216103,24579270462, Buy,ESZ3,ES,E-Mini S&P 500,4389.75,1,10/18/2023 09:22:46,24579270462, Filled,-2,0,0.25,,24579270462,10/18/2023 09:22:44,10/18/23,1,Tradingview, Limit,4389.75,,4389.75,,1,4389.75,4389.75
24579270463,EXPRESSTST2216103,24579270463, Sell,ESZ3,ES,E-Mini S&P 500,4392.0,1,10/18/2023 09:33:03,24579270526, Filled,-2,0,0.25,,24579270526,10/18/2023 09:32:57,10/18/23,1,Tradingview, Stop,,4392.00,,4392.0,1,4392.00,4392.0
24579270464,EXPRESSTST2216103,24579270464, Sell,ESZ3,ES,E-Mini S&P 500,,,,24579270492, Canceled,-2,0,0.25,,24579270492,10/18/2023 09:22:59,10/18/23,1,Tradingview, Limit,4400.25,,4400.25,,,,
24579270508,EXPRESSTST2216103,24579270508, Buy,ESZ3,ES,E-Mini S&P 500,4393.5,1,10/18/2023 09:31:37,24579270508, Filled,-2,0,0.25,,24579270508,10/18/2023 09:31:37,10/18/23,1,Tradingview, Market,,,,,1,4393.50,4393.5
24579270538,EXPRESSTST2216103,24579270538, Sell,ESZ3,ES,E-Mini S&P 500,4393.75,1,10/18/2023 09:40:13,24579270541, Filled,-2,0,0.25,,24579270541,10/18/2023 09:39:34,10/18/23,1,Tradingview, Stop,,4393.75,,4393.75,1,4393.75,4393.75
24579270550,EXPRESSTST2216103,24579270550, Buy,ESZ3,ES,E-Mini S&P 500,4395.5,1,10/18/2023 09:52:07,24579270578, Filled,-2,0,0.25,,24579270578,10/18/2023 09:51:24,10/18/23,1,Tradingview, Limit,4395.50,,4395.5,,1,4395.50,4395.5
24579270557,EXPRESSTST2216103,24579270557, Buy,ESZ3,ES,E-Mini S&P 500,4394.25,1,10/18/2023 09:48:05,24579270557, Filled,-2,0,0.25,,24579270557,10/18/2023 09:48:05,10/18/23,1,Tradingview, Market,,,,,1,4394.25,4394.25
24579270571,EXPRESSTST2216103,24579270571, Buy,ESZ3,ES,E-Mini S&P 500,,,,24579270589, Canceled,-2,0,0.25,,24579270589,10/18/2023 09:52:19,10/18/23,1,Tradingview, Stop,,4396.50,,4396.5,,,
24579270596,EXPRESSTST2216103,24579270596, Sell,ESZ3,ES,E-Mini S&P 500,,,,24579270603, Canceled,-2,0,0.25,,24579270603,10/18/2023 09:54:00,10/18/23,2,Tradingview, Stop,,4390.50,,4390.5,,,
24579270610,EXPRESSTST2216103,24579270610, Sell,ESZ3,ES,E-Mini S&P 500,4395.25,2,10/18/2023 09:54:22,24579270610, Filled,-2,0,0.25,,24579270610,10/18/2023 09:54:22,10/18/23,2,Exit, Market,,,,,2,4395.25,4395.25
24579270620,EXPRESSTST2216103,24579270620, Buy,ESZ3,ES,E-Mini S&P 500,,,,24579270637, Canceled,-2,0,0.25,,24579270637,10/18/2023 09:57:16,10/18/23,2,Tradingview, Limit,4393.25,,4393.25,,,,
24579270627,EXPRESSTST2216103,24579270627, Buy,ESZ3,ES,E-Mini S&P 500,,,,24579270630, Canceled,-2,0,0.25,,24579270630,10/18/2023 09:56:44,10/18/23,1,Tradingview, Limit,4394.00,,4394.0,,,,
24579270641,EXPRESSTST2216103,24579270641, Buy,ESZ3,ES,E-Mini S&P 500,,,,24579270641, Rejected,-2,0,0.25,,24579270641,10/18/2023 10:00:34,10/18/23,2,Tradingview, Limit,4394.25,,4394.25,,,,
24579270643,EXPRESSTST2216103,24579270643, Buy,ESZ3,ES,E-Mini S&P 500,4394.25,1,10/18/2023 10:01:17,24579270643, Filled,-2,0,0.25,,24579270643,10/18/2023 10:01:13,10/18/23,1,Tradingview, Limit,4394.25,,4394.25,,1,4394.25,4394.25
24579270652,EXPRESSTST2216103,24579270652, Buy,ESZ3,ES,E-Mini S&P 500,4393.25,1,10/18/2023 10:04:48,24579270679, Filled,-2,0,0.25,,24579270679,10/18/2023 10:04:20,10/18/23,1,Tradingview, Limit,4393.25,,4393.25,,1,4393.25,4393.25
24579270653,EXPRESSTST2216103,24579270653, Sell,ESZ3,ES,E-Mini S&P 500,4394.5,3,10/18/2023 10:25:04,24579270738, Filled,-2,0,0.25,,24579270738,10/18/2023 10:22:53,10/18/23,3,Tradingview, Stop,,4394.50,,4394.5,3,4394.50,4394.5
24579270654,EXPRESSTST2216103,24579270654, Sell,ESZ3,ES,E-Mini S&P 500,,,,24579270753, Canceled,-2,0,0.25,,24579270753,10/18/2023 10:25:04,10/18/23,1,Tradingview, Limit,4407.00,,4407.0,,,,
24579270728,EXPRESSTST2216103,24579270728, Buy,ESZ3,ES,E-Mini S&P 500,4395.0,1,10/18/2023 10:22:39,24579270728, Filled,-2,0,0.25,,24579270728,10/18/2023 10:22:37,10/18/23,1,Tradingview, Limit,4395.00,,4395.0,,1,4395.00,4395.0
24579270765,EXPRESSTST2216103,24579270765, Sell,ESZ3,ES,E-Mini S&P 500,,,,24579270768, Canceled,-2,0,0.25,,24579270768,10/18/2023 10:45:55,10/18/23,1,Tradingview, Limit,4389.50,,4389.5,,,,
24579270772,EXPRESSTST2216103,24579270772, Sell,ESZ3,ES,E-Mini S&P 500,4388.5,1,10/18/2023 10:48:00,24579270772, Filled,-2,0,0.25,,24579270772,10/18/2023 10:46:05,10/18/23,1,Tradingview, Limit,4388.50,,4388.5,,1,4388.50,4388.5
24579270781,EXPRESSTST2216103,24579270781, Buy,ESZ3,ES,E-Mini S&P 500,4387.75,1,10/18/2023 11:03:09,24579270781, Filled,-2,0,0.25,,24579270781,10/18/2023 11:03:09,10/18/23,1,Exit, Market,,,,,1,4387.75,4387.75
24579270789,EXPRESSTST2216103,24579270789, Sell,ESZ3,ES,E-Mini S&P 500,,,,24579270796, Canceled,-2,0,0.25,,24579270796,10/18/2023 11:10:12,10/18/23,1,Tradingview, Limit,4389.50,,4389.5,,,,
24579270790,EXPRESSTST2216103,24579270790, Buy,ESZ3,ES,E-Mini S&P 500,,,,24579270798, Canceled,-2,0,0.25,,24579270798,10/18/2023 11:10:12,10/18/23,1,Tradingview, Stop,,4397.25,,4397.25,,,
24579270791,EXPRESSTST2216103,24579270791, Buy,ESZ3,ES,E-Mini S&P 500,,,,24579270800, Canceled,-2,0,0.25,,24579270800,10/18/2023 11:10:12,10/18/23,1,Tradingview, Limit,4374.50,,4374.5,,,,
24579270804,EXPRESSTST2216103,24579270804, Sell,ESZ3,ES,E-Mini S&P 500,4386.5,1,10/18/2023 11:18:26,24579270815, Filled,-2,0,0.25,,24579270815,10/18/2023 11:18:00,10/18/23,1,Tradingview, Stop,,4386.50,,4386.5,1,4386.50,4386.5
24579270833,EXPRESSTST2216103,24579270833, Buy,ESZ3,ES,E-Mini S&P 500,,,,24579270840, Canceled,-2,0,0.25,,24579270840,10/18/2023 11:23:11,10/18/23,1,Tradingview, Stop,,4386.00,,4386.0,,,
24579270844,EXPRESSTST2216103,24579270844, Sell,ESZ3,ES,E-Mini S&P 500,,,,24579270844, Canceled,-2,0,0.25,,24579270844,10/18/2023 11:25:17,10/18/23,1,Tradingview, Limit,4383.75,,4383.75,,,,
24579270853,EXPRESSTST2216103,24579270853, Buy,ESZ3,ES,E-Mini S&P 500,4382.25,1,10/18/2023 11:35:25,24579270853, Filled,-2,0,0.25,,24579270853,10/18/2023 11:35:25,10/18/23,1,Exit, Market,,,,,1,4382.25,4382.25
24579270861,EXPRESSTST2216103,24579270861, Buy,ESZ3,ES,E-Mini S&P 500,4380.0,2,10/18/2023 11:51:37,24579270861, Filled,-2,0,0.25,,24579270861,10/18/2023 11:51:37,10/18/23,2,Tradingview, Limit,4380.25,,4380.25,,2,4380.00,4380.0
24579270867,EXPRESSTST2216103,24579270867, Sell,ESZ3,ES,E-Mini S&P 500,4381.5,1,10/18/2023 12:12:46,24579270890, Filled,-2,0,0.25,,24579270890,10/18/2023 12:05:45,10/18/23,1,Tradingview, Stop,,4381.50,,4381.5,1,4381.50,4381.5
24579270894,EXPRESSTST2216103,24579270894, Buy,ESZ3,ES,E-Mini S&P 500,,,,24579270894, Canceled,-2,0,0.25,,24579270894,10/18/2023 12:11:53,10/18/23,1,Tradingview, Stop,,4383.50,,4383.5,,,
24579270905,EXPRESSTST2216103,24579270905, Sell,ESZ3,ES,E-Mini S&P 500,4381.25,2,10/18/2023 12:23:37,24579270953, Filled,-2,0,0.25,,24579270953,10/18/2023 12:21:41,10/18/23,2,Tradingview, Stop,,4381.25,,4381.25,2,4381.25,4381.25
24579270908,EXPRESSTST2216103,24579270908, Buy,ESZ3,ES,E-Mini S&P 500,,,,24579270908, Canceled,-2,0,0.25,,24579270908,10/18/2023 12:15:11,10/18/23,1,Tradingview, Limit,4382.00,,4382.0,,,,
24579270918,EXPRESSTST2216103,24579270918, Buy,ESZ3,ES,E-Mini S&P 500,,,,24579270918, Canceled,-2,0,0.25,,24579270918,10/18/2023 12:17:27,10/18/23,1,Tradingview, Limit,4383.00,,4383.0,,,,
24579270932,EXPRESSTST2216103,24579270932, Buy,ESZ3,ES,E-Mini S&P 500,4382.25,1,10/18/2023 12:21:21,24579270935, Filled,-2,0,0.25,,24579270935,10/18/2023 12:19:29,10/18/23,1,Tradingview, Limit,4382.25,,4382.25,,1,4382.25,4382.25
24579270943,EXPRESSTST2216103,24579270943, Buy,ESZ3,ES,E-Mini S&P 500,,,,24579270943, Canceled,-2,0,0.25,,24579270943,10/18/2023 12:21:12,10/18/23,1,Tradingview, Stop,,4383.25,,4383.25,,,
24579270967,EXPRESSTST2216103,24579270967, Buy,ESZ3,ES,E-Mini S&P 500,4383.5,1,10/18/2023 12:41:33,24579271000, Filled,-2,0,0.25,,24579271000,10/18/2023 12:33:31,10/18/23,1,Tradingview, Limit,4383.50,,4383.5,,1,4383.50,4383.5
24579270968,EXPRESSTST2216103,24579270968, Sell,ESZ3,ES,E-Mini S&P 500,4384.25,3,10/18/2023 13:13:54,24579271095, Filled,-2,0,0.25,,24579271095,10/18/2023 13:11:35,10/18/23,3,Tradingview, Stop,,4384.25,,4384.25,3,4384.25,4384.25
24579270969,EXPRESSTST2216103,24579270969, Sell,ESZ3,ES,E-Mini S&P 500,,,,24579271043, Canceled,-2,0,0.25,,24579271043,10/18/2023 12:42:27,10/18/23,3,Tradingview, Limit,4394.75,,4394.75,,,,
24579270982,EXPRESSTST2216103,24579270982, Buy,ESZ3,ES,E-Mini S&P 500,4384.0,1,10/18/2023 12:32:28,24579270982, Filled,-2,0,0.25,,24579270982,10/18/2023 12:32:28,10/18/23,1,Tradingview, Market,,,,,1,4384.00,4384.0
24579271012,EXPRESSTST2216103,24579271012, Buy,ESZ3,ES,E-Mini S&P 500,4384.5,1,10/18/2023 12:37:41,24579271012, Filled,-2,0,0.25,,24579271012,10/18/2023 12:35:26,10/18/23,1,Tradingview, Limit,4384.50,,4384.5,,1,4384.50,4384.5
24579271111,EXPRESSTST2216103,24579271111, Buy,ESZ3,ES,E-Mini S&P 500,,,,24579271111, Canceled,-2,0,0.25,,24579271111,10/18/2023 13:15:30,10/18/23,3,Tradingview, Stop,,4386.75,,4386.75,,,
24579271117,EXPRESSTST2216103,24579271117, Buy,ESZ3,ES,E-Mini S&P 500,4388.0,2,10/18/2023 13:21:38,24579271130, Filled,-2,0,0.25,,24579271130,10/18/2023 13:21:14,10/18/23,2,Tradingview, Limit,4388.00,,4388.0,,2,4388.00,4388.0
24579271124,EXPRESSTST2216103,24579271124, Buy,ESZ3,ES,E-Mini S&P 500,4387.5,1,10/18/2023 13:18:41,24579271124, Filled,-2,0,0.25,,24579271124,10/18/2023 13:18:41,10/18/23,1,Tradingview, Market,,,,,1,4387.50,4387.5
24579271137,EXPRESSTST2216103,24579271137, Sell,ESZ3,ES,E-Mini S&P 500,4384.5,3,10/18/2023 15:07:57,24579271272, Filled,-2,0,0.25,,24579271272,10/18/2023 15:07:23,10/18/23,3,Tradingview, Stop,,4384.50,,4384.5,3,4384.50,4384.5
24579271283,EXPRESSTST2216103,24579271283, Buy,ESZ3,ES,E-Mini S&P 500,4381.75,3,10/18/2023 15:18:03,24579271283, Filled,-2,0,0.25,,24579271283,10/18/2023 15:18:03,10/18/23,3,Tradingview, Limit,4381.75,,4381.75,,3,4381.75,4381.75
24579271289,EXPRESSTST2216103,24579271289, Sell,ESZ3,ES,E-Mini S&P 500,4383.25,3,10/18/2023 15:26:56,24579271344, Filled,-2,0,0.25,,24579271344,10/18/2023 15:25:43,10/18/23,3,Tradingview, Stop,,4383.25,,4383.25,3,4383.25,4383.25
24579271353,EXPRESSTST2216103,24579271353, Sell,ESZ3,ES,E-Mini S&P 500,4369.0,1,10/18/2023 16:01:56,24579271353, Filled,-2,0,0.25,,24579271353,10/18/2023 16:01:37,10/18/23,1,Tradingview, Limit,4369.00,,4369.0,,1,4369.00,4369.0
24579271359,EXPRESSTST2216103,24579271359, Sell,ESZ3,ES,E-Mini S&P 500,4371.5,2,10/18/2023 16:38:28,24579271359, Filled,-2,0,0.25,,24579271359,10/18/2023 16:38:12,10/18/23,2,Tradingview, Limit,4371.50,,4371.5,,2,4371.50,4371.5
24579271365,EXPRESSTST2216103,24579271365, Buy,ESZ3,ES,E-Mini S&P 500,4370.25,2,10/18/2023 16:40:33,24579271365, Filled,-2,0,0.25,,24579271365,10/18/2023 16:40:33,10/18/23,2,Tradingview, Stop,,4370.25,,4370.25,2,4370.25,4370.25
24579271375,EXPRESSTST2216103,24579271375, Buy,ESZ3,ES,E-Mini S&P 500,4371.0,1,10/18/2023 16:42:26,24579271378, Filled,-2,0,0.25,,24579271378,10/18/2023 16:42:01,10/18/23,1,Tradingview, Stop,,4371.00,,4371.0,1,4371.00,4371.0
24579271387,EXPRESSTST2216103,24579271387, Sell,ESZ3,ES,E-Mini S&P 500,4369.5,1,10/18/2023 16:45:22,24579271390, Filled,-2,0,0.25,,24579271390,10/18/2023 16:44:13,10/18/23,1,Tradingview, Limit,4369.50,,4369.5,,1,4369.50,4369.5
24579271394,EXPRESSTST2216103,24579271394, Sell,ESZ3,ES,E-Mini S&P 500,4368.25,1,10/18/2023 16:44:40,24579271394, Filled,-2,0,0.25,,24579271394,10/18/2023 16:44:26,10/18/23,1,Tradingview, Limit,4368.25,,4368.25,,1,4368.25,4368.25
24579271400,EXPRESSTST2216103,24579271400, Sell,ESZ3,ES,E-Mini S&P 500,,,,24579271400, Canceled,-2,0,0.25,,24579271400,10/18/2023 16:44:58,10/18/23,1,Tradingview, Limit,4370.50,,4370.5,,,,
24579271409,EXPRESSTST2216103,24579271409, Buy,ESZ3,ES,E-Mini S&P 500,4367.0,2,10/18/2023 16:50:21,24579271432, Filled,-2,0,0.25,,24579271432,10/18/2023 16:49:56,10/18/23,2,Tradingview, Stop,,4367.00,,4367.0,2,4367.00,4367.0
24579271443,EXPRESSTST2216103,24579271443, Sell,ESZ3,ES,E-Mini S&P 500,4365.5,1,10/18/2023 16:51:53,24579271446, Filled,-2,0,0.25,,24579271446,10/18/2023 16:51:51,10/18/23,1,Tradingview, Limit,4365.50,,4365.5,,1,4365.50,4365.5
24579271453,EXPRESSTST2216103,24579271453, Sell,ESZ3,ES,E-Mini S&P 500,4367.25,2,10/18/2023 16:55:14,24579271456, Filled,-2,0,0.25,,24579271456,10/18/2023 16:55:05,10/18/23,2,Tradingview, Limit,4367.25,,4367.25,,2,4367.25,4367.25
24579271463,EXPRESSTST2216103,24579271463, Buy,ESZ3,ES,E-Mini S&P 500,4366.25,2,10/18/2023 17:00:06,24579271463, Filled,-2,0,0.25,,24579271463,10/18/2023 17:00:04,10/18/23,2,Tradingview, Stop,,4366.25,,4366.25,2,4366.25,4366.25
24579271473,EXPRESSTST2216103,24579271473, Buy,ESZ3,ES,E-Mini S&P 500,4365.25,1,10/18/2023 17:03:31,24579271500, Filled,-2,0,0.25,,24579271500,10/18/2023 17:02:58,10/18/23,1,Tradingview, Stop,,4365.25,,4365.25,1,4365.25,4365.25
24579271509,EXPRESSTST2216103,24579271509, Buy,ESZ3,ES,E-Mini S&P 500,4370.5,1,10/18/2023 17:05:24,24579271509, Filled,-2,0,0.25,,24579271509,10/18/2023 17:05:08,10/18/23,1,Tradingview, Limit,4370.50,,4370.5,,1,4370.50,4370.5
24579271512,EXPRESSTST2216103,24579271512, Buy,ESZ3,ES,E-Mini S&P 500,,,,24579271518, Canceled,-2,0,0.25,,24579271518,10/18/2023 17:05:35,10/18/23,2,Tradingview, Stop,,4374.75,,4374.75,,,
24579271525,EXPRESSTST2216103,24579271525, Buy,ESZ3,ES,E-Mini S&P 500,,,,24579271525, Canceled,-2,0,0.25,,24579271525,10/18/2023 17:06:38,10/18/23,2,Tradingview, Limit,4364.25,,4364.25,,,,
24579271531,EXPRESSTST2216103,24579271531, Buy,ESZ3,ES,E-Mini S&P 500,,,,24579271531, Canceled,-2,0,0.25,,24579271531,10/18/2023 17:08:12,10/18/23,2,Tradingview, Stop,,4374.00,,4374.0,,,
24579271537,EXPRESSTST2216103,24579271537, Buy,ESZ3,ES,E-Mini S&P 500,4372.5,2,10/18/2023 17:09:25,24579271537, Filled,-2,0,0.25,,24579271537,10/18/2023 17:09:23,10/18/23,2,Tradingview, Stop,,4372.50,,4372.5,2,4372.50,4372.5
24579271543,EXPRESSTST2216103,24579271543, Sell,ESZ3,ES,E-Mini S&P 500,,,,24579271543, Canceled,-2,0,0.25,,24579271543,10/18/2023 18:05:00,10/18/23,3,Tradingview, Stop,,4363.50,,4363.5,,,
24579271549,EXPRESSTST2216103,24579271549, Sell,ESZ3,ES,E-Mini S&P 500,4372.5,3,10/18/2023 18:13:03,24579271549, Filled,-2,0,0.25,,24579271549,10/18/2023 18:12:17,10/18/23,3,Tradingview, Stop,,4372.50,,4372.5,3,4372.50,4372.5
24579271564,EXPRESSTST2216103,24579271564, Buy,ESZ3,ES,E-Mini S&P 500,4373.5,1,10/18/2023 18:13:37,24579271564, Filled,-2,0,0.25,,24579271564,10/18/2023 18:13:37,10/18/23,1,Tradingview, Limit,4373.50,,4373.5,,1,4373.50,4373.5
24579271570,EXPRESSTST2216103,24579271570, Sell,ESZ3,ES,E-Mini S&P 500,4373.75,1,10/18/2023 18:14:53,24579271570, Filled,-2,0,0.25,,24579271570,10/18/2023 18:14:37,10/18/23,1,Tradingview, Stop,,4373.75,,4373.75,1,4373.75,4373.75
24579271578,EXPRESSTST2216103,24579271578, Sell,ESZ3,ES,E-Mini S&P 500,,,,24579271578, Canceled,-2,0,0.25,,24579271578,10/18/2023 18:20:09,10/18/23,1,Tradingview, Limit,4374.25,,4374.25,,,,
24579271584,EXPRESSTST2216103,24579271584, Sell,ESZ3,ES,E-Mini S&P 500,4371.5,1,10/18/2023 18:21:21,24579271584, Filled,-2,0,0.25,,24579271584,10/18/2023 18:20:33,10/18/23,1,Tradingview, Stop,,4371.50,,4371.5,1,4371.50,4371.5
24579271590,EXPRESSTST2216103,24579271590, Buy,ESZ3,ES,E-Mini S&P 500,,,,24579271601, Canceled,-2,0,0.25,,24579271601,10/18/2023 18:27:42,10/18/23,1,Tradingview, Stop,,4374.00,,4374.0,,,
24579271608,EXPRESSTST2216103,24579271608, Buy,ESZ3,ES,E-Mini S&P 500,4370.5,1,10/18/2023 18:29:30,24579271608, Filled,-2,0,0.25,,24579271608,10/18/2023 18:29:30,10/18/23,1,Exit, Market,,,,,1,4370.50,4370.5
24579271616,EXPRESSTST2216103,24579271616, Buy,ESZ3,ES,E-Mini S&P 500,4355.0,1,10/18/2023 18:39:32,24579271616, Filled,-2,0,0.25,,24579271616,10/18/2023 18:39:32,10/18/23,1,Tradingview, Limit,4355.75,,4355.75,,1,4355.00,4355.0
24579271622,EXPRESSTST2216103,24579271622, Sell,ESZ3,ES,E-Mini S&P 500,4355.25,1,10/18/2023 18:41:56,24579271622, Filled,-2,0,0.25,,24579271622,10/18/2023 18:41:20,10/18/23,1,Tradingview, Stop,,4355.25,,4355.25,1,4355.25,4355.25
24579271630,EXPRESSTST2216103,24579271630, Buy,ESZ3,ES,E-Mini S&P 500,,,,24579271633, Canceled,-2,0,0.25,,24579271633,10/18/2023 18:56:02,10/18/23,1,Tradingview, Limit,4358.50,,4358.5,,,,
24579271640,EXPRESSTST2216103,24579271640, Sell,MESZ3,MES,Micro E-mini S&P 500,,,,24579271663, Canceled,-2,0,0.25,,24579271663,10/18/2023 19:05:02,10/18/23,1,Tradingview, Limit,4368.50,,4368.5,,,,
24579271641,EXPRESSTST2216103,24579271641, Buy,MESZ3,MES,Micro E-mini S&P 500,,,,24579271665, Canceled,-2,0,0.25,,24579271665,10/18/2023 19:05:02,10/18/23,1,Tradingview, Stop,,4379.75,,4379.75,,,
24579271642,EXPRESSTST2216103,24579271642, Buy,MESZ3,MES,Micro E-mini S&P 500,,,,24579271667, Canceled,-2,0,0.25,,24579271667,10/18/2023 19:05:02,10/18/23,1,Tradingview, Limit,4351.00,,4351.0,,,,
24579271686,EXPRESSTST2216103,24579271686, Sell,ESZ3,ES,E-Mini S&P 500,4363.0,1,10/18/2023 19:06:26,24579271697, Filled,-2,0,0.25,,24579271697,10/18/2023 19:06:25,10/18/23,1,Tradingview, Limit,4363.00,,4363.0,,1,4363.00,4363.0
24579271704,EXPRESSTST2216103,24579271704, Buy,ESZ3,ES,E-Mini S&P 500,4362.75,1,10/18/2023 19:17:35,24579271707, Filled,-2,0,0.25,,24579271707,10/18/2023 19:16:26,10/18/23,1,Tradingview, Stop,,4362.75,,4362.75,1,4362.75,4362.75
24579271721,EXPRESSTST2216103,24579271721, Buy,ESZ3,ES,E-Mini S&P 500,4330.75,3,10/19/2023 09:32:11,24579271724, Filled,-2,0,0.25,,24579271724,10/19/2023 09:32:10,10/19/23,3,Tradingview, Limit,4330.75,,4330.75,,3,4330.75,4330.75
24579271734,EXPRESSTST2216103,24579271734, Sell,ESZ3,ES,E-Mini S&P 500,4331.25,3,10/19/2023 10:14:20,24579271761, Filled,-2,0,0.25,,24579271761,10/19/2023 10:13:43,10/19/23,3,Tradingview, Stop,,4331.25,,4331.25,3,4331.25,4331.25
24579271772,EXPRESSTST2216103,24579271772, Buy,ESZ3,ES,E-Mini S&P 500,,,,24579271772, Canceled,-2,0,0.25,,24579271772,10/19/2023 10:17:29,10/19/23,3,Tradingview, Stop,,4330.50,,4330.5,,,
24579271778,EXPRESSTST2216103,24579271778, Buy,ESZ3,ES,E-Mini S&P 500,4331.25,3,10/19/2023 10:21:42,24579271797, Filled,-2,0,0.25,,24579271797,10/19/2023 10:21:13,10/19/23,3,Tradingview, Limit,4331.25,,4331.25,,3,4331.25,4331.25
24579271804,EXPRESSTST2216103,24579271804, Sell,ESZ3,ES,E-Mini S&P 500,4336.25,3,10/19/2023 10:48:08,24579271863, Filled,-2,0,0.25,,24579271863,10/19/2023 10:48:03,10/19/23,3,Tradingview, Stop,,4336.25,,4336.25,3,4336.25,4336.25
24579271872,EXPRESSTST2216103,24579271872, Buy,ESZ3,ES,E-Mini S&P 500,,,,24579271872, Canceled,-2,0,0.25,,24579271872,10/19/2023 10:53:43,10/19/23,1,Tradingview, Limit,4337.50,,4337.5,,,,
24579271878,EXPRESSTST2216103,24579271878, Sell,ESZ3,ES,E-Mini S&P 500,4338.75,1,10/19/2023 11:02:08,24579271878, Filled,-2,0,0.25,,24579271878,10/19/2023 11:02:08,10/19/23,1,Tradingview, Limit,4338.75,,4338.75,,1,4338.75,4338.75
24579271884,EXPRESSTST2216103,24579271884, Sell,ESZ3,ES,E-Mini S&P 500,4339.75,2,10/19/2023 11:10:03,24579271887, Filled,-2,0,0.25,,24579271887,10/19/2023 11:08:29,10/19/23,2,Tradingview, Stop,,4339.75,,4339.75,2,4339.75,4339.75
24579271894,EXPRESSTST2216103,24579271894, Buy,ESZ3,ES,E-Mini S&P 500,4339.25,3,10/19/2023 12:22:55,24579271941, Filled,-2,0,0.25,,24579271941,10/19/2023 12:22:51,10/19/23,3,Tradingview, Stop,,4339.25,,4339.25,3,4339.25,4339.25
24579271952,EXPRESSTST2216103,24579271952, Sell,ESZ3,ES,E-Mini S&P 500,,,,24579271952, Canceled,-2,0,0.25,,24579271952,10/19/2023 12:25:42,10/19/23,3,Tradingview, Limit,4338.50,,4338.5,,,,
24579271958,EXPRESSTST2216103,24579271958, Sell,ESZ3,ES,E-Mini S&P 500,,,,24579271961, Canceled,-2,0,0.25,,24579271961,10/19/2023 12:35:48,10/19/23,3,Tradingview, Limit,4337.50,,4337.5,,,,
24579271968,EXPRESSTST2216103,24579271968, Buy,ESZ3,ES,E-Mini S&P 500,,,,24579271971, Canceled,-2,0,0.25,,24579271971,10/19/2023 12:38:06,10/19/23,3,Tradingview, Limit,4332.00,,4332.0,,,,
24579271978,EXPRESSTST2216103,24579271978, Sell,ESZ3,ES,E-Mini S&P 500,,,,24579271978, Canceled,-2,0,0.25,,24579271978,10/19/2023 12:45:34,10/19/23,3,Tradingview, Limit,4337.00,,4337.0,,,,
24579271984,EXPRESSTST2216103,24579271984, Sell,ESZ3,ES,E-Mini S&P 500,4337.25,3,10/19/2023 12:48:22,24579271984, Filled,-2,0,0.25,,24579271984,10/19/2023 12:46:58,10/19/23,3,Tradingview, Limit,4337.25,,4337.25,,3,4337.25,4337.25
24579271990,EXPRESSTST2216103,24579271990, Buy,ESZ3,ES,E-Mini S&P 500,4336.75,3,10/19/2023 12:58:07,24579272009, Filled,-2,0,0.25,,24579272009,10/19/2023 12:57:05,10/19/23,3,Tradingview, Stop,,4336.75,,4336.75,3,4336.75,4336.75
24579272023,EXPRESSTST2216103,24579272023, Buy,ESZ3,ES,E-Mini S&P 500,,,,24579272023, Canceled,-2,0,0.25,,24579272023,10/19/2023 17:07:32,10/19/23,1,Tradingview, Stop,,4354.50,,4354.5,,,
24579272029,EXPRESSTST2216103,24579272029, Buy,ESZ3,ES,E-Mini S&P 500,,,,24579272032, Canceled,-2,0,0.25,,24579272032,10/19/2023 17:42:07,10/19/23,1,Tradingview, Limit,4323.50,,4323.5,,,,
24579272039,EXPRESSTST2216103,24579272039, Buy,ESZ3,ES,E-Mini S&P 500,,,,24579272046, Canceled,-2,0,0.25,,24579272046,10/19/2023 17:48:17,10/19/23,1,Tradingview, Limit,4330.25,,4330.25,,,,
24579272053,EXPRESSTST2216103,24579272053, Buy,ESZ3,ES,E-Mini S&P 500,4336.75,1,10/19/2023 17:49:29,24579272053, Filled,-2,0,0.25,,24579272053,10/19/2023 17:49:25,10/19/23,1,Tradingview, Stop,,4336.75,,4336.75,1,4336.75,4336.75
24579272059,EXPRESSTST2216103,24579272059, Sell,ESZ3,ES,E-Mini S&P 500,4337.5,1,10/19/2023 17:50:13,24579272062, Filled,-2,0,0.25,,24579272062,10/19/2023 17:49:45,10/19/23,1,Tradingview, Stop,,4337.50,,4337.5,1,4337.50,4337.5
24579272071,EXPRESSTST2216103,24579272071, Sell,ESZ3,ES,E-Mini S&P 500,,,,24579272082, Canceled,-2,0,0.25,,24579272082,10/19/2023 17:53:26,10/19/23,3,Tradingview, Stop,,4338.75,,4338.75,,,
24579272089,EXPRESSTST2216103,24579272089, Buy,ESZ3,ES,E-Mini S&P 500,4350.5,3,10/19/2023 18:26:33,24579272089, Filled,-2,0,0.25,,24579272089,10/19/2023 18:26:28,10/19/23,3,Tradingview, Stop,,4350.50,,4350.5,3,4350.50,4350.5
24579272095,EXPRESSTST2216103,24579272095, Sell,ESZ3,ES,E-Mini S&P 500,4351.25,3,10/19/2023 18:32:27,24579272102, Filled,-2,0,0.25,,24579272102,10/19/2023 18:32:16,10/19/23,3,Tradingview, Stop,,4351.25,,4351.25,3,4351.25,4351.25
24579272111,EXPRESSTST2216103,24579272111, Buy,ESZ3,ES,E-Mini S&P 500,,,,24579272111, Canceled,-2,0,0.25,,24579272111,10/19/2023 18:56:21,10/19/23,3,Tradingview, Stop,,4337.75,,4337.75,,,
24579272117,EXPRESSTST2216103,24579272117, Buy,ESZ3,ES,E-Mini S&P 500,,,,24579272117, Canceled,-2,0,0.25,,24579272117,10/19/2023 18:57:25,10/19/23,1,Tradingview, Limit,4332.00,,4332.0,,,,
24579272123,EXPRESSTST2216103,24579272123, Buy,ESZ3,ES,E-Mini S&P 500,4332.5,1,10/19/2023 19:01:50,24579272130, Filled,-2,0,0.25,,24579272130,10/19/2023 19:01:18,10/19/23,1,Tradingview, Stop,,4332.50,,4332.5,1,4332.50,4332.5
24579272137,EXPRESSTST2216103,24579272137, Sell,ESZ3,ES,E-Mini S&P 500,4333.75,1,10/19/2023 19:12:45,24579272137, Filled,-2,0,0.25,,24579272137,10/19/2023 19:12:43,10/19/23,1,Tradingview, Stop,,4333.75,,4333.75,1,4333.75,4333.75
24579272145,EXPRESSTST2216103,24579272145, Sell,ESZ3,ES,E-Mini S&P 500,4333.0,1,10/19/2023 19:22:48,24579272145, Filled,-2,0,0.25,,24579272145,10/19/2023 19:22:48,10/19/23,1,Tradingview, Limit,4331.25,,4331.25,,1,4333.00,4333.0
24579272151,EXPRESSTST2216103,24579272151, Sell,ESZ3,ES,E-Mini S&P 500,,,,24579272151, Canceled,-2,0,0.25,,24579272151,10/19/2023 19:23:01,10/19/23,1,Tradingview, Stop,,4325.00,,4325.0,,,
24579272157,EXPRESSTST2216103,24579272157, Buy,ESZ3,ES,E-Mini S&P 500,4332.25,1,10/19/2023 19:23:32,24579272157, Filled,-2,0,0.25,,24579272157,10/19/2023 19:23:32,10/19/23,1,Exit, Market,,,,,1,4332.25,4332.25
24579272165,EXPRESSTST2216103,24579272165, Buy,ESZ3,ES,E-Mini S&P 500,,,,24579272176, Canceled,-2,0,0.25,,24579272176,10/19/2023 19:25:43,10/19/23,1,Tradingview, Stop,,4331.50,,4331.5,,,
24579272183,EXPRESSTST2216103,24579272183, Buy,ESZ3,ES,E-Mini S&P 500,,,,24579272183, Canceled,-2,0,0.25,,24579272183,10/19/2023 19:30:24,10/19/23,1,Tradingview, Stop,,4328.25,,4328.25,,,
24579272189,EXPRESSTST2216103,24579272189, Sell,ESZ3,ES,E-Mini S&P 500,4306.0,1,10/19/2023 19:55:09,24579272189, Filled,-2,0,0.25,,24579272189,10/19/2023 19:55:07,10/19/23,1,Tradingview, Limit,4306.00,,4306.0,,1,4306.00,4306.0
24579272195,EXPRESSTST2216103,24579272195, Buy,ESZ3,ES,E-Mini S&P 500,4305.25,1,10/19/2023 20:16:37,24579272195, Filled,-2,0,0.25,,24579272195,10/19/2023 20:16:27,10/19/23,1,Tradingview, Stop,,4305.25,,4305.25,1,4305.25,4305.25
24579272203,EXPRESSTST2216103,24579272203, Buy,ESZ3,ES,E-Mini S&P 500,4305.5,1,10/19/2023 20:18:12,24579272203, Filled,-2,0,0.25,,24579272203,10/19/2023 20:18:11,10/19/23,1,Tradingview, Stop,,4305.50,,4305.5,1,4305.50,4305.5
24579272209,EXPRESSTST2216103,24579272209, Sell,ESZ3,ES,E-Mini S&P 500,4305.75,1,10/19/2023 20:33:12,24579272256, Filled,-2,0,0.25,,24579272256,10/19/2023 20:32:10,10/19/23,1,Tradingview, Stop,,4305.75,,4305.75,1,4305.75,4305.75
24579272265,EXPRESSTST2216103,24579272265, Buy,ESZ3,ES,E-Mini S&P 500,4307.25,1,10/19/2023 20:34:21,24579272265, Filled,-2,0,0.25,,24579272265,10/19/2023 20:34:21,10/19/23,1,Tradingview, Stop,,4307.25,,4307.25,1,4307.25,4307.25
24579272271,EXPRESSTST2216103,24579272271, Buy,ESZ3,ES,E-Mini S&P 500,4309.5,1,10/19/2023 20:36:09,24579272274, Filled,-2,0,0.25,,24579272274,10/19/2023 20:35:27,10/19/23,1,Tradingview, Stop,,4309.50,,4309.5,1,4309.50,4309.5
24579272281,EXPRESSTST2216103,24579272281, Sell,ESZ3,ES,E-Mini S&P 500,4302.25,2,10/19/2023 20:40:38,24579272281, Filled,-2,0,0.25,,24579272281,10/19/2023 20:40:38,10/19/23,2,Exit, Market,,,,,2,4302.25,4302.25
24579272291,EXPRESSTST2216103,24579272291, Buy,ESZ3,ES,E-Mini S&P 500,,,,24579272302, Canceled,-2,0,0.25,,24579272302,10/19/2023 20:50:52,10/19/23,1,Tradingview, Limit,4304.75,,4304.75,,,,
24579272309,EXPRESSTST2216103,24579272309, Sell,ESZ3,ES,E-Mini S&P 500,,,,24579272309, Canceled,-2,0,0.25,,24579272309,10/19/2023 20:53:55,10/19/23,1,Tradingview, Limit,4309.00,,4309.0,,,,
24579272315,EXPRESSTST2216103,24579272315, Buy,ESZ3,ES,E-Mini S&P 500,4307.75,1,10/19/2023 20:55:37,24579272318, Filled,-2,0,0.25,,24579272318,10/19/2023 20:55:11,10/19/23,1,Tradingview, Stop,,4307.75,,4307.75,1,4307.75,4307.75
24579272325,EXPRESSTST2216103,24579272325, Buy,ESZ3,ES,E-Mini S&P 500,4295.0,2,10/19/2023 21:04:48,24579272328, Filled,-2,0,0.25,,24579272328,10/19/2023 21:04:48,10/19/23,2,Tradingview, Limit,4295.00,,4295.0,,2,4295.00,4295.0
24579272337,EXPRESSTST2216103,24579272337, Sell,ESZ3,ES,E-Mini S&P 500,4295.75,3,10/19/2023 21:10:01,24579272337, Filled,-2,0,0.25,,24579272337,10/19/2023 21:10:01,10/19/23,3,AutoLiq, Market,,,,,3,4295.75,4295.75
24579272352,EXPRESSTST2216103,24579272352, Buy,ESZ3,ES,E-Mini S&P 500,,,,24579272377, Canceled,-2,0,0.25,,24579272377,10/20/2023 09:33:47,10/20/23,1,Tradingview, Limit,4297.25,,4297.25,,,,
24579272355,EXPRESSTST2216103,24579272355, Buy,ESZ3,ES,E-Mini S&P 500,,,,24579272355, Rejected,-2,0,0.25,,24579272355,10/20/2023 09:31:14,10/20/23,2,Tradingview, Limit,4296.75,,4296.75,,,,
24579272361,EXPRESSTST2216103,24579272361, Buy,ESZ3,ES,E-Mini S&P 500,,,,24579272364, Canceled,-2,0,0.25,,24579272364,10/20/2023 09:31:49,10/20/23,2,Tradingview, Limit,4296.75,,4296.75,,,,
24579272372,EXPRESSTST2216103,24579272372, Buy,ESZ3,ES,E-Mini S&P 500,,,,24579272372, Rejected,-2,0,0.25,,24579272372,10/20/2023 09:33:14,10/20/23,2,Tradingview, Limit,4299.75,,4299.75,,,,
24579272381,EXPRESSTST2216103,24579272381, Buy,ESZ3,ES,E-Mini S&P 500,,,,24579272381, Canceled,-2,0,0.25,,24579272381,10/20/2023 09:36:07,10/20/23,1,Tradingview, Limit,4297.25,,4297.25,,,,
24579272382,EXPRESSTST2216103,24579272382, Sell,ESZ3,ES,E-Mini S&P 500,,,,24579272382, Canceled,-2,0,0.25,,24579272382,10/20/2023 09:36:07,10/20/23,1,Tradingview, Stop,,4293.00,,4293.0,,,
24579272383,EXPRESSTST2216103,24579272383, Sell,ESZ3,ES,E-Mini S&P 500,,,,24579272383, Canceled,-2,0,0.25,,24579272383,10/20/2023 09:36:07,10/20/23,1,Tradingview, Limit,4305.75,,4305.75,,,,
24579272400,EXPRESSTST2216103,24579272400, Buy,ESZ3,ES,E-Mini S&P 500,,,,24579272427, Canceled,-2,0,0.25,,24579272427,10/20/2023 09:46:14,10/20/23,1,Tradingview, Limit,4296.75,,4296.75,,,,
24579272401,EXPRESSTST2216103,24579272401, Sell,ESZ3,ES,E-Mini S&P 500,,,,24579272433, Canceled,-2,0,0.25,,24579272433,10/20/2023 09:46:14,10/20/23,1,Tradingview, Stop,,4293.00,,4293.0,,,
24579272402,EXPRESSTST2216103,24579272402, Sell,ESZ3,ES,E-Mini S&P 500,,,,24579272435, Canceled,-2,0,0.25,,24579272435,10/20/2023 09:46:14,10/20/23,1,Tradingview, Limit,4315.50,,4315.5,,,,
24579272415,EXPRESSTST2216103,24579272415, Buy,ESZ3,ES,E-Mini S&P 500,,,,24579272415, Canceled,-2,0,0.25,,24579272415,10/20/2023 09:38:25,10/20/23,1,Tradingview, Limit,4300.75,,4300.75,,,,
24579272421,EXPRESSTST2216103,24579272421, Buy,ESZ3,ES,E-Mini S&P 500,,,,24579272421, Canceled,-2,0,0.25,,24579272421,10/20/2023 09:40:01,10/20/23,1,Tradingview, Limit,4300.25,,4300.25,,,,
24579272439,EXPRESSTST2216103,24579272439, Sell,ESZ3,ES,E-Mini S&P 500,4303.25,3,10/20/2023 09:50:37,24579272446, Filled,-2,0,0.25,,24579272446,10/20/2023 09:50:13,10/20/23,3,Tradingview, Limit,4303.25,,4303.25,,3,4303.25,4303.25
24579272468,EXPRESSTST2216103,24579272468, Buy,ESZ3,ES,E-Mini S&P 500,,,,24579272475, Canceled,-2,0,0.25,,24579272475,10/20/2023 09:57:37,10/20/23,3,Tradingview, Stop,,4302.75,,4302.75,,,
24579272479,EXPRESSTST2216103,24579272479, Buy,ESZ3,ES,E-Mini S&P 500,,,,24579272479, Canceled,-2,0,0.25,,24579272479,10/20/2023 10:04:31,10/20/23,1,Chart, Stop,,4301.25,,4301.25,,,
24579272485,EXPRESSTST2216103,24579272485, Buy,ESZ3,ES,E-Mini S&P 500,,,,24579272485, Canceled,-2,0,0.25,,24579272485,10/20/2023 10:04:59,10/20/23,1,Chart, Stop,,4302.25,,4302.25,,,
24579272491,EXPRESSTST2216103,24579272491, Buy,ESZ3,ES,E-Mini S&P 500,,,,24579272491, Canceled,-2,0,0.25,,24579272491,10/20/2023 10:05:15,10/20/23,3,Chart, Stop,,4301.50,,4301.5,,,
24579272497,EXPRESSTST2216103,24579272497, Buy,ESZ3,ES,E-Mini S&P 500,,,,24579272497, Canceled,-2,0,0.25,,24579272497,10/20/2023 10:13:28,10/20/23,3,Chart, Stop,,4300.75,,4300.75,,,
24579272503,EXPRESSTST2216103,24579272503, Buy,ESZ3,ES,E-Mini S&P 500,,,,24579272503, Canceled,-2,0,0.25,,24579272503,10/20/2023 10:15:41,10/20/23,3,Chart, Stop,,4300.00,,4300.0,,,
24579272512,EXPRESSTST2216103,24579272512, Buy,ESZ3,ES,E-Mini S&P 500,,,,24579272512, Canceled,-2,0,0.25,,24579272512,10/20/2023 10:19:59,10/20/23,3,Chart, Stop,,4301.25,,4301.25,,,
24579272518,EXPRESSTST2216103,24579272518, Buy,ESZ3,ES,E-Mini S&P 500,,,,24579272649, Canceled,-2,0,0.25,,24579272649,10/20/2023 12:45:15,10/20/23,3,Chart, Stop,,4297.50,,4297.5,,,
24579272656,EXPRESSTST2216103,24579272656, Buy,ESZ3,ES,E-Mini S&P 500,,,,24579272656, Canceled,-2,0,0.25,,24579272656,10/20/2023 12:49:40,10/20/23,3,Chart, Stop,,4298.50,,4298.5,,,
24579272662,EXPRESSTST2216103,24579272662, Buy,ESZ3,ES,E-Mini S&P 500,,,,24579272662, Canceled,-2,0,0.25,,24579272662,10/20/2023 12:54:17,10/20/23,3,Chart, Stop,,4299.25,,4299.25,,,
24579272668,EXPRESSTST2216103,24579272668, Buy,ESZ3,ES,E-Mini S&P 500,,,,24579272755, Canceled,-2,0,0.25,,24579272755,10/20/2023 15:12:05,10/20/23,3,Chart, Stop,,4286.00,,4286.0,,,
24579272762,EXPRESSTST2216103,24579272762, Buy,ESZ3,ES,E-Mini S&P 500,,,,24579272762, Canceled,-2,0,0.25,,24579272762,10/20/2023 15:17:41,10/20/23,3,Chart, Stop,,4281.75,,4281.75,,,
24579272768,EXPRESSTST2216103,24579272768, Buy,ESZ3,ES,E-Mini S&P 500,4265.25,3,10/20/2023 16:48:02,24579272795, Filled,-2,0,0.25,,24579272795,10/20/2023 16:30:15,10/20/23,3,Chart, Stop,,4265.25,,4265.25,3,4265.25,4265.25
24579272804,EXPRESSTST2216103,24579272804, Buy,ESZ3,ES,E-Mini S&P 500,4262.5,1,10/20/2023 17:07:06,24579272804, Filled,-2,0,0.25,,24579272804,10/20/2023 16:50:35,10/20/23,1,Tradingview, Limit,4262.50,,4262.5,,1,4262.50,4262.5
24579272807,EXPRESSTST2216103,24579272807, Sell,ESZ3,ES,E-Mini S&P 500,4265.75,1,10/20/2023 17:26:43,24579272823, Filled,-2,0,0.25,,24579272823,10/20/2023 17:26:32,10/20/23,1,Tradingview, Stop,,4265.75,,4265.75,1,4265.75,4265.75
24579272817,EXPRESSTST2216103,24579272817, Buy,ESZ3,ES,E-Mini S&P 500,4268.0,1,10/20/2023 17:26:28,24579272817, Filled,-2,0,0.25,,24579272817,10/20/2023 17:26:25,10/20/23,1,Tradingview, Limit,4268.00,,4268.0,,1,4268.00,4268.0
24579272832,EXPRESSTST2216103,24579272832, Sell,ESZ3,ES,E-Mini S&P 500,4269.5,1,10/20/2023 17:41:21,24579272863, Filled,-2,0,0.25,,24579272863,10/20/2023 17:41:04,10/20/23,1,Tradingview, Stop,,4269.50,,4269.5,1,4269.50,4269.5
24579272872,EXPRESSTST2216103,24579272872, Buy,ESZ3,ES,E-Mini S&P 500,,,,24579272872, Canceled,-2,0,0.25,,24579272872,10/20/2023 17:50:27,10/20/23,1,Tradingview, Limit,4273.00,,4273.0,,,,
24579272875,EXPRESSTST2216103,24579272875, Sell,ESZ3,ES,E-Mini S&P 500,,,,24579272875, Canceled,-2,0,0.25,,24579272875,10/20/2023 17:50:36,10/20/23,1,Tradingview, Stop,,4268.50,,4268.5,,,
24579272884,EXPRESSTST2216103,24579272884, Buy,ESZ3,ES,E-Mini S&P 500,4273.0,1,10/20/2023 17:51:45,24579272899, Filled,-2,0,0.25,,24579272899,10/20/2023 17:51:35,10/20/23,1,Tradingview, Limit,4273.00,,4273.0,,1,4273.00,4273.0
24579272885,EXPRESSTST2216103,24579272885, Sell,ESZ3,ES,E-Mini S&P 500,4273.5,1,10/20/2023 18:03:37,24579272934, Filled,-2,0,0.25,,24579272934,10/20/2023 18:02:16,10/20/23,1,Tradingview, Stop,,4273.50,,4273.5,1,4273.50,4273.5
24579272886,EXPRESSTST2216103,24579272886, Sell,ESZ3,ES,E-Mini S&P 500,,,,24579272910, Canceled,-2,0,0.25,,24579272910,10/20/2023 17:51:45,10/20/23,1,Tradingview, Limit,4288.25,,4288.25,,,,
24579272946,EXPRESSTST2216103,24579272946, Buy,ESZ3,ES,E-Mini S&P 500,4260.0,3,10/20/2023 20:29:00,24579272946, Filled,-2,0,0.25,,24579272946,10/20/2023 20:28:37,10/20/23,3,Chart, Stop,,4260.00,,4260.0,3,4260.00,4260.0
24579272952,EXPRESSTST2216103,24579272952, Sell,ESZ3,ES,E-Mini S&P 500,,,,24579272952, Canceled,-2,0,0.25,,24579272952,10/20/2023 20:29:12,10/20/23,3,Chart, Stop,,4256.50,,4256.5,,,
24579272955,EXPRESSTST2216103,24579272955, Sell,ESZ3,ES,E-Mini S&P 500,4260.75,1,10/20/2023 20:30:38,24579272955, Filled,-2,0,0.25,,24579272955,10/20/2023 20:30:16,10/20/23,1,Tradingview, Stop,,4260.75,,4260.75,1,4260.75,4260.75
24579272966,EXPRESSTST2216103,24579272966, Sell,ESZ3,ES,E-Mini S&P 500,4260.5,2,10/20/2023 20:31:59,24579272969, Filled,-2,0,0.25,,24579272969,10/20/2023 20:31:43,10/20/23,2,Tradingview, Stop,,4260.50,,4260.5,2,4260.50,4260.5
24579272983,EXPRESSTST2216103,24579272983, Sell,ESZ3,ES,E-Mini S&P 500,,,,24579272983, Canceled,-2,0,0.25,,24579272983,10/23/2023 08:50:35,10/23/23,2,Tradingview, Limit,4247.00,,4247.0,,,,
24579272989,EXPRESSTST2216103,24579272989, Buy,ESZ3,ES,E-Mini S&P 500,,,,24579272999, Canceled,-2,0,0.25,,24579272999,10/23/2023 09:11:14,10/23/23,1,Tradingview, Limit,4240.00,,4240.0,,,,
24579272992,EXPRESSTST2216103,24579272992, Buy,ESZ3,ES,E-Mini S&P 500,,,,24579273045, Canceled,-2,0,0.25,,24579273045,10/23/2023 09:18:26,10/23/23,2,Tradingview, Limit,4236.00,,4236.0,,,,
24579273007,EXPRESSTST2216103,24579273007, Buy,ESZ3,ES,E-Mini S&P 500,,,,24579273007, Canceled,-2,0,0.25,,24579273007,10/23/2023 09:12:06,10/23/23,1,Tradingview, Limit,4240.00,,4240.0,,,,
24579273008,EXPRESSTST2216103,24579273008, Sell,ESZ3,ES,E-Mini S&P 500,,,,24579273008, Canceled,-2,0,0.25,,24579273008,10/23/2023 09:12:06,10/23/23,1,Tradingview, Stop,,4233.50,,4233.5,,,
24579273009,EXPRESSTST2216103,24579273009, Sell,ESZ3,ES,E-Mini S&P 500,,,,24579273009, Canceled,-2,0,0.25,,24579273009,10/23/2023 09:12:06,10/23/23,1,Tradingview, Limit,4248.50,,4248.5,,,,
24579273026,EXPRESSTST2216103,24579273026, Buy,ESZ3,ES,E-Mini S&P 500,,,,24579273061, Canceled,-2,0,0.25,,24579273061,10/23/2023 09:19:00,10/23/23,1,Tradingview, Limit,4238.75,,4238.75,,,,
24579273027,EXPRESSTST2216103,24579273027, Sell,ESZ3,ES,E-Mini S&P 500,,,,24579273067, Canceled,-2,0,0.25,,24579273067,10/23/2023 09:19:00,10/23/23,1,Tradingview, Stop,,4233.50,,4233.5,,,
24579273028,EXPRESSTST2216103,24579273028, Sell,ESZ3,ES,E-Mini S&P 500,,,,24579273069, Canceled,-2,0,0.25,,24579273069,10/23/2023 09:19:00,10/23/23,1,Tradingview, Limit,4248.50,,4248.5,,,,
24579273073,EXPRESSTST2216103,24579273073, Buy,ESZ3,ES,E-Mini S&P 500,4245.5,1,10/23/2023 09:20:57,24579273073, Filled,-2,0,0.25,,24579273073,10/23/2023 09:20:53,10/23/23,1,Tradingview, Limit,4245.50,,4245.5,,1,4245.50,4245.5
24579273081,EXPRESSTST2216103,24579273081, Buy,ESZ3,ES,E-Mini S&P 500,4245.25,2,10/23/2023 09:22:25,24579273084, Filled,-2,0,0.25,,24579273084,10/23/2023 09:21:40,10/23/23,2,Tradingview, Stop,,4245.25,,4245.25,2,4245.25,4245.25
24579273091,EXPRESSTST2216103,24579273091, Sell,ESZ3,ES,E-Mini S&P 500,4244.75,6,10/23/2023 09:49:02,24579273162, Filled,-2,0,0.25,,24579273162,10/23/2023 09:48:36,10/23/23,6,Tradingview, Stop,,4244.75,,4244.75,6,4244.75,4244.75
24579273130,EXPRESSTST2216103,24579273130, Buy,ESZ3,ES,E-Mini S&P 500,,,,24579273130, Canceled,-2,0,0.25,,24579273130,10/23/2023 09:36:15,10/23/23,3,Tradingview, Limit,4245.00,,4245.0,,,,
24579273136,EXPRESSTST2216103,24579273136, Buy,ESZ3,ES,E-Mini S&P 500,4243.5,3,10/23/2023 09:36:53,24579273136, Filled,-2,0,0.25,,24579273136,10/23/2023 09:36:39,10/23/23,3,Tradingview, Limit,4243.50,,4243.5,,3,4243.50,4243.5
24579273175,EXPRESSTST2216103,24579273175, Sell,ESZ3,ES,E-Mini S&P 500,4243.25,3,10/23/2023 09:55:45,24579273178, Filled,-2,0,0.25,,24579273178,10/23/2023 09:53:22,10/23/23,3,Tradingview, Limit,4243.25,,4243.25,,3,4243.25,4243.25
24579273188,EXPRESSTST2216103,24579273188, Buy,ESZ3,ES,E-Mini S&P 500,4231.5,4,10/23/2023 12:38:40,24579273368, Filled,-2,0,0.25,,24579273368,10/23/2023 12:40:00,10/23/23,2,Tradingview, Stop,,4237.25,,4237.25,4,4231.50,4231.5
24579273199,EXPRESSTST2216103,24579273199, Sell,ESZ3,ES,E-Mini S&P 500,4233.25,3,10/23/2023 10:16:00,24579273210, Filled,-2,0,0.25,,24579273210,10/23/2023 10:14:17,10/23/23,3,Tradingview, Limit,4233.25,,4233.25,,3,4233.25,4233.25
24579273249,EXPRESSTST2216103,24579273249, Sell,ESZ3,ES,E-Mini S&P 500,,,,24579273249, Canceled,-2,0,0.25,,24579273249,10/23/2023 10:37:19,10/23/23,3,Tradingview, Limit,4222.00,,4222.0,,,,
24579273263,EXPRESSTST2216103,24579273263, Sell,ESZ3,ES,E-Mini S&P 500,4219.0,1,10/23/2023 10:50:53,24579273286, Filled,-2,0,0.25,,24579273286,10/23/2023 10:50:26,10/23/23,1,Tradingview, Limit,4219.00,,4219.0,,1,4219.00,4219.0
24579273293,EXPRESSTST2216103,24579273293, Sell,ESZ3,ES,E-Mini S&P 500,4218.5,2,10/23/2023 10:51:26,24579273304, Filled,-2,0,0.25,,24579273304,10/23/2023 10:51:26,10/23/23,2,Tradingview, Stop,,4218.50,,4218.5,2,4218.50,4218.5
24579273371,EXPRESSTST2216103,24579273371, Buy,ESZ3,ES,E-Mini S&P 500,4232.5,2,10/23/2023 12:40:53,24579273374, Filled,-2,0,0.25,,24579273374,10/23/2023 12:40:42,10/23/23,2,Tradingview, Stop,,4232.50,,4232.5,2,4232.50,4232.5
24579273385,EXPRESSTST2216103,24579273385, Buy,ESZ3,ES,E-Mini S&P 500,4232.25,3,10/23/2023 12:41:07,24579273385, Filled,-2,0,0.25,,24579273385,10/23/2023 12:41:07,10/23/23,3,Exit, Market,,,,,3,4232.25,4232.25
24579273395,EXPRESSTST2216103,24579273395, Buy,ESZ3,ES,E-Mini S&P 500,,,,24579273398, Canceled,-2,0,0.25,,24579273398,10/23/2023 12:51:59,10/23/23,1,Tradingview, Limit,4230.00,,4230.0,,,,
24579273402,EXPRESSTST2216103,24579273402, Buy,ESZ3,ES,E-Mini S&P 500,,,,24579273405, Canceled,-2,0,0.25,,24579273405,10/23/2023 12:53:44,10/23/23,2,Tradingview, Limit,4228.75,,4228.75,,,,
24579273415,EXPRESSTST2216103,24579273415, Buy,ESZ3,ES,E-Mini S&P 500,4230.0,3,10/23/2023 12:59:16,24579273422, Filled,-2,0,0.25,,24579273422,10/23/2023 12:59:15,10/23/23,3,Tradingview, Stop,,4230.00,,4230.0,3,4230.00,4230.0
24579273435,EXPRESSTST2216103,24579273435, Sell,ESZ3,ES,E-Mini S&P 500,4229.25,6,10/23/2023 13:16:37,24579273452, Filled,-2,0,0.25,,24579273452,10/23/2023 13:16:24,10/23/23,6,Tradingview, Stop,,4229.25,,4229.25,6,4229.25,4229.25
24579273442,EXPRESSTST2216103,24579273442, Buy,ESZ3,ES,E-Mini S&P 500,4228.0,3,10/23/2023 13:06:18,24579273442, Filled,-2,0,0.25,,24579273442,10/23/2023 13:06:11,10/23/23,3,Tradingview, Limit,4228.00,,4228.0,,3,4228.00,4228.0
24579273467,EXPRESSTST2216103,24579273467, Buy,ESZ3,ES,E-Mini S&P 500,,,,24579273470, Canceled,-2,0,0.25,,24579273470,10/23/2023 13:17:40,10/23/23,3,Tradingview, Limit,4227.75,,4227.75,,,,
24579273477,EXPRESSTST2216103,24579273477, Buy,ESZ3,ES,E-Mini S&P 500,,,,24579273492, Canceled,-2,0,0.25,,24579273492,10/23/2023 13:32:07,10/23/23,3,Tradingview, Limit,4228.75,,4228.75,,,,
24579273499,EXPRESSTST2216103,24579273499, Buy,ESZ3,ES,E-Mini S&P 500,,,,24579273499, Canceled,-2,0,0.25,,24579273499,10/23/2023 14:05:11,10/23/23,3,Tradingview, Limit,4232.50,,4232.5,,,,
24579273505,EXPRESSTST2216103,24579273505, Sell,ESZ3,ES,E-Mini S&P 500,,,,24579273505, Canceled,-2,0,0.25,,24579273505,10/23/2023 14:11:26,10/23/23,3,Tradingview, Stop,,4230.00,,4230.0,,,
24579273511,EXPRESSTST2216103,24579273511, Sell,ESZ3,ES,E-Mini S&P 500,4230.25,3,10/23/2023 14:12:46,24579273511, Filled,-2,0,0.25,,24579273511,10/23/2023 14:12:44,10/23/23,3,Tradingview, Stop,,4230.25,,4230.25,3,4230.25,4230.25
24579273520,EXPRESSTST2216103,24579273520, Buy,ESZ3,ES,E-Mini S&P 500,4229.5,3,10/23/2023 14:24:14,24579273535, Filled,-2,0,0.25,,24579273535,10/23/2023 14:22:26,10/23/23,3,Tradingview, Stop,,4229.50,,4229.5,3,4229.50,4229.5
24579273546,EXPRESSTST2216103,24579273546, Sell,ESZ3,ES,E-Mini S&P 500,4230.0,3,10/23/2023 14:31:27,24579273546, Filled,-2,0,0.25,,24579273546,10/23/2023 14:31:27,10/23/23,3,Tradingview, Stop,,4230.00,,4230.0,3,4230.00,4230.0
24579273552,EXPRESSTST2216103,24579273552, Buy,ESZ3,ES,E-Mini S&P 500,4229.5,3,10/23/2023 14:34:34,24579273555, Filled,-2,0,0.25,,24579273555,10/23/2023 14:34:26,10/23/23,3,Tradingview, Stop,,4229.50,,4229.5,3,4229.50,4229.5
24579273569,EXPRESSTST2216103,24579273569, Sell,ESZ3,ES,E-Mini S&P 500,,,,24579273596, Canceled,-2,0,0.25,,24579273596,10/23/2023 14:40:04,10/23/23,3,Tradingview, Limit,4227.00,,4227.0,,,,
24579273603,EXPRESSTST2216103,24579273603, Buy,ESZ3,ES,E-Mini S&P 500,4221.25,3,10/23/2023 14:48:00,24579273603, Filled,-2,0,0.25,,24579273603,10/23/2023 14:46:34,10/23/23,3,Tradingview, Stop,,4221.25,,4221.25,3,4221.25,4221.25
24579273606,EXPRESSTST2216103,24579273606, Sell,ESZ3,ES,E-Mini S&P 500,,,,24579273944, Canceled,-2,0,0.25,,24579273944,10/23/2023 21:07:19,10/23/23,6,Tradingview, Stop,,4247.00,,4247.0,,,
24579273704,EXPRESSTST2216103,24579273704, Buy,ESZ3,ES,E-Mini S&P 500,4245.0,1,10/23/2023 15:48:02,24579273704, Filled,-2,0,0.25,,24579273704,10/23/2023 15:47:18,10/23/23,1,Tradingview, Limit,4245.00,,4245.0,,1,4245.00,4245.0
24579273710,EXPRESSTST2216103,24579273710, Buy,ESZ3,ES,E-Mini S&P 500,4249.5,2,10/23/2023 15:51:45,24579273713, Filled,-2,0,0.25,,24579273713,10/23/2023 15:48:34,10/23/23,2,Tradingview, Stop,,4249.50,,4249.5,2,4249.50,4249.5
24579273951,EXPRESSTST2216103,24579273951, Sell,ESZ3,ES,E-Mini S&P 500,4250.0,6,10/23/2023 21:09:58,24579273951, Filled,-2,0,0.25,,24579273951,10/23/2023 21:09:58,10/23/23,6,Exit, Market,,,,,6,4250.00,4250.0
24579273968,EXPRESSTST2216103,24579273968, Buy,ESZ3,ES,E-Mini S&P 500,,,,24579273971, Canceled,-2,0,0.25,,24579273971,10/24/2023 02:42:59,10/24/23,1,Tradingview, Limit,4244.50,,4244.5,,,,
24579273975,EXPRESSTST2216103,24579273975, Buy,ESZ3,ES,E-Mini S&P 500,,,,24579273975, Canceled,-2,0,0.25,,24579273975,10/24/2023 02:44:54,10/24/23,2,Tradingview, Limit,4243.25,,4243.25,,,,
24579273984,EXPRESSTST2216103,24579273984, Buy,ESZ3,ES,E-Mini S&P 500,4245.0,2,10/24/2023 02:56:35,24579273990, Filled,-2,0,0.25,,24579273990,10/24/2023 02:55:54,10/24/23,2,Tradingview, Limit,4245.00,,4245.0,,2,4245.00,4245.0
24579273987,EXPRESSTST2216103,24579273987, Sell,ESZ3,ES,E-Mini S&P 500,4252.25,10,10/24/2023 04:03:21,24579274264, Filled,-2,0,0.25,,24579274264,10/24/2023 04:02:53,10/24/23,10,Tradingview, Stop,,4252.25,,4252.25,10,4252.25,4252.25
24579274005,EXPRESSTST2216103,24579274005, Buy,ESZ3,ES,E-Mini S&P 500,,,,24579274005, Canceled,-2,0,0.25,,24579274005,10/24/2023 03:02:52,10/24/23,1,Tradingview, Limit,4244.75,,4244.75,,,,
24579274039,EXPRESSTST2216103,24579274039, Buy,ESZ3,ES,E-Mini S&P 500,4248.75,1,10/24/2023 03:15:30,24579274039, Filled,-2,0,0.25,,24579274039,10/24/2023 03:15:29,10/24/23,1,Tradingview, Stop,,4248.75,,4248.75,1,4248.75,4248.75
24579274085,EXPRESSTST2216103,24579274085, Buy,ESZ3,ES,E-Mini S&P 500,4250.5,1,10/24/2023 03:20:09,24579274085, Filled,-2,0,0.25,,24579274085,10/24/2023 03:20:07,10/24/23,1,Tradingview, Stop,,4250.50,,4250.5,1,4250.50,4250.5
24579274107,EXPRESSTST2216103,24579274107, Buy,ESZ3,ES,E-Mini S&P 500,,,,24579274107, Canceled,-2,0,0.25,,24579274107,10/24/2023 03:21:53,10/24/23,2,Tradingview, Limit,4250.50,,4250.5,,,,
24579274125,EXPRESSTST2216103,24579274125, Buy,ESZ3,ES,E-Mini S&P 500,4252.0,1,10/24/2023 03:23:45,24579274125, Filled,-2,0,0.25,,24579274125,10/24/2023 03:23:32,10/24/23,1,Tradingview, Stop,,4252.00,,4252.0,1,4252.00,4252.0
24579274135,EXPRESSTST2216103,24579274135, Buy,ESZ3,ES,E-Mini S&P 500,4252.5,1,10/24/2023 03:25:54,24579274138, Filled,-2,0,0.25,,24579274138,10/24/2023 03:25:15,10/24/23,1,Tradingview, Stop,,4252.50,,4252.5,1,4252.50,4252.5
24579274157,EXPRESSTST2216103,24579274157, Buy,ESZ3,ES,E-Mini S&P 500,4252.75,1,10/24/2023 03:30:04,24579274160, Filled,-2,0,0.25,,24579274160,10/24/2023 03:28:55,10/24/23,1,Tradingview, Stop,,4252.75,,4252.75,1,4252.75,4252.75
24579274175,EXPRESSTST2216103,24579274175, Buy,ESZ3,ES,E-Mini S&P 500,4253.0,1,10/24/2023 03:31:50,24579274175, Filled,-2,0,0.25,,24579274175,10/24/2023 03:31:11,10/24/23,1,Tradingview, Stop,,4253.00,,4253.0,1,4253.00,4253.0
24579274181,EXPRESSTST2216103,24579274181, Sell,ESZ3,ES,E-Mini S&P 500,,,,24579274181, Canceled,-2,0,0.25,,24579274181,10/24/2023 03:32:16,10/24/23,1,Tradingview, Stop,,4251.50,,4251.5,,,
24579274187,EXPRESSTST2216103,24579274187, Buy,ESZ3,ES,E-Mini S&P 500,4253.0,1,10/24/2023 03:32:53,24579274190, Filled,-2,0,0.25,,24579274190,10/24/2023 03:32:53,10/24/23,1,Tradingview, Stop,,4253.00,,4253.0,1,4253.00,4253.0
24579274209,EXPRESSTST2216103,24579274209, Buy,ESZ3,ES,E-Mini S&P 500,,,,24579274209, Canceled,-2,0,0.25,,24579274209,10/24/2023 03:35:19,10/24/23,1,Tradingview, Stop,,4253.75,,4253.75,,,
24579274231,EXPRESSTST2216103,24579274231, Buy,ESZ3,ES,E-Mini S&P 500,4254.0,1,10/24/2023 03:44:21,24579274231, Filled,-2,0,0.25,,24579274231,10/24/2023 03:44:07,10/24/23,1,Tradingview, Stop,,4254.00,,4254.0,1,4254.00,4254.0
24579274249,EXPRESSTST2216103,24579274249, Sell,ESZ3,ES,E-Mini S&P 500,,,,24579274249, Canceled,-2,0,0.25,,24579274249,10/24/2023 03:51:42,10/24/23,10,Tradingview, Limit,4280.75,,4280.75,,,,
24579274313,EXPRESSTST2216103,24579274313, Sell,ESZ3,ES,E-Mini S&P 500,4252.5,1,10/24/2023 04:08:35,24579274313, Filled,-2,0,0.25,,24579274313,10/24/2023 04:08:26,10/24/23,1,Tradingview, Limit,4252.50,,4252.5,,1,4252.50,4252.5
24579274319,EXPRESSTST2216103,24579274319, Buy,ESZ3,ES,E-Mini S&P 500,,,,24579274351, Canceled,-2,0,0.25,,24579274351,10/24/2023 04:14:20,10/24/23,2,Tradingview, Stop,,4253.50,,4253.5,,,
24579274330,EXPRESSTST2216103,24579274330, Buy,ESZ3,ES,E-Mini S&P 500,,,,24579274344, Canceled,-2,0,0.25,,24579274344,10/24/2023 04:12:03,10/24/23,2,Tradingview, Limit,4245.75,,4245.75,,,,
24579274337,EXPRESSTST2216103,24579274337, Sell,ESZ3,ES,E-Mini S&P 500,4252.25,1,10/24/2023 04:13:04,24579274337, Filled,-2,0,0.25,,24579274337,10/24/2023 04:11:41,10/24/23,1,Tradingview, Limit,4252.25,,4252.25,,1,4252.25,4252.25
24579274361,EXPRESSTST2216103,24579274361, Buy,ESZ3,ES,E-Mini S&P 500,4252.25,2,10/24/2023 04:19:34,24579274361, Filled,-2,0,0.25,,24579274361,10/24/2023 04:19:34,10/24/23,2,Exit, Market,,,,,2,4252.25,4252.25
24579274371,EXPRESSTST2216103,24579274371, Buy,ESZ3,ES,E-Mini S&P 500,4250.75,2,10/24/2023 04:33:13,24579274371, Filled,-2,0,0.25,,24579274371,10/24/2023 04:33:08,10/24/23,2,Tradingview, Stop,,4250.75,,4250.75,2,4250.75,4250.75
24579274377,EXPRESSTST2216103,24579274377, Sell,ESZ3,ES,E-Mini S&P 500,4254.25,7,10/24/2023 06:40:10,24579274589, Filled,-2,0,0.25,,24579274589,10/24/2023 06:31:00,10/24/23,7,Tradingview, Stop,,4254.25,,4254.25,7,4254.25,4254.25
24579274392,EXPRESSTST2216103,24579274392, Buy,ESZ3,ES,E-Mini S&P 500,,,,24579274403, Canceled,-2,0,0.25,,24579274403,10/24/2023 04:39:14,10/24/23,1,Tradingview, Limit,4251.00,,4251.0,,,,
24579274410,EXPRESSTST2216103,24579274410, Buy,ESZ3,ES,E-Mini S&P 500,,,,24579274413, Canceled,-2,0,0.25,,24579274413,10/24/2023 04:41:20,10/24/23,1,Tradingview, Limit,4250.75,,4250.75,,,,
24579274417,EXPRESSTST2216103,24579274417, Buy,ESZ3,ES,E-Mini S&P 500,4251.75,3,10/24/2023 05:00:25,24579274427, Filled,-2,0,0.25,,24579274427,10/24/2023 04:44:53,10/24/23,3,Tradingview, Stop,,4251.75,,4251.75,3,4251.75,4251.75
24579274443,EXPRESSTST2216103,24579274443, Buy,ESZ3,ES,E-Mini S&P 500,4250.5,1,10/24/2023 04:54:05,24579274443, Filled,-2,0,0.25,,24579274443,10/24/2023 04:52:37,10/24/23,1,Tradingview, Limit,4250.50,,4250.5,,1,4250.50,4250.5
24579274457,EXPRESSTST2216103,24579274457, Buy,ESZ3,ES,E-Mini S&P 500,4250.5,1,10/24/2023 04:56:44,24579274457, Filled,-2,0,0.25,,24579274457,10/24/2023 04:56:22,10/24/23,1,Tradingview, Limit,4250.50,,4250.5,,1,4250.50,4250.5
24579274494,EXPRESSTST2216103,24579274494, Sell,ESZ3,ES,E-Mini S&P 500,,,,24579274573, Canceled,-2,0,0.25,,24579274573,10/24/2023 06:27:38,10/24/23,7,Tradingview, Limit,4280.75,,4280.75,,,,
24579274607,EXPRESSTST2216103,24579274607, Buy,ESZ3,ES,E-Mini S&P 500,4255.5,3,10/24/2023 06:52:13,24579274607, Filled,-2,0,0.25,,24579274607,10/24/2023 06:52:13,10/24/23,3,Tradingview, Limit,4255.50,,4255.5,,3,4255.50,4255.5
24579274613,EXPRESSTST2216103,24579274613, Buy,ESZ3,ES,E-Mini S&P 500,,,,24579274613, Canceled,-2,0,0.25,,24579274613,10/24/2023 06:52:47,10/24/23,3,Tradingview, Limit,4253.00,,4253.0,,,,
24579274619,EXPRESSTST2216103,24579274619, Sell,ESZ3,ES,E-Mini S&P 500,4255.75,3,10/24/2023 07:03:06,24579274652, Filled,-2,0,0.25,,24579274652,10/24/2023 07:02:45,10/24/23,3,Tradingview, Stop,,4255.75,,4255.75,3,4255.75,4255.75
24579274622,EXPRESSTST2216103,24579274622, Buy,ESZ3,ES,E-Mini S&P 500,,,,24579274622, Canceled,-2,0,0.25,,24579274622,10/24/2023 06:53:16,10/24/23,3,Tradingview, Limit,4255.25,,4255.25,,,,
24579274661,EXPRESSTST2216103,24579274661, Buy,ESZ3,ES,E-Mini S&P 500,4256.75,3,10/24/2023 07:06:27,24579274664, Filled,-2,0,0.25,,24579274664,10/24/2023 07:05:53,10/24/23,3,Tradingview, Stop,,4256.75,,4256.75,3,4256.75,4256.75
24579274671,EXPRESSTST2216103,24579274671, Sell,ESZ3,ES,E-Mini S&P 500,4254.75,3,10/24/2023 07:16:01,24579274674, Filled,-2,0,0.25,,24579274674,10/24/2023 07:06:53,10/24/23,3,Tradingview, Stop,,4255.00,,4255.0,3,4254.75,4254.75
24579274678,EXPRESSTST2216103,24579274678, Sell,ESZ3,ES,E-Mini S&P 500,,,,24579274678, Canceled,-2,0,0.25,,24579274678,10/24/2023 07:11:45,10/24/23,2,Tradingview, Limit,4260.25,,4260.25,,,,
24579274689,EXPRESSTST2216103,24579274689, Buy,ESZ3,ES,E-Mini S&P 500,4257.25,2,10/24/2023 07:40:28,24579274720, Filled,-2,0,0.25,,24579274720,10/24/2023 07:40:15,10/24/23,2,Tradingview, Limit,4257.25,,4257.25,,2,4257.25,4257.25
24579274690,EXPRESSTST2216103,24579274690, Sell,ESZ3,ES,E-Mini S&P 500,4258.5,4,10/24/2023 08:13:03,24579274769, Filled,-2,0,0.25,,24579274769,10/24/2023 08:03:39,10/24/23,4,Tradingview, Stop,,4258.50,,4258.5,4,4258.50,4258.5
24579274691,EXPRESSTST2216103,24579274691, Sell,ESZ3,ES,E-Mini S&P 500,,,,24579274758, Canceled,-2,0,0.25,,24579274758,10/24/2023 08:03:09,10/24/23,4,Tradingview, Limit,4263.50,,4263.5,,,,
24579274755,EXPRESSTST2216103,24579274755, Buy,ESZ3,ES,E-Mini S&P 500,4259.25,2,10/24/2023 08:03:31,24579274755, Filled,-2,0,0.25,,24579274755,10/24/2023 08:02:57,10/24/23,2,Tradingview, Stop,,4259.25,,4259.25,2,4259.25,4259.25
24579274783,EXPRESSTST2216103,24579274783, Sell,ESZ3,ES,E-Mini S&P 500,,,,24579274783, Canceled,-2,0,0.25,,24579274783,10/24/2023 08:50:54,10/24/23,1,Tradingview, Limit,4255.00,,4255.0,,,,
24579274789,EXPRESSTST2216103,24579274789, Sell,ESZ3,ES,E-Mini S&P 500,4255.5,1,10/24/2023 08:52:03,24579274796, Filled,-2,0,0.25,,24579274796,10/24/2023 08:51:50,10/24/23,1,Tradingview, Limit,4255.50,,4255.5,,1,4255.50,4255.5
24579274790,EXPRESSTST2216103,24579274790, Buy,ESZ3,ES,E-Mini S&P 500,4251.0,7,10/24/2023 09:40:17,24579274932, Filled,-2,0,0.25,,24579274932,10/24/2023 09:39:36,10/24/23,7,Tradingview, Stop,,4251.00,,4251.0,7,4251.00,4251.0
24579274791,EXPRESSTST2216103,24579274791, Buy,ESZ3,ES,E-Mini S&P 500,,,,24579274958, Canceled,-2,0,0.25,,24579274958,10/24/2023 09:40:17,10/24/23,1,Tradingview, Limit,4238.50,,4238.5,,,,
24579274821,EXPRESSTST2216103,24579274821, Sell,ESZ3,ES,E-Mini S&P 500,4249.75,2,10/24/2023 09:22:00,24579274861, Filled,-2,0,0.25,,24579274861,10/24/2023 09:21:49,10/24/23,2,Tradingview, Limit,4249.75,,4249.75,,2,4249.75,4249.75
24579274828,EXPRESSTST2216103,24579274828, Sell,ESZ3,ES,E-Mini S&P 500,4253.75,2,10/24/2023 09:12:21,24579274831, Filled,-2,0,0.25,,24579274831,10/24/2023 09:12:15,10/24/23,2,Tradingview, Stop,,4253.75,,4253.75,2,4253.75,4253.75
24579274912,EXPRESSTST2216103,24579274912, Sell,ESZ3,ES,E-Mini S&P 500,4249.25,1,10/24/2023 09:37:44,24579274912, Filled,-2,0,0.25,,24579274912,10/24/2023 09:37:31,10/24/23,1,Tradingview, Stop,,4249.25,,4249.25,1,4249.25,4249.25
24579274918,EXPRESSTST2216103,24579274918, Sell,ESZ3,ES,E-Mini S&P 500,4247.75,1,10/24/2023 09:38:04,24579274918, Filled,-2,0,0.25,,24579274918,10/24/2023 09:37:59,10/24/23,1,Tradingview, Stop,,4248.25,,4248.25,1,4247.75,4247.75
24579274970,EXPRESSTST2216103,24579274970, Sell,ESZ3,ES,E-Mini S&P 500,,,,24579274973, Canceled,-2,0,0.25,,24579274973,10/24/2023 09:46:50,10/24/23,3,Tradingview, Limit,4257.00,,4257.0,,,,
24579274980,EXPRESSTST2216103,24579274980, Sell,ESZ3,ES,E-Mini S&P 500,,,,24579274983, Canceled,-2,0,0.25,,24579274983,10/24/2023 09:53:03,10/24/23,3,Tradingview, Limit,4256.75,,4256.75,,,,
24579274990,EXPRESSTST2216103,24579274990, Sell,ESZ3,ES,E-Mini S&P 500,4257.0,3,10/24/2023 09:55:07,24579275005, Filled,-2,0,0.25,,24579275005,10/24/2023 09:53:51,10/24/23,3,Tradingview, Limit,4257.00,,4257.0,,3,4257.00,4257.0
24579274991,EXPRESSTST2216103,24579274991, Buy,ESZ3,ES,E-Mini S&P 500,4256.75,3,10/24/2023 10:09:32,24579275032, Filled,-2,0,0.25,,24579275032,10/24/2023 10:09:22,10/24/23,3,Tradingview, Stop,,4256.75,,4256.75,3,4256.75,4256.75
24579274992,EXPRESSTST2216103,24579274992, Buy,ESZ3,ES,E-Mini S&P 500,,,,24579275016, Canceled,-2,0,0.25,,24579275016,10/24/2023 09:55:07,10/24/23,3,Tradingview, Limit,4242.00,,4242.0,,,,
24579275044,EXPRESSTST2216103,24579275044, Sell,ESZ3,ES,E-Mini S&P 500,,,,24579275044, Canceled,-2,0,0.25,,24579275044,10/24/2023 10:53:33,10/24/23,3,Tradingview, Limit,4261.25,,4261.25,,,,
24579275050,EXPRESSTST2216103,24579275050, Sell,ESZ3,ES,E-Mini S&P 500,4261.25,3,10/24/2023 10:54:33,24579275050, Filled,-2,0,0.25,,24579275050,10/24/2023 10:53:48,10/24/23,3,Tradingview, Limit,4261.25,,4261.25,,3,4261.25,4261.25
24579275051,EXPRESSTST2216103,24579275051, Buy,ESZ3,ES,E-Mini S&P 500,4261.75,9,10/24/2023 11:29:37,24579275148, Filled,-2,0,0.25,,24579275148,10/24/2023 11:18:42,10/24/23,9,Tradingview, Stop,,4261.50,,4261.5,9,4261.75,4261.75
24579275052,EXPRESSTST2216103,24579275052, Buy,ESZ3,ES,E-Mini S&P 500,,,,24579275152, Canceled,-2,0,0.25,,24579275152,10/24/2023 11:21:38,10/24/23,9,Tradingview, Limit,4213.00,,4213.0,,,,
24579275088,EXPRESSTST2216103,24579275088, Sell,ESZ3,ES,E-Mini S&P 500,4261.75,3,10/24/2023 11:04:51,24579275095, Filled,-2,0,0.25,,24579275095,10/24/2023 11:03:44,10/24/23,3,Tradingview, Limit,4261.75,,4261.75,,3,4261.75,4261.75
24579275122,EXPRESSTST2216103,24579275122, Sell,ESZ3,ES,E-Mini S&P 500,4262.25,3,10/24/2023 11:11:19,24579275122, Filled,-2,0,0.25,,24579275122,10/24/2023 11:11:18,10/24/23,3,Tradingview, Limit,4262.25,,4262.25,,3,4262.25,4262.25
24579275168,EXPRESSTST2216103,24579275168, Sell,ESZ3,ES,E-Mini S&P 500,4259.25,3,10/24/2023 11:30:37,24579275171, Filled,-2,0,0.25,,24579275171,10/24/2023 11:30:36,10/24/23,3,Tradingview, Limit,4259.25,,4259.25,,3,4259.25,4259.25
24579275178,EXPRESSTST2216103,24579275178, Sell,ESZ3,ES,E-Mini S&P 500,4260.0,1,10/24/2023 11:35:50,24579275178, Filled,-2,0,0.25,,24579275178,10/24/2023 11:35:08,10/24/23,3,Tradingview, Stop,,4260.00,,4260.0,1,4260.00,4260.0
24579275186,EXPRESSTST2216103,24579275186, Sell,ESZ3,ES,E-Mini S&P 500,4261.666666666667,6,10/24/2023 11:40:18,24579275193, Filled,-2,0,0.25,,24579275193,10/24/2023 11:40:18,10/24/23,6,Tradingview, Stop,,4261.75,,4261.75,6,4261.67,4261.666666666667
24579275203,EXPRESSTST2216103,24579275203, Buy,ESZ3,ES,E-Mini S&P 500,4260.75,6,10/24/2023 11:41:38,24579275279, Filled,-2,0,0.25,,24579275279,10/24/2023 11:45:36,10/24/23,10,Tradingview, Stop,,4265.25,,4265.25,6,4260.75,4260.75
24579275283,EXPRESSTST2216103,24579275283, Sell,ESZ3,ES,E-Mini S&P 500,4262.25,3,10/24/2023 11:48:15,24579275286, Filled,-2,0,0.25,,24579275286,10/24/2023 11:47:53,10/24/23,3,Tradingview, Limit,4262.25,,4262.25,,3,4262.25,4262.25
24579275295,EXPRESSTST2216103,24579275295, Buy,ESZ3,ES,E-Mini S&P 500,4262.0,10,10/24/2023 13:17:52,24579275496, Filled,-2,0,0.25,,24579275496,10/24/2023 13:17:31,10/24/23,10,Tradingview, Stop,,4262.00,,4262.0,10,4262.00,4262.0
24579275310,EXPRESSTST2216103,24579275310, Sell,ESZ3,ES,E-Mini S&P 500,4262.5,3,10/24/2023 11:56:01,24579275310, Filled,-2,0,0.25,,24579275310,10/24/2023 11:56:01,10/24/23,3,Tradingview, Limit,4262.25,,4262.25,,3,4262.50,4262.5
24579275511,EXPRESSTST2216103,24579275511, Sell,ESZ3,ES,E-Mini S&P 500,4266.75,1,10/24/2023 13:40:49,24579275554, Filled,-2,0,0.25,,24579275554,10/24/2023 13:40:43,10/24/23,1,Tradingview, Limit,4266.75,,4266.75,,1,4266.75,4266.75
24579275512,EXPRESSTST2216103,24579275512, Buy,ESZ3,ES,E-Mini S&P 500,,,,24579275597, Canceled,-2,0,0.25,,24579275597,10/24/2023 13:55:26,10/24/23,1,Tradingview, Stop,,4266.25,,4266.25,,,
24579275513,EXPRESSTST2216103,24579275513, Buy,ESZ3,ES,E-Mini S&P 500,,,,24579275585, Canceled,-2,0,0.25,,24579275585,10/24/2023 13:40:52,10/24/23,1,Tradingview, Limit,4213.25,,4213.25,,,,
24579275607,EXPRESSTST2216103,24579275607, Buy,ESZ3,ES,E-Mini S&P 500,4266.0,1,10/24/2023 13:56:59,24579275607, Filled,-2,0,0.25,,24579275607,10/24/2023 13:56:59,10/24/23,1,Exit, Market,,,,,1,4266.00,4266.0
24579275615,EXPRESSTST2216103,24579275615, Buy,ESZ3,ES,E-Mini S&P 500,4255.0,1,10/24/2023 17:21:29,24579275615, Filled,-2,0,0.25,,24579275615,10/24/2023 17:21:29,10/24/23,1,Tradingview, Limit,4255.00,,4255.0,,1,4255.00,4255.0
24579275621,EXPRESSTST2216103,24579275621, Buy,ESZ3,ES,E-Mini S&P 500,,,,24579275621, Canceled,-2,0,0.25,,24579275621,10/24/2023 17:38:16,10/24/23,9,Tradingview, Limit,4250.00,,4250.0,,,,
24579275627,EXPRESSTST2216103,24579275627, Buy,ESZ3,ES,E-Mini S&P 500,4250.0,9,10/24/2023 18:19:30,24579275634, Filled,-2,0,0.25,,24579275634,10/24/2023 18:19:08,10/24/23,9,Tradingview, Limit,4250.00,,4250.0,,9,4250.00,4250.0
24579275641,EXPRESSTST2216103,24579275641, Sell,ESZ3,ES,E-Mini S&P 500,4253.0,10,10/24/2023 18:24:20,24579275664, Filled,-2,0,0.25,,24579275664,10/24/2023 18:23:43,10/24/23,10,Tradingview, Stop,,4253.00,,4253.0,10,4253.00,4253.0
24579275675,EXPRESSTST2216103,24579275675, Buy,ESZ3,ES,E-Mini S&P 500,,,,24579275678, Canceled,-2,0,0.25,,24579275678,10/24/2023 18:29:44,10/24/23,3,Tradingview, Limit,4253.75,,4253.75,,,,
24579275685,EXPRESSTST2216103,24579275685, Sell,ESZ3,ES,E-Mini S&P 500,,,,24579275688, Canceled,-2,0,0.25,,24579275688,10/24/2023 18:55:18,10/24/23,3,Tradingview, Limit,4258.75,,4258.75,,,,
24579275695,EXPRESSTST2216103,24579275695, Sell,ESZ3,ES,E-Mini S&P 500,4256.5,3,10/24/2023 19:05:01,24579275695, Filled,-2,0,0.25,,24579275695,10/24/2023 19:04:47,10/24/23,3,Tradingview, Limit,4256.50,,4256.5,,3,4256.50,4256.5
24579275701,EXPRESSTST2216103,24579275701, Buy,ESZ3,ES,E-Mini S&P 500,4269.5,3,10/24/2023 19:32:46,24579275720, Filled,-2,0,0.25,,24579275720,10/24/2023 19:28:44,10/24/23,3,Tradingview, Stop,,4269.50,,4269.5,3,4269.50,4269.5
24579275729,EXPRESSTST2216103,24579275729, Sell,ESZ3,ES,E-Mini S&P 500,4267.25,3,10/24/2023 19:39:21,24579275729, Filled,-2,0,0.25,,24579275729,10/24/2023 19:39:21,10/24/23,3,Tradingview, Limit,4267.00,,4267.0,,3,4267.25,4267.25
24579275735,EXPRESSTST2216103,24579275735, Buy,ESZ3,ES,E-Mini S&P 500,4269.5,13,10/24/2023 19:52:09,24579275806, Filled,-2,0,0.25,,24579275806,10/24/2023 19:51:56,10/24/23,13,Tradingview, Stop,,4269.50,,4269.5,13,4269.50,4269.5
24579275742,EXPRESSTST2216103,24579275742, Sell,ESZ3,ES,E-Mini S&P 500,4270.25,7,10/24/2023 19:44:33,24579275765, Filled,-2,0,0.25,,24579275765,10/24/2023 19:43:38,10/24/23,7,Tradingview, Limit,4270.25,,4270.25,,7,4270.25,4270.25
24579275780,EXPRESSTST2216103,24579275780, Sell,ESZ3,ES,E-Mini S&P 500,4271.0,3,10/24/2023 19:48:17,24579275780, Filled,-2,0,0.25,,24579275780,10/24/2023 19:48:16,10/24/23,3,Tradingview, Limit,4271.00,,4271.0,,3,4271.00,4271.0
24579275844,EXPRESSTST2216103,24579275844, Sell,ESZ3,ES,E-Mini S&P 500,,,,24579275844, Canceled,-2,0,0.25,,24579275844,10/24/2023 19:56:07,10/24/23,1,Tradingview, Limit,4275.75,,4275.75,,,,
24579275845,EXPRESSTST2216103,24579275845, Buy,ESZ3,ES,E-Mini S&P 500,,,,24579275845, Canceled,-2,0,0.25,,24579275845,10/24/2023 19:56:07,10/24/23,1,Tradingview, Stop,,4283.50,,4283.5,,,
24579275846,EXPRESSTST2216103,24579275846, Buy,ESZ3,ES,E-Mini S&P 500,,,,24579275846, Canceled,-2,0,0.25,,24579275846,10/24/2023 19:56:07,10/24/23,1,Tradingview, Limit,4241.75,,4241.75,,,,
24579275860,EXPRESSTST2216103,24579275860, Sell,ESZ3,ES,E-Mini S&P 500,4274.75,3,10/24/2023 20:24:39,24579276037, Filled,-2,0,0.25,,24579276037,10/24/2023 20:24:33,10/24/23,3,Tradingview, Limit,4274.75,,4274.75,,3,4274.75,4274.75
24579275861,EXPRESSTST2216103,24579275861, Buy,ESZ3,ES,E-Mini S&P 500,4274.25,3,10/24/2023 20:50:52,24579276142, Filled,-2,0,0.25,,24579276142,10/24/2023 20:50:24,10/24/23,3,Tradingview, Stop,,4274.25,,4274.25,3,4274.25,4274.25
24579275862,EXPRESSTST2216103,24579275862, Buy,ESZ3,ES,E-Mini S&P 500,,,,24579276052, Canceled,-2,0,0.25,,24579276052,10/24/2023 20:24:39,10/24/23,3,Tradingview, Limit,4241.75,,4241.75,,,,
24579275943,EXPRESSTST2216103,24579275943, Sell,ESZ3,ES,E-Mini S&P 500,,,,24579275943, Canceled,-2,0,0.25,,24579275943,10/24/2023 20:11:22,10/24/23,3,Tradingview, Stop,,4267.50,,4267.5,,,
24579275949,EXPRESSTST2216103,24579275949, Sell,ESZ3,ES,E-Mini S&P 500,,,,24579275956, Canceled,-2,0,0.25,,24579275956,10/24/2023 20:12:25,10/24/23,3,Tradingview, Stop,,4267.50,,4267.5,,,
24579275950,EXPRESSTST2216103,24579275950, Buy,ESZ3,ES,E-Mini S&P 500,,,,24579275962, Canceled,-2,0,0.25,,24579275962,10/24/2023 20:12:25,10/24/23,3,Tradingview, Stop,,4275.25,,4275.25,,,
24579275951,EXPRESSTST2216103,24579275951, Buy,ESZ3,ES,E-Mini S&P 500,,,,24579275964, Canceled,-2,0,0.25,,24579275964,10/24/2023 20:12:25,10/24/23,3,Tradingview, Limit,4260.75,,4260.75,,,,
24579276154,EXPRESSTST2216103,24579276154, Buy,ESZ3,ES,E-Mini S&P 500,4275.25,3,10/24/2023 20:52:25,24579276154, Filled,-2,0,0.25,,24579276154,10/24/2023 20:52:24,10/24/23,3,Tradingview, Stop,,4275.25,,4275.25,3,4275.25,4275.25
24579276160,EXPRESSTST2216103,24579276160, Sell,ESZ3,ES,E-Mini S&P 500,4274.25,10,10/24/2023 20:57:08,24579276197, Filled,-2,0,0.25,,24579276197,10/24/2023 20:56:07,10/24/23,10,Tradingview, Stop,,4274.25,,4274.25,10,4274.25,4274.25
24579276175,EXPRESSTST2216103,24579276175, Buy,ESZ3,ES,E-Mini S&P 500,4273.0,7,10/24/2023 20:55:13,24579276178, Filled,-2,0,0.25,,24579276178,10/24/2023 20:55:08,10/24/23,7,Tradingview, Stop,,4273.00,,4273.0,7,4273.00,4273.0
24579276218,EXPRESSTST2216103,24579276218, Buy,ESZ3,ES,E-Mini S&P 500,,,,24579276218, Canceled,-2,0,0.25,,24579276218,10/24/2023 20:57:19,10/24/23,10,Tradingview, Stop,,4275.00,,4275.0,,,
24579276224,EXPRESSTST2216103,24579276224, Sell,ESZ3,ES,E-Mini S&P 500,4273.75,10,10/24/2023 21:00:40,24579276224, Filled,-2,0,0.25,,24579276224,10/24/2023 21:00:29,10/24/23,10,Tradingview, Limit,4273.75,,4273.75,,10,4273.75,4273.75
24579276225,EXPRESSTST2216103,24579276225, Buy,ESZ3,ES,E-Mini S&P 500,4277.75,10,10/24/2023 21:00:42,24579276235, Filled,-2,0,0.25,,24579276235,10/24/2023 21:00:40,10/24/23,10,Tradingview, Stop,,4277.25,,4277.25,10,4277.75,4277.75
24579276226,EXPRESSTST2216103,24579276226, Buy,ESZ3,ES,E-Mini S&P 500,,,,24579276234, Canceled,-2,0,0.25,,24579276234,10/24/2023 21:00:40,10/24/23,10,Tradingview, Limit,4240.25,,4240.25,,,,
24579276250,EXPRESSTST2216103,24579276250, Sell,ESZ3,ES,E-Mini S&P 500,4281.75,10,10/24/2023 21:02:34,24579276250, Filled,-2,0,0.25,,24579276250,10/24/2023 21:02:22,10/24/23,10,Tradingview, Stop,,4281.75,,4281.75,10,4281.75,4281.75
24579276256,EXPRESSTST2216103,24579276256, Buy,ESZ3,ES,E-Mini S&P 500,4277.5,10,10/24/2023 21:05:45,24579276275, Filled,-2,0,0.25,,24579276275,10/24/2023 21:04:42,10/24/23,10,Tradingview, Stop,,4277.50,,4277.5,10,4277.50,4277.5
24579276289,EXPRESSTST2216103,24579276289, Sell,ESZ3,ES,E-Mini S&P 500,,,,24579276300, Canceled,-2,0,0.25,,24579276300,10/25/2023 08:53:07,10/25/23,10,Tradingview, Stop,,4248.00,,4248.0,,,
24579276307,EXPRESSTST2216103,24579276307, Sell,ESZ3,ES,E-Mini S&P 500,,,,24579276314, Canceled,-2,0,0.25,,24579276314,10/25/2023 10:52:43,10/25/23,10,Tradingview, Stop,,4251.75,,4251.75,,,
24579276321,EXPRESSTST2216103,24579276321, Buy,ESZ3,ES,E-Mini S&P 500,,,,24579276321, Canceled,-2,0,0.25,,24579276321,10/25/2023 10:55:20,10/25/23,10,Tradingview, Limit,4253.50,,4253.5,,,,
24579276327,EXPRESSTST2216103,24579276327, Sell,ESZ3,ES,E-Mini S&P 500,4253.25,3,10/25/2023 11:03:16,24579276330, Filled,-2,0,0.25,,24579276330,10/25/2023 11:03:16,10/25/23,3,Tradingview, Limit,4253.25,,4253.25,,3,4253.25,4253.25
24579276337,EXPRESSTST2216103,24579276337, Buy,ESZ3,ES,E-Mini S&P 500,,,,24579276435, Canceled,-2,0,0.25,,24579276435,10/25/2023 11:23:55,10/25/23,7,Tradingview, Stop,,4259.25,,4259.25,,,
24579276344,EXPRESSTST2216103,24579276344, Sell,ESZ3,ES,E-Mini S&P 500,4249.0,1,10/25/2023 11:11:38,24579276364, Filled,-2,0,0.25,,24579276364,10/25/2023 11:11:38,10/25/23,1,Tradingview, Limit,4248.75,,4248.75,,1,4249.00,4249.0
24579276347,EXPRESSTST2216103,24579276347, Sell,ESZ3,ES,E-Mini S&P 500,4249.25,3,10/25/2023 11:11:26,24579276358, Filled,-2,0,0.25,,24579276358,10/25/2023 11:11:25,10/25/23,3,Tradingview, Stop,,4249.50,,4249.5,3,4249.25,4249.25
24579276391,EXPRESSTST2216103,24579276391, Sell,ESZ3,ES,E-Mini S&P 500,,,,24579276426, Canceled,-2,0,0.25,,24579276426,10/25/2023 11:22:06,10/25/23,8,Tradingview, Limit,4258.00,,4258.0,,,,
24579276430,EXPRESSTST2216103,24579276430, Sell,ESZ3,ES,E-Mini S&P 500,,,,24579276430, Rejected,-2,0,0.25,,24579276430,10/25/2023 11:23:43,10/25/23,3,Tradingview, Stop,,4252.75,,4252.75,,,
24579276439,EXPRESSTST2216103,24579276439, Sell,ESZ3,ES,E-Mini S&P 500,,,,24579276439, Canceled,-2,0,0.25,,24579276439,10/25/2023 11:25:07,10/25/23,7,Tradingview, Stop,,4252.75,,4252.75,,,
24579276445,EXPRESSTST2216103,24579276445, Buy,ESZ3,ES,E-Mini S&P 500,4255.25,7,10/25/2023 11:32:10,24579276445, Filled,-2,0,0.25,,24579276445,10/25/2023 11:32:03,10/25/23,7,Tradingview, Limit,4255.25,,4255.25,,7,4255.25,4255.25
24579276460,EXPRESSTST2216103,24579276460, Sell,ESZ3,ES,E-Mini S&P 500,4256.0,3,10/25/2023 11:49:17,24579276471, Filled,-2,0,0.25,,24579276471,10/25/2023 11:49:16,10/25/23,3,Tradingview, Stop,,4256.00,,4256.0,3,4256.00,4256.0
24579276481,EXPRESSTST2216103,24579276481, Sell,ESZ3,ES,E-Mini S&P 500,4257.0,6,10/25/2023 11:52:00,24579276484, Filled,-2,0,0.25,,24579276484,10/25/2023 11:49:33,10/25/23,6,Tradingview, Limit,4257.00,,4257.0,,6,4257.00,4257.0
24579276488,EXPRESSTST2216103,24579276488, Buy,ESZ3,ES,E-Mini S&P 500,4257.75,3,10/25/2023 11:52:16,24579276529, Filled,-2,0,0.25,,24579276529,10/25/2023 11:52:55,10/25/23,6,Tradingview, Stop,,4258.25,,4258.25,3,4257.75,4257.75
24579276535,EXPRESSTST2216103,24579276535, Buy,ESZ3,ES,E-Mini S&P 500,4258.75,6,10/25/2023 12:04:29,24579276596, Filled,-2,0,0.25,,24579276596,10/25/2023 12:04:28,10/25/23,6,Tradingview, Stop,,4258.75,,4258.75,6,4258.75,4258.75
24579276586,EXPRESSTST2216103,24579276586, Sell,ESZ3,ES,E-Mini S&P 500,4257.75,6,10/25/2023 12:03:30,24579276586, Filled,-2,0,0.25,,24579276586,10/25/2023 12:03:24,10/25/23,6,Tradingview, Stop,,4257.75,,4257.75,6,4257.75,4257.75
24579276605,EXPRESSTST2216103,24579276605, Buy,ESZ3,ES,E-Mini S&P 500,4259.5,6,10/25/2023 12:04:51,24579276605, Filled,-2,0,0.25,,24579276605,10/25/2023 12:04:51,10/25/23,6,Exit, Market,,,,,6,4259.50,4259.5
24579276613,EXPRESSTST2216103,24579276613, Sell,MESZ3,MES,Micro E-mini S&P 500,,,,24579276620, Canceled,-2,0,0.25,,24579276620,10/25/2023 12:07:40,10/25/23,1,Tradingview, Stop,,4258.50,,4258.5,,,
24579276627,EXPRESSTST2216103,24579276627, Sell,MESZ3,MES,Micro E-mini S&P 500,4257.75,1,10/25/2023 12:20:34,24579276627, Filled,-2,0,0.25,,24579276627,10/25/2023 12:20:33,10/25/23,1,Tradingview, Stop,,4257.75,,4257.75,1,4257.75,4257.75
24579276634,EXPRESSTST2216103,24579276634, Sell,MESZ3,MES,Micro E-mini S&P 500,4259.5,1,10/25/2023 12:21:54,24579276634, Filled,-2,0,0.25,,24579276634,10/25/2023 12:21:34,10/25/23,1,Tradingview, Limit,4259.50,,4259.5,,1,4259.50,4259.5
24579276640,EXPRESSTST2216103,24579276640, Sell,MESZ3,MES,Micro E-mini S&P 500,4260.25,1,10/25/2023 12:36:38,24579276640, Filled,-2,0,0.25,,24579276640,10/25/2023 12:36:34,10/25/23,1,Tradingview, Stop,,4260.25,,4260.25,1,4260.25,4260.25
24579276646,EXPRESSTST2216103,24579276646, Sell,MESZ3,MES,Micro E-mini S&P 500,4260.25,1,10/25/2023 12:37:34,24579276646, Filled,-2,0,0.25,,24579276646,10/25/2023 12:37:33,10/25/23,1,Tradingview, Limit,4260.25,,4260.25,,1,4260.25,4260.25
24579276652,EXPRESSTST2216103,24579276652, Sell,MESZ3,MES,Micro E-mini S&P 500,4260.5,4,10/25/2023 12:40:46,24579276655, Filled,-2,0,0.25,,24579276655,10/25/2023 12:40:10,10/25/23,4,Tradingview, Stop,,4260.50,,4260.5,4,4260.50,4260.5
24579276662,EXPRESSTST2216103,24579276662, Buy,MESZ3,MES,Micro E-mini S&P 500,4259.75,8,10/25/2023 12:48:09,24579276701, Filled,-2,0,0.25,,24579276701,10/25/2023 12:45:50,10/25/23,8,Tradingview, Stop,,4259.75,,4259.75,8,4259.75,4259.75
24579276721,EXPRESSTST2216103,24579276721, Sell,MESZ3,MES,Micro E-mini S&P 500,4259.15625,8,10/25/2023 12:50:59,24579276721, Filled,-2,0,0.25,,24579276721,10/25/2023 12:50:46,10/25/23,8,Tradingview, Stop,,4259.25,,4259.25,8,4259.16,4259.15625
24579276733,EXPRESSTST2216103,24579276733, Buy,MESZ3,MES,Micro E-mini S&P 500,4258.5,8,10/25/2023 12:54:07,24579276766, Filled,-2,0,0.25,,24579276766,10/25/2023 12:58:34,10/25/23,8,Tradingview, Stop,,4258.50,,4258.5,8,4258.50,4258.5
24579276790,EXPRESSTST2216103,24579276790, Sell,MESZ3,MES,Micro E-mini S&P 500,,,,24579276790, Canceled,-2,0,0.25,,24579276790,10/25/2023 13:03:42,10/25/23,8,Tradingview, Stop,,4259.50,,4259.5,,,
24579276796,EXPRESSTST2216103,24579276796, Buy,MESZ3,MES,Micro E-mini S&P 500,,,,24579276796, Canceled,-2,0,0.25,,24579276796,10/25/2023 13:13:12,10/25/23,8,Tradingview, Limit,4262.00,,4262.0,,,,
24579276802,EXPRESSTST2216103,24579276802, Buy,MESZ3,MES,Micro E-mini S&P 500,4262.0,8,10/25/2023 13:16:40,24579276802, Filled,-2,0,0.25,,24579276802,10/25/2023 13:15:17,10/25/23,8,Tradingview, Limit,4262.00,,4262.0,,8,4262.00,4262.0
24579276805,EXPRESSTST2216103,24579276805, Buy,MESZ3,MES,Micro E-mini S&P 500,,,,24579276805, Rejected,-2,0,0.25,,24579276805,10/25/2023 13:15:43,10/25/23,8,Tradingview, Stop,,4263.75,,4263.75,,,
24579276810,EXPRESSTST2216103,24579276810, Sell,MESZ3,MES,Micro E-mini S&P 500,4262.25,8,10/25/2023 13:25:26,24579276813, Filled,-2,0,0.25,,24579276813,10/25/2023 13:21:31,10/25/23,8,Tradingview, Stop,,4262.25,,4262.25,8,4262.25,4262.25
24579276827,EXPRESSTST2216103,24579276827, Buy,MESZ3,MES,Micro E-mini S&P 500,,,,24579276827, Canceled,-2,0,0.25,,24579276827,10/25/2023 13:27:24,10/25/23,8,Tradingview, Stop,,4263.50,,4263.5,,,
24579276833,EXPRESSTST2216103,24579276833, Buy,MESZ3,MES,Micro E-mini S&P 500,,,,24579276836, Canceled,-2,0,0.25,,24579276836,10/25/2023 13:29:27,10/25/23,4,Tradingview, Limit,4259.25,,4259.25,,,,
24579276840,EXPRESSTST2216103,24579276840, Buy,MESZ3,MES,Micro E-mini S&P 500,4261.75,4,10/25/2023 13:32:29,24579276840, Filled,-2,0,0.25,,24579276840,10/25/2023 13:32:25,10/25/23,4,Tradingview, Limit,4261.75,,4261.75,,4,4261.75,4261.75
24579276846,EXPRESSTST2216103,24579276846, Sell,MESZ3,MES,Micro E-mini S&P 500,4262.0,4,10/25/2023 13:34:17,24579276849, Filled,-2,0,0.25,,24579276849,10/25/2023 13:34:09,10/25/23,4,Tradingview, Stop,,4262.00,,4262.0,4,4262.00,4262.0
24579276858,EXPRESSTST2216103,24579276858, Buy,MESZ3,MES,Micro E-mini S&P 500,,,,24579276874, Canceled,-2,0,0.25,,24579276874,10/25/2023 13:36:57,10/25/23,4,Tradingview, Stop,,4262.00,,4262.0,,,
24579276864,EXPRESSTST2216103,24579276864, Buy,MESZ3,MES,Micro E-mini S&P 500,4260.0,4,10/25/2023 13:36:20,24579276864, Filled,-2,0,0.25,,24579276864,10/25/2023 13:36:16,10/25/23,4,Tradingview, Limit,4260.00,,4260.0,,4,4260.00,4260.0
24579276878,EXPRESSTST2216103,24579276878, Buy,MESZ3,MES,Micro E-mini S&P 500,4259.25,4,10/25/2023 13:37:39,24579276878, Filled,-2,0,0.25,,24579276878,10/25/2023 13:37:33,10/25/23,4,Tradingview, Limit,4259.25,,4259.25,,4,4259.25,4259.25
24579276896,EXPRESSTST2216103,24579276896, Sell,MESZ3,MES,Micro E-mini S&P 500,4257.25,1,10/25/2023 13:39:51,24579276903, Filled,-2,0,0.25,,24579276903,10/25/2023 13:39:35,10/25/23,8,Tradingview, Stop,,4257.25,,4257.25,1,4257.25,4257.25
24579276915,EXPRESSTST2216103,24579276915, Sell,MESZ3,MES,Micro E-mini S&P 500,4257.25,7,10/25/2023 13:39:52,24579276915, Filled,-2,0,0.25,,24579276915,10/25/2023 13:39:52,10/25/23,7,AutoLiq, Market,,,,,7,4257.25,4257.25
24579276931,EXPRESSTST2216103,24579276931, Sell,MESZ3,MES,Micro E-mini S&P 500,,,,24579276931, Rejected,-2,0,0.25,,24579276931,10/25/2023 13:49:46,10/25/23,1,Tradingview, Limit,4257.75,,4257.75,,,,
24579276941,EXPRESSTST2216103,24579276941, Sell,ESZ3,ES,E-Mini S&P 500,,,,24579276941, Canceled,-2,0,0.25,,24579276941,10/26/2023 11:08:26,10/26/23,3,Tradingview, Stop,,4182.00,,4182.0,,,
24579276947,EXPRESSTST2216103,24579276947, Sell,ESZ3,ES,E-Mini S&P 500,,,,24579276947, Canceled,-2,0,0.25,,24579276947,10/26/2023 11:16:54,10/26/23,3,Tradingview, Stop,,4186.00,,4186.0,,,
24579276953,EXPRESSTST2216103,24579276953, Buy,ESZ3,ES,E-Mini S&P 500,4188.0,3,10/26/2023 11:21:22,24579276953, Filled,-2,0,0.25,,24579276953,10/26/2023 11:20:57,10/26/23,3,Tradingview, Stop,,4188.00,,4188.0,3,4188.00,4188.0
24579276962,EXPRESSTST2216103,24579276962, Sell,ESZ3,ES,E-Mini S&P 500,4188.25,3,10/26/2023 11:33:27,24579276999, Filled,-2,0,0.25,,24579276999,10/26/2023 11:33:17,10/26/23,3,Tradingview, Stop,,4188.25,,4188.25,3,4188.25,4188.25
24579276977,EXPRESSTST2216103,24579276977, Buy,ESZ3,ES,E-Mini S&P 500,,,,24579276980, Canceled,-2,0,0.25,,24579276980,10/26/2023 11:31:08,10/26/23,6,Tradingview, Limit,4186.25,,4186.25,,,,
24579277010,EXPRESSTST2216103,24579277010, Sell,ESZ3,ES,E-Mini S&P 500,4187.5,3,10/26/2023 11:34:16,24579277010, Filled,-2,0,0.25,,24579277010,10/26/2023 11:34:07,10/26/23,3,Tradingview, Stop,,4187.50,,4187.5,3,4187.50,4187.5
24579277016,EXPRESSTST2216103,24579277016, Buy,ESZ3,ES,E-Mini S&P 500,,,,24579277205, Canceled,-2,0,0.25,,24579277205,10/26/2023 12:52:40,10/26/23,9,Tradingview, Stop,,4179.50,,4179.5,,,
24579277063,EXPRESSTST2216103,24579277063, Sell,ESZ3,ES,E-Mini S&P 500,4180.75,3,10/26/2023 11:53:53,24579277063, Filled,-2,0,0.25,,24579277063,10/26/2023 11:53:19,10/26/23,3,Tradingview, Stop,,4180.75,,4180.75,3,4180.75,4180.75
24579277111,EXPRESSTST2216103,24579277111, Sell,ESZ3,ES,E-Mini S&P 500,4174.75,3,10/26/2023 12:25:00,24579277111, Filled,-2,0,0.25,,24579277111,10/26/2023 12:24:42,10/26/23,3,Tradingview, Stop,,4174.75,,4174.75,3,4174.75,4174.75
24579277212,EXPRESSTST2216103,24579277212, Buy,ESZ3,ES,E-Mini S&P 500,4178.75,9,10/26/2023 12:54:06,24579277212, Filled,-2,0,0.25,,24579277212,10/26/2023 12:54:06,10/26/23,9,Exit, Market,,,,,9,4178.75,4178.75
24579277228,EXPRESSTST2216103,24579277228, Buy,ESZ3,ES,E-Mini S&P 500,4179.0,3,10/26/2023 12:56:04,24579277231, Filled,-2,0,0.25,,24579277231,10/26/2023 12:56:00,10/26/23,3,Tradingview, Stop,,4179.00,,4179.0,3,4179.00,4179.0
24579277238,EXPRESSTST2216103,24579277238, Sell,ESZ3,ES,E-Mini S&P 500,4179.25,3,10/26/2023 13:16:14,24579277269, Filled,-2,0,0.25,,24579277269,10/26/2023 13:15:50,10/26/23,3,Tradingview, Stop,,4179.25,,4179.25,3,4179.25,4179.25
24579277278,EXPRESSTST2216103,24579277278, Buy,ESZ3,ES,E-Mini S&P 500,4182.5,3,10/26/2023 13:18:06,24579277278, Filled,-2,0,0.25,,24579277278,10/26/2023 13:17:34,10/26/23,3,Tradingview, Stop,,4182.50,,4182.5,3,4182.50,4182.5
24579277284,EXPRESSTST2216103,24579277284, Sell,ESZ3,ES,E-Mini S&P 500,4179.25,3,10/26/2023 13:30:04,24579277307, Filled,-2,0,0.25,,24579277307,10/26/2023 13:28:04,10/26/23,3,Tradingview, Stop,,4179.25,,4179.25,3,4179.25,4179.25
24579277316,EXPRESSTST2216103,24579277316, Buy,ESZ3,ES,E-Mini S&P 500,4181.75,3,10/26/2023 13:30:27,24579277319, Filled,-2,0,0.25,,24579277319,10/26/2023 13:30:27,10/26/23,3,Tradingview, Stop,,4181.75,,4181.75,3,4181.75,4181.75
24579277326,EXPRESSTST2216103,24579277326, Sell,ESZ3,ES,E-Mini S&P 500,,,,24579277585, Canceled,-2,0,0.25,,24579277585,10/26/2023 14:37:46,10/26/23,10,Tradingview, Stop,,4194.50,,4194.5,,,
24579277329,EXPRESSTST2216103,24579277329, Buy,ESZ3,ES,E-Mini S&P 500,4186.5,1,10/26/2023 13:32:20,24579277332, Filled,-2,0,0.25,,24579277332,10/26/2023 13:31:26,10/26/23,1,Tradingview, Stop,,4186.50,,4186.5,1,4186.50,4186.5
24579277371,EXPRESSTST2216103,24579277371, Buy,ESZ3,ES,E-Mini S&P 500,4191.0,1,10/26/2023 13:35:11,24579277386, Filled,-2,0,0.25,,24579277386,10/26/2023 13:35:11,10/26/23,1,Tradingview, Stop,,4191.00,,4191.0,1,4191.00,4191.0
24579277405,EXPRESSTST2216103,24579277405, Buy,ESZ3,ES,E-Mini S&P 500,,,,24579277405, Canceled,-2,0,0.25,,24579277405,10/26/2023 13:35:51,10/26/23,1,Tradingview, Stop,,4194.50,,4194.5,,,
24579277415,EXPRESSTST2216103,24579277415, Buy,ESZ3,ES,E-Mini S&P 500,,,,24579277430, Canceled,-2,0,0.25,,24579277430,10/26/2023 13:48:30,10/26/23,1,Tradingview, Stop,,4195.75,,4195.75,,,
24579277437,EXPRESSTST2216103,24579277437, Buy,ESZ3,ES,E-Mini S&P 500,,,,24579277437, Canceled,-2,0,0.25,,24579277437,10/26/2023 13:51:15,10/26/23,1,Tradingview, Limit,4194.00,,4194.0,,,,
24579277443,EXPRESSTST2216103,24579277443, Buy,ESZ3,ES,E-Mini S&P 500,,,,24579277446, Canceled,-2,0,0.25,,24579277446,10/26/2023 13:53:17,10/26/23,1,Tradingview, Limit,4194.00,,4194.0,,,,
24579277461,EXPRESSTST2216103,24579277461, Buy,ESZ3,ES,E-Mini S&P 500,4198.5,1,10/26/2023 13:55:49,24579277464, Filled,-2,0,0.25,,24579277464,10/26/2023 13:55:27,10/26/23,1,Tradingview, Stop,,4198.50,,4198.5,1,4198.50,4198.5
24579277475,EXPRESSTST2216103,24579277475, Buy,ESZ3,ES,E-Mini S&P 500,4197.25,1,10/26/2023 13:57:43,24579277482, Filled,-2,0,0.25,,24579277482,10/26/2023 13:57:40,10/26/23,1,Tradingview, Stop,,4197.25,,4197.25,1,4197.25,4197.25
24579277489,EXPRESSTST2216103,24579277489, Buy,ESZ3,ES,E-Mini S&P 500,4198.5,2,10/26/2023 13:59:30,24579277504, Filled,-2,0,0.25,,24579277504,10/26/2023 13:59:09,10/26/23,2,Tradingview, Stop,,4198.50,,4198.5,2,4198.50,4198.5
24579277515,EXPRESSTST2216103,24579277515, Buy,ESZ3,ES,E-Mini S&P 500,4199.75,1,10/26/2023 14:01:16,24579277515, Filled,-2,0,0.25,,24579277515,10/26/2023 14:01:00,10/26/23,1,Tradingview, Stop,,4199.75,,4199.75,1,4199.75,4199.75
24579277592,EXPRESSTST2216103,24579277592, Sell,ESZ3,ES,E-Mini S&P 500,4195.5,10,10/26/2023 14:38:22,24579277592, Filled,-2,0,0.25,,24579277592,10/26/2023 14:38:22,10/26/23,10,Exit, Market,,,,,10,4195.50,4195.5
24579277612,EXPRESSTST2216103,24579277612, Sell,ESZ3,ES,E-Mini S&P 500,4181.0,1,10/26/2023 15:09:15,24579277612, Filled,-2,0,0.25,,24579277612,10/26/2023 15:09:08,10/26/23,1,Tradingview, Limit,4181.00,,4181.0,,1,4181.00,4181.0
24579277618,EXPRESSTST2216103,24579277618, Buy,ESZ3,ES,E-Mini S&P 500,4180.5,1,10/26/2023 15:14:54,24579277621, Filled,-2,0,0.25,,24579277621,10/26/2023 15:14:45,10/26/23,1,Tradingview, Stop,,4180.50,,4180.5,1,4180.50,4180.5
24579277630,EXPRESSTST2216103,24579277630, Buy,ESZ3,ES,E-Mini S&P 500,4182.75,3,10/26/2023 15:15:56,24579277633, Filled,-2,0,0.25,,24579277633,10/26/2023 15:15:49,10/26/23,3,Tradingview, Stop,,4182.75,,4182.75,3,4182.75,4182.75
24579277640,EXPRESSTST2216103,24579277640, Buy,ESZ3,ES,E-Mini S&P 500,4180.75,3,10/26/2023 15:20:22,24579277643, Filled,-2,0,0.25,,24579277643,10/26/2023 15:19:56,10/26/23,3,Tradingview, Stop,,4180.75,,4180.75,3,4180.75,4180.75
24579277650,EXPRESSTST2216103,24579277650, Sell,ESZ3,ES,E-Mini S&P 500,4182.25,6,10/26/2023 15:20:39,24579277650, Filled,-2,0,0.25,,24579277650,10/26/2023 15:20:39,10/26/23,6,Exit, Market,,,,,6,4182.25,4182.25
24579277660,EXPRESSTST2216103,24579277660, Buy,ESZ3,ES,E-Mini S&P 500,,,,24579277660, Canceled,-2,0,0.25,,24579277660,10/26/2023 16:48:24,10/26/23,3,Chart, Stop,,4178.75,,4178.75,,,
