Date,Account,Symbol,Side,Quantity,Entry Price,Exit Price,P&L,Status,Order ID,Notes
2025-07-11,Max Maserati,ES,long,1,6301.75,6281.5,-1012.5,closed,249574460535-249574460491,Entry: 6301.75, Exit: 6281.5 | Initial SL: 6281.5, Initial TP: 6342.25 | Final SL: 6281.5, Final TP: 6342.25
2025-07-11,Max Maserati,ES,long,1,6295,6308,650,closed,249574460545-249574460543,Entry: 6295, Exit: 6308 | Initial SL: 6288.5, Initial TP: 6308 | Final SL: 6288.5, Final TP: 6308
2025-07-11,Max Maserati,ES,long,1,6294.75,6309,712.5,closed,249574460616-249574460569,Entry: 6294.75, Exit: 6309 | Initial SL: 6287.625, Initial TP: 6309 | Final SL: 6287.625, Final TP: 6309
2025-07-10,Max Maserati,ES,long,2,6291.75,6292,25,closed,249574460145-249574460144,Entry: 6291.75, Exit: 6292 | Initial SL: 6291.625, Initial TP: 6292 | Final SL: 6291.625, Final TP: 6292
2025-07-10,Max Maserati,ES,long,1,6293,6292.5,-25,closed,249574460192-249574460170,Entry: 6293, Exit: 6292.5 | Initial SL: 6292.5, Initial TP: 6294 | Final SL: 6292.5, Final TP: 6294
2025-07-10,Max Maserati,ES,long,2,6299,6297.75,-125,closed,249574460200-249574460201,Entry: 6299, Exit: 6297.75 | Initial SL: 6297.75, Initial TP: 6301 | Final SL: 6297.75, Final TP: 6301
2025-07-10,Max Maserati,ES,long,2,6299,6300.5,150,closed,249574460226-249574460274,Entry: 6299, Exit: 6300.5 | Initial SL: 6297.75, Initial TP: 6301 | Final SL: 6297.75, Final TP: 6303
2025-07-10,Max Maserati,ES,long,2,6301,6302.25,125,closed,249574460282-249574460318,Entry: 6301, Exit: 6302.25 | Initial SL: 6300.375, Initial TP: 6302.25 | Final SL: 6300.375, Final TP: 6302.25
2025-07-10,Max Maserati,ES,long,2,6303,6308.5,550,closed,249574460326-249574460386,Entry: 6303, Exit: 6308.5 | Initial SL: 6300.25, Initial TP: 6308.5 | Final SL: 6300.25, Final TP: 6308.5
2025-07-10,Max Maserati,ES,long,1,6302.25,6303.75,75,closed,249574460395-249574460394,Entry: 6302.25, Exit: 6303.75 | Initial SL: 6301.5, Initial TP: 6303.75 | Final SL: 6301.5, Final TP: 6303.75
2025-07-10,Max Maserati,ES,long,1,6298.5,6306,375,closed,249574460440-249574460442,Entry: 6298.5, Exit: 6306 | Initial SL: 6294.75, Initial TP: 6306 | Final SL: 6294.75, Final TP: 6306
2025-07-09,Max Maserati,ES,long,2,6312.25,6312,-25,closed,249574460005-249574460004,Entry: 6312.25, Exit: 6312 | Initial SL: 6312, Initial TP: 6312.75 | Final SL: 6312, Final TP: 6312.75
2025-07-09,Max Maserati,ES,long,2,6308.5,6309.25,75,closed,249574460048-249574460047,Entry: 6308.5, Exit: 6309.25 | Initial SL: 6308.125, Initial TP: 6309.25 | Final SL: 6308.125, Final TP: 6309.25
2025-07-09,Max Maserati,ES,long,2,6289,6300,1100,closed,249574460091-249574460089,Entry: 6289, Exit: 6300 | Initial SL: 6283.5, Initial TP: 6300 | Final SL: 6283.5, Final TP: 6300
2025-06-24,Kont Projè Cliff,MNQU,sell,2,22289.25,22305.5,-65,closed,,Imported from completed trades CSV
2025-06-24,Kont Projè Cliff,MNQU,buy,1,22310,22306.5,-7,closed,,Imported from completed trades CSV
2025-06-24,Kont Projè Cliff,MNQU,sell,2,22305.25,22286.25,76,closed,,Imported from completed trades CSV
2025-06-24,Kont Projè Cliff,MNQU,buy,2,22286.25,22270,-65,closed,,Imported from completed trades CSV
2025-06-24,Kont Projè Cliff,MNQU,sell,2,22281.25,22299.75,-74,closed,,Imported from completed trades CSV
2025-06-24,Kont Projè Cliff,MNQU,sell,1,22298.25,22333,-69.5,closed,,Imported from completed trades CSV
2025-06-24,Kont Projè Cliff,MNQU,sell,1,22311.5,22333,-43,closed,,Imported from completed trades CSV
2025-06-24,Kont Projè Cliff,MNQU,sell,2,22333.5,22333.75,-1,closed,,Imported from completed trades CSV
2025-06-24,Kont Projè Cliff,MNQU,sell,2,22326.75,22326.5,1,closed,,Imported from completed trades CSV
2025-06-24,Kont Projè Cliff,MNQU,buy,2,22373.75,22392.75,76,closed,,Imported from completed trades CSV
2025-06-24,Kont Projè Cliff,MNQU,buy,2,22398.75,22405.25,26,closed,,Imported from completed trades CSV
2025-06-24,Kont Projè Cliff,MNQU,sell,2,22406.75,22406.5,1,closed,,Imported from completed trades CSV
2025-06-24,Kont Projè Cliff,MNQU,buy,2,22404.75,22423.5,75,closed,,Imported from completed trades CSV
2025-06-24,Kont Projè Cliff,MNQU,sell,2,22420,22411.5,34,closed,,Imported from completed trades CSV
2025-06-23,Kont Projè Cliff,MNQU,sell,2,21970,21981.75,-47,closed,,Imported from completed trades CSV
2025-06-23,Kont Projè Cliff,MNQU,sell,2,21982.5,22002,-78,closed,,Imported from completed trades CSV
2025-06-23,Kont Projè Cliff,MNQU,buy,2,21987.5,21969.5,-72,closed,,Imported from completed trades CSV
2025-06-23,Kont Projè Cliff,MNQU,sell,1,21949.25,21965.75,-33,closed,,Imported from completed trades CSV
2025-06-23,Kont Projè Cliff,MNQU,sell,1,21951.5,21911.5,80,closed,,Imported from completed trades CSV
2025-06-20,Kont Projè Cliff,MNQU,buy,2,21923.75,21940,65,closed,,Imported from completed trades CSV
2025-06-20,Kont Projè Cliff,MNQU,sell,2,21899.75,21883,67,closed,,Imported from completed trades CSV
2025-06-20,Kont Projè Cliff,MNQU,sell,2,21920.5,21883,150,closed,,Imported from completed trades CSV
2025-06-20,Kont Projè Cliff,MNQU,buy,1,22022.25,21999.75,-45,closed,,Imported from completed trades CSV
2025-06-20,Kont Projè Cliff,MNQU,buy,2,21827.25,21797.75,-118,closed,,Imported from completed trades CSV
2025-06-20,Kont Projè Cliff,MNQU,sell,1,21975.75,21986.25,-21,closed,,Imported from completed trades CSV
2025-06-20,Kont Projè Cliff,MNQU,buy,2,21999.5,21958.5,-164,closed,,Imported from completed trades CSV
2025-06-20,Kont Projè Cliff,MNQU,sell,2,21787,21848,-244,closed,,Imported from completed trades CSV
2025-06-20,Kont Projè Cliff,MNQU,sell,2,21791,21848,-228,closed,,Imported from completed trades CSV
2025-06-19,Kont Projè Cliff,MNQU,sell,2,21699,21698.25,3,closed,,Imported from completed trades CSV
2025-06-19,Kont Projè Cliff,MNQU,sell,2,21720.75,21724,-13,closed,,Imported from completed trades CSV
2025-06-19,Kont Projè Cliff,MNQU,buy,2,21716.75,21717.25,2,closed,,Imported from completed trades CSV
2025-06-19,Kont Projè Cliff,MNQU,sell,2,21717.5,21694.25,93,closed,,Imported from completed trades CSV
2025-06-18,Kont Projè Cliff,MNQU,buy,4,21999.5,22001,12,closed,,Imported from completed trades CSV
2025-06-18,Kont Projè Cliff,MNQU,sell,2,22006.75,21984,91,closed,,Imported from completed trades CSV
2025-06-18,Kont Projè Cliff,MNQU,sell,2,22001.5,21991.5,40,closed,,Imported from completed trades CSV
2025-06-18,Kont Projè Cliff,MNQU,buy,2,22055,22047,-32,closed,,Imported from completed trades CSV
2025-06-18,Kont Projè Cliff,MNQU,buy,2,22051.25,22047,-17,closed,,Imported from completed trades CSV
2025-06-18,Kont Projè Cliff,MNQU,buy,2,22056.75,22044.25,-50,closed,,Imported from completed trades CSV
2025-06-18,Kont Projè Cliff,MNQU,buy,2,22060.5,22033.5,-108,closed,,Imported from completed trades CSV
2025-06-18,Kont Projè Cliff,MNQU,buy,2,22034.5,22028.75,-23,closed,,Imported from completed trades CSV
2025-06-18,Kont Projè Cliff,MNQU,buy,2,22047,22020.25,-107,closed,,Imported from completed trades CSV
2025-06-18,Kont Projè Cliff,MNQU,buy,1,22043.75,22020.25,-47,closed,,Imported from completed trades CSV
2025-06-18,Kont Projè Cliff,MNQU,sell,1,22024.75,21996,57.5,closed,,Imported from completed trades CSV
2025-06-18,Kont Projè Cliff,MNQU,sell,2,22024.5,21996,114,closed,,Imported from completed trades CSV
2025-06-18,Kont Projè Cliff,MNQU,sell,2,22026.5,21996,122,closed,,Imported from completed trades CSV
2025-06-18,Kont Projè Cliff,MNQU,buy,2,21962.75,22026.25,254,closed,,Imported from completed trades CSV
2025-06-18,Kont Projè Cliff,MNQU,buy,1,22010.75,21991.5,-38.5,closed,,Imported from completed trades CSV
2025-06-18,Kont Projè Cliff,MNQU,sell,1,21990.75,22006,-30.5,closed,,Imported from completed trades CSV
2025-06-17,Kont Projè Cliff,MNQU,buy,1,22044.75,22079.5,69.5,closed,,Imported from completed trades CSV
2025-06-17,Kont Projè Cliff,MNQU,buy,1,22105.75,22079.5,-52.5,closed,,Imported from completed trades CSV
2025-06-17,Kont Projè Cliff,MNQU,buy,1,22101.75,22070.75,-62,closed,,Imported from completed trades CSV
2025-06-17,Kont Projè Cliff,MNQU,buy,1,22076,22070.75,-10.5,closed,,Imported from completed trades CSV
2025-06-17,Kont Projè Cliff,MNQU,buy,1,22076,22069.5,-13,closed,,Imported from completed trades CSV
2025-06-17,Kont Projè Cliff,MNQU,sell,4,22069.5,22095.5,-208,closed,,Imported from completed trades CSV
2025-06-17,Kont Projè Cliff,MNQU,buy,5,22094.5,22106.5,120,closed,,Imported from completed trades CSV
2025-06-17,Kont Projè Cliff,MNQU,buy,5,22097.5,22106.5,90,closed,,Imported from completed trades CSV
2025-06-17,Kont Projè Cliff,MNQU,buy,5,22114.5,22089.25,-252.5,closed,,Imported from completed trades CSV
2025-06-17,Kont Projè Cliff,MNQU,buy,5,22110.5,22089.25,-212.5,closed,,Imported from completed trades CSV
2025-06-16,Kont Projè Cliff,MNQU,sell,5,22036,22042,-60,closed,,Imported from completed trades CSV
2025-06-16,Kont Projè Cliff,MNQU,buy,5,22044.75,22036,-87.5,closed,,Imported from completed trades CSV
2025-06-16,Kont Projè Cliff,MNQU,sell,5,22036.5,22038.5,-20,closed,,Imported from completed trades CSV
2025-06-16,Kont Projè Cliff,MNQU,buy,5,22039,22029.25,-97.5,closed,,Imported from completed trades CSV
2025-06-16,Kont Projè Cliff,MNQU,sell,1,22028.5,22099.5,-142,closed,,Imported from completed trades CSV
2025-06-16,Kont Projè Cliff,MNQU,sell,1,22069.5,22099.5,-60,closed,,Imported from completed trades CSV
2025-06-16,Kont Projè Cliff,MNQU,sell,1,22064.5,22099.5,-70,closed,,Imported from completed trades CSV
2025-06-13,Kont Projè Cliff,MNQM,buy,1,21732.75,21644.5,-176.5,closed,,Imported from completed trades CSV
2025-06-13,Kont Projè Cliff,MNQM,buy,2,21732.75,21656.5,-305,closed,,Imported from completed trades CSV
2025-06-13,Kont Projè Cliff,MNQM,buy,2,21673,21656.5,-66,closed,,Imported from completed trades CSV
2025-06-12,Kont Projè Cliff,MNQM,sell,3,21866.25,21871.5,-31.5,closed,,Imported from completed trades CSV
2025-06-12,Kont Projè Cliff,MNQM,buy,3,21888.5,21912.5,144,closed,,Imported from completed trades CSV
2025-06-12,Kont Projè Cliff,MNQM,sell,3,21913.75,21929.75,-96,closed,,Imported from completed trades CSV
2025-06-12,Kont Projè Cliff,MNQM,sell,3,21931,21950.25,-115.5,closed,,Imported from completed trades CSV
2025-06-12,Kont Projè Cliff,MNQM,sell,3,21942.25,21914.5,166.5,closed,,Imported from completed trades CSV
2025-06-12,Kont Projè Cliff,MNQM,buy,3,21914,21904,-60,closed,,Imported from completed trades CSV
2025-06-12,Kont Projè Cliff,MNQM,buy,3,21928.75,21917,-70.5,closed,,Imported from completed trades CSV
2025-06-12,Kont Projè Cliff,MNQM,sell,3,21911.25,21943.5,-193.5,closed,,Imported from completed trades CSV
2025-06-11,Kont Projè Cliff,MNQM,buy,3,21890.5,21924.25,202.5,closed,,Imported from completed trades CSV
2025-06-11,Kont Projè Cliff,MNQM,buy,5,21995.5,21980.5,-150,closed,,Imported from completed trades CSV
2025-06-11,Kont Projè Cliff,MNQM,buy,1,21995.75,22002.5,13.5,closed,,Imported from completed trades CSV
2025-06-11,Kont Projè Cliff,MNQM,buy,4,21995.75,22004.5,70,closed,,Imported from completed trades CSV
2025-06-10,Kont Projè Cliff,MNQM,buy,10,21832.75,21829.5,-65,closed,,Imported from completed trades CSV
2025-06-10,Kont Projè Cliff,MNQM,buy,10,21838,21829.5,-170,closed,,Imported from completed trades CSV
2025-06-10,Kont Projè Cliff,MNQM,sell,1,21826.25,21839.75,-27,closed,,Imported from completed trades CSV
2025-06-10,Kont Projè Cliff,MNQM,buy,1,21875.25,21888.75,27,closed,,Imported from completed trades CSV
2025-06-10,Kont Projè Cliff,MNQM,buy,1,21868,21875.5,15,closed,,Imported from completed trades CSV
2025-06-10,Kont Projè Cliff,MNQM,buy,1,21868,21875.75,15.5,closed,,Imported from completed trades CSV
2025-06-10,Kont Projè Cliff,MNQM,buy,8,21868,21864.5,-56,closed,,Imported from completed trades CSV
2025-06-10,Kont Projè Cliff,MNQM,buy,5,21855.75,21859,32.5,closed,,Imported from completed trades CSV
2025-06-10,Kont Projè Cliff,MNQM,buy,1,21876,21869.25,-13.5,closed,,Imported from completed trades CSV
2025-06-10,Kont Projè Cliff,MNQM,buy,10,21906.5,21899.75,-135,closed,,Imported from completed trades CSV
2025-06-10,Kont Projè Cliff,MESM,buy,3,6031.75,6034.5,41.25,closed,,Imported from completed trades CSV
2025-06-10,Kont Projè Cliff,MESM,buy,7,6031.75,6033.75,70,closed,,Imported from completed trades CSV
2025-06-09,Kont Projè Cliff,MESM,buy,5,6014,6014.75,18.75,closed,,Imported from completed trades CSV
2025-06-09,Kont Projè Cliff,MESM,buy,5,6017,6014.5,-62.5,closed,,Imported from completed trades CSV
2025-06-09,Kont Projè Cliff,MESM,buy,5,6013.25,6018.75,137.5,closed,,Imported from completed trades CSV
2025-06-09,Kont Projè Cliff,MESM,buy,15,6013.75,6018.75,375,closed,,Imported from completed trades CSV
2025-06-09,Kont Projè Cliff,MESM,buy,5,6015.75,6014,-43.75,closed,,Imported from completed trades CSV
2025-06-09,Kont Projè Cliff,MESM,buy,5,6016.5,6014,-62.5,closed,,Imported from completed trades CSV
2025-06-09,Kont Projè Cliff,MESM,sell,5,6008.5,6004.75,93.75,closed,,Imported from completed trades CSV
2025-06-09,Kont Projè Cliff,MESM,buy,2,6006.75,6006,-7.5,closed,,Imported from completed trades CSV
2025-06-09,Kont Projè Cliff,MESM,buy,1,6006.75,6006,-3.75,closed,,Imported from completed trades CSV
2025-06-09,Kont Projè Cliff,MESM,buy,2,6006.75,6005.75,-10,closed,,Imported from completed trades CSV
2025-06-09,Kont Projè Cliff,MESM,buy,1,6008.75,6005.75,-15,closed,,Imported from completed trades CSV
2025-06-09,Kont Projè Cliff,MESM,buy,3,6008.75,6006.75,-30,closed,,Imported from completed trades CSV
2025-06-09,Kont Projè Cliff,MESM,buy,6,6008.75,6004.75,-120,closed,,Imported from completed trades CSV
2025-06-09,Kont Projè Cliff,MESM,sell,3,6013,6012.75,3.75,closed,,Imported from completed trades CSV
2025-06-09,Kont Projè Cliff,MESM,sell,15,6011,6012.75,-131.25,closed,,Imported from completed trades CSV
2025-06-09,Kont Projè Cliff,MESM,sell,5,6012.75,6015.25,-62.5,closed,,Imported from completed trades CSV
2025-06-09,Kont Projè Cliff,MESM,sell,10,6012.75,6016.25,-175,closed,,Imported from completed trades CSV
2025-06-09,Kont Projè Cliff,MESM,buy,5,6022.25,6025.25,75,closed,,Imported from completed trades CSV
2025-06-09,Kont Projè Cliff,MESM,buy,5,6008.5,6011.75,81.25,closed,,Imported from completed trades CSV
2025-06-06,Kont Projè Cliff,MNQM,buy,1,21780,21784.5,9,closed,,Imported from completed trades CSV
2025-06-06,Kont Projè Cliff,MESM,buy,5,6015.5,6011.5,-100,closed,,Imported from completed trades CSV
2025-06-06,Kont Projè Cliff,MESM,buy,10,6016.25,6011.5,-237.5,closed,,Imported from completed trades CSV
2025-06-06,Kont Projè Cliff,MESM,buy,5,6014.75,6011.5,-81.25,closed,,Imported from completed trades CSV
2025-06-06,Kont Projè Cliff,MNQM,buy,1,21841,21847.5,13,closed,,Imported from completed trades CSV
2025-06-06,Kont Projè Cliff,MNQM,buy,5,21852,21838.5,-135,closed,,Imported from completed trades CSV
2025-06-05,Kont Projè Cliff,MNQM,buy,3,21799.5,21769.25,-181.5,closed,,Imported from completed trades CSV
2025-06-05,Kont Projè Cliff,MNQM,buy,1,21773,21749,-48,closed,,Imported from completed trades CSV
2025-06-05,Kont Projè Cliff,MNQM,buy,2,21773,21735.75,-149,closed,,Imported from completed trades CSV
2025-06-05,Kont Projè Cliff,MNQM,sell,1,21719,21717.75,2.5,closed,,Imported from completed trades CSV
2025-06-05,Kont Projè Cliff,MNQM,sell,1,21726.5,21717.75,17.5,closed,,Imported from completed trades CSV
2025-06-05,Kont Projè Cliff,MNQM,sell,5,21698.25,21717.75,-195,closed,,Imported from completed trades CSV
2025-06-04,Kont Projè Cliff,MNQM,sell,3,21746.25,21735.75,63,closed,,Imported from completed trades CSV
2025-06-04,Kont Projè Cliff,MNQM,sell,3,21674.75,21673.5,7.5,closed,,Imported from completed trades CSV
2025-06-04,Kont Projè Cliff,MNQM,buy,1,21698,21699.25,2.5,closed,,Imported from completed trades CSV
2025-06-04,Kont Projè Cliff,MNQM,buy,10,21726,21699.25,-535,closed,,Imported from completed trades CSV
2025-06-04,Kont Projè Cliff,MNQM,buy,5,21777.5,21770.25,-72.5,closed,,Imported from completed trades CSV
2025-06-03,Kont Projè Cliff,MNQM,buy,5,21663,21670.75,77.5,closed,,Imported from completed trades CSV
2025-06-03,Kont Projè Cliff,MNQM,sell,5,21673,21676.5,-35,closed,,Imported from completed trades CSV
2025-06-03,Kont Projè Cliff,MNQM,sell,5,21666.25,21679,-127.5,closed,,Imported from completed trades CSV
2025-06-03,Kont Projè Cliff,MNQM,buy,10,21677,21659.75,-345,closed,,Imported from completed trades CSV
2025-06-03,Kont Projè Cliff,MNQM,buy,5,21668.5,21684.75,162.5,closed,,Imported from completed trades CSV
2025-06-03,Kont Projè Cliff,MNQM,sell,5,21679.25,21693.25,-140,closed,,Imported from completed trades CSV
2025-06-03,Kont Projè Cliff,MNQM,buy,10,21708,21718.75,215,closed,,Imported from completed trades CSV
2025-06-03,Kont Projè Cliff,MNQM,buy,5,21734.25,21740,57.5,closed,,Imported from completed trades CSV
2025-06-03,Kont Projè Cliff,MNQM,buy,5,21739.75,21740,2.5,closed,,Imported from completed trades CSV
2025-06-03,Kont Projè Cliff,MNQM,buy,5,21736,21740,40,closed,,Imported from completed trades CSV
2025-06-03,Kont Projè Cliff,MNQM,sell,5,21736,21743.5,-75,closed,,Imported from completed trades CSV
2025-06-03,Kont Projè Cliff,MNQM,buy,10,21741.5,21750,170,closed,,Imported from completed trades CSV
2025-06-03,Kont Projè Cliff,MNQM,sell,5,21739.75,21748.25,-85,closed,,Imported from completed trades CSV
2025-06-03,Kont Projè Cliff,MNQM,buy,5,21744,21736.25,-77.5,closed,,Imported from completed trades CSV
2025-06-03,Kont Projè Cliff,MNQM,buy,5,21741.75,21736.25,-55,closed,,Imported from completed trades CSV
2025-06-03,Kont Projè Cliff,MNQM,buy,10,21745.75,21736.25,-190,closed,,Imported from completed trades CSV
2025-06-03,Kont Projè Cliff,MNQM,buy,5,21737.75,21735.5,-22.5,closed,,Imported from completed trades CSV
2025-06-02,Kont Projè Cliff,MNQM,buy,2,21314,21328,56,closed,,Imported from completed trades CSV
2025-06-02,Kont Projè Cliff,MNQM,buy,1,21314,21395,162,closed,,Imported from completed trades CSV
2025-06-02,Kont Projè Cliff,MNQM,buy,3,21307.5,21395,525,closed,,Imported from completed trades CSV
2025-06-02,Kont Projè Cliff,MNQM,buy,1,21277,21431.25,308.5,closed,,Imported from completed trades CSV
2025-06-02,Kont Projè Cliff,MNQM,sell,1,21411.75,21332.75,158,closed,,Imported from completed trades CSV
2025-06-02,Kont Projè Cliff,MNQM,buy,3,21336.5,21300.5,-216,closed,,Imported from completed trades CSV
2025-05-30,Kont Projè Cliff,MNQM,sell,5,21356.5,21386,-295,closed,,Imported from completed trades CSV
2025-05-30,Kont Projè Cliff,MNQM,sell,3,21366.75,21367.5,-4.5,closed,,Imported from completed trades CSV
2025-05-30,Kont Projè Cliff,MNQM,sell,3,21353.75,21350.75,18,closed,,Imported from completed trades CSV
2025-05-30,Kont Projè Cliff,MNQM,buy,5,21314.5,21296,-185,closed,,Imported from completed trades CSV
2025-05-30,Kont Projè Cliff,MNQM,sell,3,21321.25,21332.25,-66,closed,,Imported from completed trades CSV
2025-05-29,Kont Projè Cliff,MNQM,buy,5,21401.75,21442.75,410,closed,,Imported from completed trades CSV
2025-05-29,Kont Projè Cliff,MNQM,buy,5,21467,21442.25,-247.5,closed,,Imported from completed trades CSV
2025-05-29,Kont Projè Cliff,MNQM,sell,5,21438.25,21458.75,-205,closed,,Imported from completed trades CSV
2025-05-29,Kont Projè Cliff,MNQM,buy,3,21458.75,21495.5,220.5,closed,,Imported from completed trades CSV
2025-05-29,Kont Projè Cliff,MNQM,buy,2,21458.75,21508.25,198,closed,,Imported from completed trades CSV
2025-05-29,Kont Projè Cliff,MNQM,buy,5,21475,21508.25,332.5,closed,,Imported from completed trades CSV
2025-05-28,Kont Projè Cliff,MNQM,buy,5,21519.25,21539.75,205,closed,,Imported from completed trades CSV
2025-05-28,Kont Projè Cliff,MNQM,buy,5,21450.75,21433.75,-170,closed,,Imported from completed trades CSV
2025-05-28,Kont Projè Cliff,MNQM,buy,5,21450.75,21439.75,-110,closed,,Imported from completed trades CSV
2025-05-28,Kont Projè Cliff,MNQM,buy,5,21455.25,21457.5,22.5,closed,,Imported from completed trades CSV
2025-05-28,Kont Projè Cliff,MNQM,buy,10,21463.25,21454.75,-170,closed,,Imported from completed trades CSV
2025-05-28,Kont Projè Cliff,MNQM,buy,5,21461.5,21457.5,-40,closed,,Imported from completed trades CSV
2025-05-28,Kont Projè Cliff,MNQM,buy,5,21461.5,21450.75,-107.5,closed,,Imported from completed trades CSV
2025-05-27,Kont Projè Cliff,MNQM,buy,5,21222,21219.5,-25,closed,,Imported from completed trades CSV
2025-05-27,Kont Projè Cliff,MNQM,buy,5,21242,21253,110,closed,,Imported from completed trades CSV
2025-05-27,Kont Projè Cliff,MNQM,buy,5,21278.5,21320.5,420,closed,,Imported from completed trades CSV
2025-05-27,Kont Projè Cliff,MNQM,buy,5,21279.25,21320.5,412.5,closed,,Imported from completed trades CSV
2025-05-26,Kont Projè Cliff,MNQM,sell,5,21298.5,21305,-65,closed,,Imported from completed trades CSV
2025-05-26,Kont Projè Cliff,MNQM,sell,10,21296.75,21305,-165,closed,,Imported from completed trades CSV
2025-05-26,Kont Projè Cliff,MNQM,sell,10,21287,21291.75,-95,closed,,Imported from completed trades CSV
2025-05-26,Kont Projè Cliff,MNQM,buy,10,21275.75,21270,-115,closed,,Imported from completed trades CSV
2025-05-23,Kont Projè Cliff,MNQM,buy,3,20893,20856.5,-219,closed,,Imported from completed trades CSV
2025-05-23,Kont Projè Cliff,MNQM,buy,2,20893,20916.25,93,closed,,Imported from completed trades CSV
2025-05-23,Kont Projè Cliff,MNQM,buy,4,20923,20916.25,-54,closed,,Imported from completed trades CSV
2025-05-23,Kont Projè Cliff,MNQM,buy,5,20966.25,20955.25,-110,closed,,Imported from completed trades CSV
2025-05-23,Kont Projè Cliff,MNQM,buy,3,20955.75,20956.25,3,closed,,Imported from completed trades CSV
2025-05-23,Kont Projè Cliff,MNQM,buy,3,20951.25,20956.25,30,closed,,Imported from completed trades CSV
2025-05-22,Kont Projè Cliff,MNQM,buy,5,21240.5,21205.75,-347.5,closed,,Imported from completed trades CSV
2025-05-22,Kont Projè Cliff,MNQM,buy,5,21248.25,21228.75,-195,closed,,Imported from completed trades CSV
2025-05-21,Kont Projè Cliff,MNQM,buy,5,21298.25,21321.75,235,closed,,Imported from completed trades CSV
2025-05-21,Kont Projè Cliff,MNQM,buy,10,21340.75,21322.25,-370,closed,,Imported from completed trades CSV
2025-05-21,Kont Projè Cliff,MNQM,buy,5,21358,21381.5,235,closed,,Imported from completed trades CSV
2025-05-21,Kont Projè Cliff,MNQM,buy,10,21166.25,21176.5,205,closed,,Imported from completed trades CSV
2025-05-20,Kont Projè Cliff,MNQM,buy,5,21434.25,21426.25,-80,closed,,Imported from completed trades CSV
2025-05-20,Kont Projè Cliff,MNQM,sell,3,21392,21400.5,-51,closed,,Imported from completed trades CSV
2025-05-20,Kont Projè Cliff,MNQM,sell,10,21402.5,21400.5,40,closed,,Imported from completed trades CSV
2025-05-20,Kont Projè Cliff,MNQM,sell,10,21388.5,21400.75,-245,closed,,Imported from completed trades CSV
2025-05-19,Kont Projè Cliff,MNQM,buy,3,21435.75,21436,1.5,closed,,Imported from completed trades CSV
2025-05-19,Kont Projè Cliff,MNQM,buy,3,21433.25,21436,16.5,closed,,Imported from completed trades CSV
2025-05-19,Kont Projè Cliff,MNQM,buy,5,21461.25,21531.25,700,closed,,Imported from completed trades CSV
2025-05-19,Kont Projè Cliff,MNQM,buy,5,21513,21499.5,-135,closed,,Imported from completed trades CSV
2025-05-19,Kont Projè Cliff,MNQM,buy,5,21463,21464.75,17.5,closed,,Imported from completed trades CSV
2025-05-16,Kont Projè Cliff,MNQM,buy,5,21361,21387.25,262.5,closed,,Imported from completed trades CSV
2025-05-15,Kont Projè Cliff,MNQM,buy,5,21380,21392,120,closed,,Imported from completed trades CSV
2025-05-15,Kont Projè Cliff,MNQM,buy,10,21393.25,21394,15,closed,,Imported from completed trades CSV
2025-05-14,Kont Projè Cliff,MNQM,buy,5,21317.75,21293.25,-245,closed,,Imported from completed trades CSV
2025-05-13,Kont Projè Cliff,MNQM,buy,10,21278,21299,420,closed,,Imported from completed trades CSV
2025-05-13,Kont Projè Cliff,MNQM,buy,5,21311.25,21298.25,-130,closed,,Imported from completed trades CSV
2025-05-12,Kont Projè Cliff,MNQM,sell,2,20778.25,20794.25,-64,closed,,Imported from completed trades CSV
2025-05-08,Kont Projè Cliff,MNQM,buy,2,20083.75,20097.25,54,closed,,Imported from completed trades CSV
2025-05-08,Kont Projè Cliff,MNQM,sell,3,20195,20214.5,-117,closed,,Imported from completed trades CSV
2025-05-08,Kont Projè Cliff,MNQM,buy,3,20298.25,20321,136.5,closed,,Imported from completed trades CSV
2025-05-08,Kont Projè Cliff,MNQM,buy,2,20317.75,20321,13,closed,,Imported from completed trades CSV
2025-05-08,Kont Projè Cliff,MNQM,sell,2,20319.5,20320.75,-5,closed,,Imported from completed trades CSV
2025-05-07,Kont Projè Cliff,MNQM,buy,3,19875.5,19854.25,-127.5,closed,,Imported from completed trades CSV
2025-05-07,Kont Projè Cliff,MNQM,sell,3,19699.75,19730.75,-186,closed,,Imported from completed trades CSV
2025-05-07,Kont Projè Cliff,MNQM,buy,3,19805.75,19795,-64.5,closed,,Imported from completed trades CSV
2025-05-06,Kont Projè Cliff,MNQM,buy,4,19879.5,19923,348,closed,,Imported from completed trades CSV
2025-05-02,Kont Projè Cliff,MNQM,sell,1,20058.25,20067.25,-18,closed,,Imported from completed trades CSV
2025-05-02,Kont Projè Cliff,MNQM,buy,3,20165.75,20135.25,-183,closed,,Imported from completed trades CSV
2025-05-02,Kont Projè Cliff,MNQM,buy,3,20212.25,20217,28.5,closed,,Imported from completed trades CSV
2025-05-01,Kont Projè Cliff,MNQM,buy,2,19973,19991.75,75,closed,,Imported from completed trades CSV
2025-05-01,Kont Projè Cliff,MNQM,buy,2,19971.25,19991.75,82,closed,,Imported from completed trades CSV
2025-05-01,Kont Projè Cliff,MNQM,buy,3,19977.25,19954.75,-135,closed,,Imported from completed trades CSV
2025-05-01,Kont Projè Cliff,MNQM,buy,3,19953.75,19926.5,-163.5,closed,,Imported from completed trades CSV
2025-05-01,Kont Projè Cliff,MNQM,buy,3,19985.75,19976.5,-55.5,closed,,Imported from completed trades CSV
2025-04-30,Kont Projè Cliff,MNQM,sell,1,19180.25,19183.25,-6,closed,,Imported from completed trades CSV
2025-04-30,Kont Projè Cliff,MNQM,sell,3,19279.75,19318.25,-231,closed,,Imported from completed trades CSV
2025-04-30,Kont Projè Cliff,MNQM,buy,4,19377,19358.75,-146,closed,,Imported from completed trades CSV
2025-04-30,Kont Projè Cliff,MNQM,buy,3,19390,19411.25,127.5,closed,,Imported from completed trades CSV
2025-04-30,Kont Projè Cliff,MNQM,buy,3,19429,19411.25,-106.5,closed,,Imported from completed trades CSV
2025-04-30,Kont Projè Cliff,MNQM,buy,3,19425.5,19423,-15,closed,,Imported from completed trades CSV
2025-04-29,Kont Projè Cliff,MNQM,sell,2,19399.25,19413.25,-56,closed,,Imported from completed trades CSV
2025-04-29,Kont Projè Cliff,MNQM,buy,2,19567,19545.75,-85,closed,,Imported from completed trades CSV
2025-04-29,Kont Projè Cliff,MNQM,buy,2,19511,19556.5,182,closed,,Imported from completed trades CSV
2025-04-29,Kont Projè Cliff,MNQM,buy,3,19654.75,19672.5,106.5,closed,,Imported from completed trades CSV
2025-04-28,Kont Projè Cliff,MNQM,buy,1,19533.25,19499.5,-67.5,closed,,Imported from completed trades CSV
2025-04-28,Kont Projè Cliff,MNQM,buy,2,19533.25,19479.25,-216,closed,,Imported from completed trades CSV
2025-04-28,Kont Projè Cliff,MNQM,buy,2,19457.5,19423.5,-136,closed,,Imported from completed trades CSV
2025-04-28,Kont Projè Cliff,MNQM,buy,2,19362,19368.5,26,closed,,Imported from completed trades CSV
2025-04-28,Kont Projè Cliff,MNQM,sell,2,19359.75,19358.75,4,closed,,Imported from completed trades CSV
2025-04-28,Kont Projè Cliff,MNQM,buy,2,19304.25,19280.75,-94,closed,,Imported from completed trades CSV
2025-04-25,Kont Projè Cliff,MNQM,sell,3,19283.5,19278.5,30,closed,,Imported from completed trades CSV
2025-04-25,Kont Projè Cliff,MNQM,sell,3,19301.5,19343.5,-252,closed,,Imported from completed trades CSV
2025-04-25,Kont Projè Cliff,MNQM,buy,2,19427.25,19449,87,closed,,Imported from completed trades CSV
2025-04-25,Kont Projè Cliff,MNQM,buy,2,19468.5,19463.5,-20,closed,,Imported from completed trades CSV
2025-04-25,Kont Projè Cliff,MNQM,buy,2,19494.25,19485.25,-36,closed,,Imported from completed trades CSV
2025-04-24,Kont Projè Cliff,MNQM,sell,3,19142.5,19158.75,-97.5,closed,,Imported from completed trades CSV
2025-04-24,Kont Projè Cliff,MNQM,buy,3,19147.5,19164.25,100.5,closed,,Imported from completed trades CSV
2025-04-23,Kont Projè Cliff,MNQM,buy,2,19083.25,19057.25,-104,closed,,Imported from completed trades CSV
2025-04-23,Kont Projè Cliff,MNQM,buy,2,19014,19141.25,509,closed,,Imported from completed trades CSV
2025-04-23,Kont Projè Cliff,MNQM,buy,2,19119,19104.25,-59,closed,,Imported from completed trades CSV
2025-04-23,Kont Projè Cliff,MNQM,sell,2,18939.75,18877.25,250,closed,,Imported from completed trades CSV
2025-04-23,Kont Projè Cliff,MNQM,sell,2,18923.75,18916,31,closed,,Imported from completed trades CSV
2025-04-22,Kont Projè Cliff,MNQM,buy,1,18287.5,18262.25,-50.5,closed,,Imported from completed trades CSV
2025-04-22,Kont Projè Cliff,MNQM,buy,2,18287.5,18246,-166,closed,,Imported from completed trades CSV
2025-04-22,Kont Projè Cliff,MNQM,buy,2,18463.5,18439.75,-95,closed,,Imported from completed trades CSV
2025-04-21,Kont Projè Cliff,MNQM,sell,2,17897.75,17810.5,349,closed,,Imported from completed trades CSV
2025-04-21,Kont Projè Cliff,MNQM,buy,2,17855.75,17857.5,7,closed,,Imported from completed trades CSV
2025-04-21,Kont Projè Cliff,MNQM,sell,1,17743.5,17733.75,19.5,closed,,Imported from completed trades CSV
2025-04-21,Kont Projè Cliff,MNQM,sell,1,17750.5,17733.75,33.5,closed,,Imported from completed trades CSV
2025-04-17,Kont Projè Cliff,MNQM,sell,3,18435.25,18455.25,-120,closed,,Imported from completed trades CSV
2025-04-17,Kont Projè Cliff,MNQM,sell,1,18402,18450.25,-96.5,closed,,Imported from completed trades CSV
2025-04-17,Kont Projè Cliff,MNQM,sell,1,18399.75,18450.25,-101,closed,,Imported from completed trades CSV
2025-04-17,Kont Projè Cliff,MNQM,sell,1,18409,18387.25,43.5,closed,,Imported from completed trades CSV
2025-04-17,Kont Projè Cliff,MNQM,sell,1,18386.75,18387.25,-1,closed,,Imported from completed trades CSV
2025-04-17,Kont Projè Cliff,MNQM,sell,3,18334,18328,36,closed,,Imported from completed trades CSV
2025-04-17,Kont Projè Cliff,MNQM,buy,3,18321,18294.75,-157.5,closed,,Imported from completed trades CSV
2025-04-17,Kont Projè Cliff,MNQM,sell,2,18393.75,18404.25,-42,closed,,Imported from completed trades CSV
2025-04-17,Kont Projè Cliff,MNQM,sell,2,18489,18509.5,-82,closed,,Imported from completed trades CSV
2025-04-17,Kont Projè Cliff,MNQM,sell,2,18437.25,18440,-11,closed,,Imported from completed trades CSV
2025-04-16,Kont Projè Cliff,MNQM,buy,2,18623.75,18643,77,closed,,Imported from completed trades CSV
2025-04-16,Kont Projè Cliff,MNQM,buy,1,18620.25,18627.75,15,closed,,Imported from completed trades CSV
2025-04-16,Kont Projè Cliff,MNQM,buy,2,18620.25,18598.25,-88,closed,,Imported from completed trades CSV
2025-04-16,Kont Projè Cliff,MNQM,buy,2,18638,18639,4,closed,,Imported from completed trades CSV
2025-04-16,Kont Projè Cliff,MNQM,buy,3,18641.5,18613.75,-166.5,closed,,Imported from completed trades CSV
2025-04-16,Kont Projè Cliff,MNQM,buy,3,18699.25,18669.75,-177,closed,,Imported from completed trades CSV
2025-04-15,Kont Projè Cliff,MNQM,buy,2,18982.25,19007.75,102,closed,,Imported from completed trades CSV
2025-04-15,Kont Projè Cliff,MNQM,buy,1,19030.5,19053,45,closed,,Imported from completed trades CSV
2025-04-15,Kont Projè Cliff,MNQM,buy,1,19072.25,19053,-38.5,closed,,Imported from completed trades CSV
2025-04-14,Kont Projè Cliff,MNQM,sell,2,19098.75,19054.75,176,closed,,Imported from completed trades CSV
2025-04-14,Kont Projè Cliff,MNQM,buy,2,19083,19112,116,closed,,Imported from completed trades CSV
2025-04-14,Kont Projè Cliff,MNQM,sell,2,19016.75,18970.5,185,closed,,Imported from completed trades CSV
2025-04-14,Kont Projè Cliff,MNQM,sell,2,18959.25,18905.75,214,closed,,Imported from completed trades CSV
2025-04-14,Kont Projè Cliff,MNQM,sell,1,18861.5,18836.5,50,closed,,Imported from completed trades CSV
2025-04-11,Kont Projè Cliff,MNQM,buy,2,18535.25,18472.25,-252,closed,,Imported from completed trades CSV
2025-04-11,Kont Projè Cliff,MNQM,sell,2,18416.5,18393.75,91,closed,,Imported from completed trades CSV
2025-04-11,Kont Projè Cliff,MNQM,buy,2,18507,18565.25,233,closed,,Imported from completed trades CSV
2025-04-11,Kont Projè Cliff,MNQM,sell,2,18551.5,18616.5,-260,closed,,Imported from completed trades CSV
2025-04-11,Kont Projè Cliff,MNQM,buy,2,18369.75,18349,-83,closed,,Imported from completed trades CSV
2025-04-10,Kont Projè Cliff,MNQM,buy,1,18455,18457.75,5.5,closed,,Imported from completed trades CSV
2025-04-10,Kont Projè Cliff,MNQM,sell,1,18198.25,18234.75,-73,closed,,Imported from completed trades CSV
2025-04-10,Kont Projè Cliff,MNQM,sell,1,18198.25,17995.5,405.5,closed,,Imported from completed trades CSV
2025-04-09,Kont Projè Cliff,MNQM,buy,2,17370.25,17441,283,closed,,Imported from completed trades CSV
2025-04-09,Kont Projè Cliff,MNQM,buy,1,17428.75,17379.25,-99,closed,,Imported from completed trades CSV
2025-04-09,Kont Projè Cliff,MNQM,buy,1,17426,17379.25,-93.5,closed,,Imported from completed trades CSV
2025-04-09,Kont Projè Cliff,MNQM,sell,1,17333.75,17321,25.5,closed,,Imported from completed trades CSV
2025-04-09,Kont Projè Cliff,MNQM,sell,1,17323.5,17321,5,closed,,Imported from completed trades CSV
2025-04-09,Kont Projè Cliff,MNQM,buy,1,18869.25,18743.75,-251,closed,,Imported from completed trades CSV
2025-04-08,Kont Projè Cliff,MNQM,buy,2,18061.5,17988,-294,closed,,Imported from completed trades CSV
2025-04-08,Kont Projè Cliff,MNQM,buy,2,18039.5,18072.25,131,closed,,Imported from completed trades CSV
2025-04-08,Kont Projè Cliff,MNQM,buy,2,17995,18019.5,98,closed,,Imported from completed trades CSV
2025-04-07,Kont Projè Cliff,MNQM,buy,1,16726.5,16818,183,closed,,Imported from completed trades CSV
2025-04-07,Kont Projè Cliff,MNQM,buy,1,16726.5,17082.5,712,closed,,Imported from completed trades CSV
2025-04-07,Kont Projè Cliff,MNQM,sell,1,17389.25,17437.5,-96.5,closed,,Imported from completed trades CSV
2025-04-07,Kont Projè Cliff,MNQM,buy,1,17389.25,17445.5,112.5,closed,,Imported from completed trades CSV
2025-04-07,Kont Projè Cliff,MNQM,buy,1,17389.25,17340.25,-98,closed,,Imported from completed trades CSV
2025-04-07,Kont Projè Cliff,MNQM,buy,1,17438.25,17572.75,269,closed,,Imported from completed trades CSV
2025-04-07,Kont Projè Cliff,MNQM,buy,1,17438.25,17622,367.5,closed,,Imported from completed trades CSV
2025-04-04,Kont Projè Cliff,MNQM,sell,1,18126.5,18116,21,closed,,Imported from completed trades CSV
2025-04-04,Kont Projè Cliff,MNQM,buy,2,18045.25,17944.25,-404,closed,,Imported from completed trades CSV
2025-04-03,Kont Projè Cliff,MNQM,sell,2,18772,18790.75,-75,closed,,Imported from completed trades CSV
2025-04-03,Kont Projè Cliff,MNQM,buy,1,18880.75,19011.25,261,closed,,Imported from completed trades CSV
2025-04-03,Kont Projè Cliff,MNQM,buy,2,19014.25,18940,-297,closed,,Imported from completed trades CSV
2025-04-03,Kont Projè Cliff,MNQM,buy,1,18781.25,18757.25,-48,closed,,Imported from completed trades CSV
2025-04-03,Kont Projè Cliff,MNQM,buy,1,18842,18918.25,152.5,closed,,Imported from completed trades CSV
2025-04-03,Kont Projè Cliff,MNQM,buy,1,18842,18892.5,101,closed,,Imported from completed trades CSV
2025-04-02,Kont Projè Cliff,MNQM,buy,1,19636.25,19737,201.5,closed,,Imported from completed trades CSV
2025-04-02,Kont Projè Cliff,MNQM,buy,1,19683.75,19737,106.5,closed,,Imported from completed trades CSV
2025-04-01,Kont Projè Cliff,MNQM,sell,2,19294.75,19332.75,-152,closed,,Imported from completed trades CSV
2025-04-01,Kont Projè Cliff,MNQM,buy,3,19554.5,19534.25,-121.5,closed,,Imported from completed trades CSV
2025-04-01,Kont Projè Cliff,MNQM,buy,3,19571.5,19565.25,-37.5,closed,,Imported from completed trades CSV