Id,ContractName,EnteredAt,ExitedAt,EntryPrice,ExitPrice,Fees,PnL,Size,Type,TradeDay,TradeDuration
6364464,MNQM5,06/02/2025 10:08:05 -04:00,06/02/2025 10:22:06 -04:00,21314.000000000,21328.000000000,2.40000,56.000000000,2,Long,06/02/2025 00:00:00 -05:00,00:14:00.6796360
5449872,MNQM5,04/10/2025 11:35:17 -04:00,04/10/2025 11:35:27 -04:00,18455.000000000,18457.750000000,1.20000,5.500000000,1,Long,04/10/2025 00:00:00 -05:00,00:00:10.1179980
6611550,MNQM5,06/12/2025 09:56:44 -04:00,06/12/2025 10:07:13 -04:00,21866.250000000,21871.500000000,3.60000,-31.500000000,3,Short,06/12/2025 00:00:00 -05:00,00:10:29.3529610
6249153,MNQM5,05/27/2025 09:39:01 -04:00,05/27/2025 09:43:02 -04:00,21222.000000000,21219.500000000,6.00000,-25.000000000,5,Long,05/27/2025 00:00:00 -05:00,00:04:00.6869820
6249548,MNQM5,05/27/2025 09:45:07 -04:00,05/27/2025 09:50:21 -04:00,21242.000000000,21253.000000000,6.00000,110.000000000,5,Long,05/27/2025 00:00:00 -05:00,00:05:14.2648880
6365470,MNQM5,06/02/2025 10:08:05 -04:00,06/02/2025 10:38:57 -04:00,21314.000000000,21395.000000000,1.20000,162.000000000,1,Long,06/02/2025 00:00:00 -05:00,00:30:51.7309860
6365471,MNQM5,06/02/2025 10:13:09 -04:00,06/02/2025 10:38:57 -04:00,21307.500000000,21395.000000000,3.60000,525.000000000,3,Long,06/02/2025 00:00:00 -05:00,00:25:48.0998510
6659980,MNQU5,06/16/2025 08:54:08 -04:00,06/16/2025 08:55:46 -04:00,22036.000000000,22042.000000000,6.00000,-60.000000000,5,Short,06/16/2025 00:00:00 -05:00,00:01:37.5709130
6660014,MNQU5,06/16/2025 08:56:10 -04:00,06/16/2025 08:59:04 -04:00,22044.750000000,22036.000000000,6.00000,-87.500000000,5,Long,06/16/2025 00:00:00 -05:00,00:02:54.0290550
6250456,MNQM5,05/27/2025 09:51:03 -04:00,05/27/2025 10:00:13 -04:00,21278.500000000,21320.500000000,6.00000,420.000000000,5,Long,05/27/2025 00:00:00 -05:00,00:09:10.1954010
6250457,MNQM5,05/27/2025 09:51:08 -04:00,05/27/2025 10:00:13 -04:00,21279.250000000,21320.500000000,6.00000,412.500000000,5,Long,05/27/2025 00:00:00 -05:00,00:09:04.7410740
6660329,MNQU5,06/16/2025 08:59:09 -04:00,06/16/2025 09:20:51 -04:00,22036.500000000,22038.500000000,6.00000,-20.000000000,5,Short,06/16/2025 00:00:00 -05:00,00:21:41.4724040
6660385,MNQU5,06/16/2025 09:21:04 -04:00,06/16/2025 09:25:00 -04:00,22039.000000000,22029.250000000,6.00000,-97.500000000,5,Long,06/16/2025 00:00:00 -05:00,00:03:55.3874770
6235225,MNQM5,05/26/2025 09:37:18 -04:00,05/26/2025 09:46:45 -04:00,21298.500000000,21305.000000000,6.00000,-65.000000000,5,Short,05/26/2025 00:00:00 -05:00,00:09:26.3829640
6235226,MNQM5,05/26/2025 09:46:15 -04:00,05/26/2025 09:46:45 -04:00,21296.750000000,21305.000000000,12.00000,-165.000000000,10,Short,05/26/2025 00:00:00 -05:00,00:00:29.5795240
6235337,MNQM5,05/26/2025 09:51:03 -04:00,05/26/2025 09:51:45 -04:00,21287.000000000,21291.750000000,12.00000,-95.000000000,10,Short,05/26/2025 00:00:00 -05:00,00:00:41.5987170
5451753,MNQM5,04/10/2025 12:11:09 -04:00,04/10/2025 12:11:34 -04:00,18198.250000000,18234.750000000,1.20000,-73.000000000,1,Short,04/10/2025 00:00:00 -05:00,00:00:25.2757740
6235748,MNQM5,05/26/2025 09:58:11 -04:00,05/26/2025 10:03:46 -04:00,21275.750000000,21270.000000000,12.00000,-115.000000000,10,Long,05/26/2025 00:00:00 -05:00,00:05:35.4660760
6662187,MNQU5,06/16/2025 09:30:22 -04:00,06/16/2025 09:49:16 -04:00,22028.500000000,22099.500000000,1.20000,-142.000000000,1,Short,06/16/2025 00:00:00 -05:00,00:18:53.7179260
6662188,MNQU5,06/16/2025 09:47:49 -04:00,06/16/2025 09:49:16 -04:00,22069.500000000,22099.500000000,1.20000,-60.000000000,1,Short,06/16/2025 00:00:00 -05:00,00:01:26.8055850
6662189,MNQU5,06/16/2025 09:47:51 -04:00,06/16/2025 09:49:16 -04:00,22064.500000000,22099.500000000,1.20000,-70.000000000,1,Short,06/16/2025 00:00:00 -05:00,00:01:24.9244380
5452313,MNQM5,04/10/2025 12:11:09 -04:00,04/10/2025 12:23:29 -04:00,18198.250000000,17995.500000000,1.20000,405.500000000,1,Short,04/10/2025 00:00:00 -05:00,00:12:20.1662140
6758237,MNQU5,06/20/2025 10:28:02 -04:00,06/20/2025 10:40:31 -04:00,21923.750000000,21940.000000000,2.40000,65.000000000,2,Long,06/20/2025 00:00:00 -05:00,00:12:29.4683840
6309910,MNQM5,05/29/2025 10:23:13 -04:00,05/29/2025 10:30:15 -04:00,21401.750000000,21442.750000000,6.00000,410.000000000,5,Long,05/29/2025 00:00:00 -05:00,00:07:01.2649120
6310027,MNQM5,05/29/2025 10:32:10 -04:00,05/29/2025 10:33:58 -04:00,21467.000000000,21442.250000000,6.00000,-247.500000000,5,Long,05/29/2025 00:00:00 -05:00,00:01:48.1074320
6310126,MNQM5,05/29/2025 10:34:26 -04:00,05/29/2025 10:36:26 -04:00,21438.250000000,21458.750000000,6.00000,-205.000000000,5,Short,05/29/2025 00:00:00 -05:00,00:02:00.7813790
6310618,MNQM5,05/29/2025 10:37:19 -04:00,05/29/2025 10:53:28 -04:00,21458.750000000,21495.500000000,3.60000,220.500000000,3,Long,05/29/2025 00:00:00 -05:00,00:16:08.8500360
5592019,MNQM5,04/17/2025 10:04:47 -04:00,04/17/2025 10:06:07 -04:00,18435.250000000,18455.250000000,3.60000,-120.000000000,3,Short,04/17/2025 00:00:00 -05:00,00:01:20.4264630
6310871,MNQM5,05/29/2025 10:37:19 -04:00,05/29/2025 11:00:30 -04:00,21458.750000000,21508.250000000,2.40000,198.000000000,2,Long,05/29/2025 00:00:00 -05:00,00:23:10.6424500
6310872,MNQM5,05/29/2025 10:50:21 -04:00,05/29/2025 11:00:30 -04:00,21475.000000000,21508.250000000,6.00000,332.500000000,5,Long,05/29/2025 00:00:00 -05:00,00:10:09.0867530
5721406,MNQM5,04/25/2025 09:47:34 -04:00,04/25/2025 09:55:55 -04:00,19283.500000000,19278.500000000,3.60000,30.000000000,3,Short,04/25/2025 00:00:00 -05:00,00:08:20.7611020
6503936,MNQM5,06/06/2025 13:19:06 -04:00,06/06/2025 13:26:26 -04:00,21780.000000000,21784.500000000,1.20000,9.000000000,1,Long,06/06/2025 00:00:00 -05:00,00:07:20.7251260
5722064,MNQM5,04/25/2025 10:04:59 -04:00,04/25/2025 10:07:09 -04:00,19301.500000000,19343.500000000,3.60000,-252.000000000,3,Short,04/25/2025 00:00:00 -05:00,00:02:09.2191550
6758487,MNQU5,06/20/2025 10:41:04 -04:00,06/20/2025 10:42:06 -04:00,21899.750000000,21883.000000000,2.40000,67.000000000,2,Short,06/20/2025 00:00:00 -05:00,00:01:02.7265390
6758488,MNQU5,06/20/2025 10:41:32 -04:00,06/20/2025 10:42:06 -04:00,21920.500000000,21883.000000000,2.40000,150.000000000,2,Short,06/20/2025 00:00:00 -05:00,00:00:34.7330170
5592482,MNQM5,04/17/2025 10:07:20 -04:00,04/17/2025 10:12:16 -04:00,18402.000000000,18450.250000000,1.20000,-96.500000000,1,Short,04/17/2025 00:00:00 -05:00,00:04:55.8940990
5592483,MNQM5,04/17/2025 10:07:28 -04:00,04/17/2025 10:12:16 -04:00,18399.750000000,18450.250000000,1.20000,-101.000000000,1,Short,04/17/2025 00:00:00 -05:00,00:04:48.4921200
5275026,MNQM5,04/02/2025 11:53:30 -04:00,04/02/2025 12:18:31 -04:00,19636.250000000,19737.000000000,1.20000,201.500000000,1,Long,04/02/2025 00:00:00 -05:00,00:25:01.0279400
5275028,MNQM5,04/02/2025 12:02:47 -04:00,04/02/2025 12:18:31 -04:00,19683.750000000,19737.000000000,1.20000,106.500000000,1,Long,04/02/2025 00:00:00 -05:00,00:15:43.5038840
6612501,MNQM5,06/12/2025 10:08:19 -04:00,06/12/2025 10:16:10 -04:00,21888.500000000,21912.500000000,3.60000,144.000000000,3,Long,06/12/2025 00:00:00 -05:00,00:07:50.9107320
6275335,MNQM5,05/28/2025 09:36:01 -04:00,05/28/2025 09:44:16 -04:00,21519.250000000,21539.750000000,6.00000,205.000000000,5,Long,05/28/2025 00:00:00 -05:00,00:08:14.7340550
5593127,MNQM5,04/17/2025 10:15:22 -04:00,04/17/2025 10:22:16 -04:00,18409.000000000,18387.250000000,1.20000,43.500000000,1,Short,04/17/2025 00:00:00 -05:00,00:06:53.6455710
5593128,MNQM5,04/17/2025 10:19:42 -04:00,04/17/2025 10:22:16 -04:00,18386.750000000,18387.250000000,1.20000,-1.000000000,1,Short,04/17/2025 00:00:00 -05:00,00:02:33.6403880
6282345,MNQM5,05/28/2025 10:47:07 -04:00,05/28/2025 10:58:51 -04:00,21450.750000000,21433.750000000,6.00000,-170.000000000,5,Long,05/28/2025 00:00:00 -05:00,00:11:43.5436580
6283513,MNQM5,05/28/2025 11:13:12 -04:00,05/28/2025 11:14:58 -04:00,21450.750000000,21439.750000000,6.00000,-110.000000000,5,Long,05/28/2025 00:00:00 -05:00,00:01:46.2484360
6506520,MESM5,06/06/2025 14:57:37 -04:00,06/06/2025 15:11:49 -04:00,6015.500000000,6011.500000000,6.00000,-100.000000000,5,Long,06/06/2025 00:00:00 -05:00,00:14:11.9240760
6506521,MESM5,06/06/2025 15:01:04 -04:00,06/06/2025 15:11:49 -04:00,6016.250000000,6011.500000000,12.00000,-237.500000000,10,Long,06/06/2025 00:00:00 -05:00,00:10:44.4025300
6283901,MNQM5,05/28/2025 11:18:23 -04:00,05/28/2025 11:26:04 -04:00,21455.250000000,21457.500000000,6.00000,22.500000000,5,Long,05/28/2025 00:00:00 -05:00,00:07:40.6808120
6284029,MNQM5,05/28/2025 11:28:08 -04:00,05/28/2025 11:28:56 -04:00,21463.250000000,21454.750000000,12.00000,-170.000000000,10,Long,05/28/2025 00:00:00 -05:00,00:00:48.1451370
6284232,MNQM5,05/28/2025 11:31:07 -04:00,05/28/2025 11:31:51 -04:00,21461.500000000,21457.500000000,6.00000,-40.000000000,5,Long,05/28/2025 00:00:00 -05:00,00:00:43.3137440
6284261,MNQM5,05/28/2025 11:31:07 -04:00,05/28/2025 11:34:37 -04:00,21461.500000000,21450.750000000,6.00000,-107.500000000,5,Long,05/28/2025 00:00:00 -05:00,00:03:29.7727540
6506600,MESM5,06/06/2025 15:14:09 -04:00,06/06/2025 15:15:13 -04:00,6014.750000000,6011.500000000,6.00000,-81.250000000,5,Long,06/06/2025 00:00:00 -05:00,00:01:03.7309490
6754832,MNQU5,06/20/2025 10:05:04 -04:00,06/20/2025 10:06:04 -04:00,22022.250000000,21999.750000000,1.20000,-45.000000000,1,Long,06/20/2025 00:00:00 -05:00,00:01:00.0224430
6759065,MNQU5,06/20/2025 10:53:34 -04:00,06/20/2025 10:54:28 -04:00,21827.250000000,21797.750000000,2.40000,-118.000000000,2,Long,06/20/2025 00:00:00 -05:00,00:00:54.0138390
6756072,MNQU5,06/20/2025 10:12:02 -04:00,06/20/2025 10:18:20 -04:00,21975.750000000,21986.250000000,1.20000,-21.000000000,1,Short,06/20/2025 00:00:00 -05:00,00:06:17.6104200
6756350,MNQU5,06/20/2025 10:21:01 -04:00,06/20/2025 10:23:48 -04:00,21999.500000000,21958.500000000,2.40000,-164.000000000,2,Long,06/20/2025 00:00:00 -05:00,00:02:46.7224920
6759654,MNQU5,06/20/2025 11:00:41 -04:00,06/20/2025 11:14:29 -04:00,21787.000000000,21848.000000000,2.40000,-244.000000000,2,Short,06/20/2025 00:00:00 -05:00,00:13:47.8064120
6759655,MNQU5,06/20/2025 11:01:52 -04:00,06/20/2025 11:14:29 -04:00,21791.000000000,21848.000000000,2.40000,-228.000000000,2,Short,06/20/2025 00:00:00 -05:00,00:12:37.1270350
6613698,MNQM5,06/12/2025 10:33:04 -04:00,06/12/2025 10:37:31 -04:00,21913.750000000,21929.750000000,3.60000,-96.000000000,3,Short,06/12/2025 00:00:00 -05:00,00:04:26.6071010
5595084,MNQM5,04/17/2025 10:52:06 -04:00,04/17/2025 11:01:00 -04:00,18334.000000000,18328.000000000,3.60000,36.000000000,3,Short,04/17/2025 00:00:00 -05:00,00:08:53.6008680
5595145,MNQM5,04/17/2025 11:01:20 -04:00,04/17/2025 11:04:06 -04:00,18321.000000000,18294.750000000,3.60000,-157.500000000,3,Long,04/17/2025 00:00:00 -05:00,00:02:45.8717400
6338317,MNQM5,05/30/2025 10:53:59 -04:00,05/30/2025 10:56:21 -04:00,21356.500000000,21386.000000000,6.00000,-295.000000000,5,Short,05/30/2025 00:00:00 -05:00,00:02:22.4871030
6338900,MNQM5,05/30/2025 11:00:19 -04:00,05/30/2025 11:05:38 -04:00,21366.750000000,21367.500000000,3.60000,-4.500000000,3,Short,05/30/2025 00:00:00 -05:00,00:05:19.6006520
5730848,MNQM5,04/25/2025 14:02:13 -04:00,04/25/2025 14:12:10 -04:00,19427.250000000,19449.000000000,2.40000,87.000000000,2,Long,04/25/2025 00:00:00 -05:00,00:09:56.6101370
6339312,MNQM5,05/30/2025 11:13:44 -04:00,05/30/2025 11:16:21 -04:00,21353.750000000,21350.750000000,3.60000,18.000000000,3,Short,05/30/2025 00:00:00 -05:00,00:02:36.8455320
5730946,MNQM5,04/25/2025 14:18:16 -04:00,04/25/2025 14:20:22 -04:00,19468.500000000,19463.500000000,2.40000,-20.000000000,2,Long,04/25/2025 00:00:00 -05:00,00:02:06.3975050
5390256,MNQM5,04/08/2025 11:20:14 -04:00,04/08/2025 11:25:08 -04:00,18061.500000000,17988.000000000,2.40000,-294.000000000,2,Long,04/08/2025 00:00:00 -05:00,00:04:53.5077710
5731136,MNQM5,04/25/2025 14:22:34 -04:00,04/25/2025 14:27:52 -04:00,19494.250000000,19485.250000000,2.40000,-36.000000000,2,Long,04/25/2025 00:00:00 -05:00,00:05:17.8328490
6341246,MNQM5,05/30/2025 11:43:04 -04:00,05/30/2025 11:44:40 -04:00,21314.500000000,21296.000000000,6.00000,-185.000000000,5,Long,05/30/2025 00:00:00 -05:00,00:01:35.9812540
5827273,MNQM5,05/01/2025 12:26:47 -04:00,05/01/2025 12:38:03 -04:00,19973.000000000,19991.750000000,2.40000,75.000000000,2,Long,05/01/2025 00:00:00 -05:00,00:11:15.8742650
5827275,MNQM5,05/01/2025 12:27:37 -04:00,05/01/2025 12:38:03 -04:00,19971.250000000,19991.750000000,2.40000,82.000000000,2,Long,05/01/2025 00:00:00 -05:00,00:10:25.9821420
5827401,MNQM5,05/01/2025 12:38:26 -04:00,05/01/2025 12:41:16 -04:00,19977.250000000,19954.750000000,3.60000,-135.000000000,3,Long,05/01/2025 00:00:00 -05:00,00:02:49.7585630
6341688,MNQM5,05/30/2025 11:54:13 -04:00,05/30/2025 11:54:43 -04:00,21321.250000000,21332.250000000,3.60000,-66.000000000,3,Short,05/30/2025 00:00:00 -05:00,00:00:30.8499630
5827601,MNQM5,05/01/2025 12:51:27 -04:00,05/01/2025 12:52:40 -04:00,19953.750000000,19926.500000000,3.60000,-163.500000000,3,Long,05/01/2025 00:00:00 -05:00,00:01:12.2964790
5595895,MNQM5,04/17/2025 11:16:31 -04:00,04/17/2025 11:17:40 -04:00,18393.750000000,18404.250000000,2.40000,-42.000000000,2,Short,04/17/2025 00:00:00 -05:00,00:01:09.7171100
5467559,MNQM5,04/11/2025 09:06:03 -04:00,04/11/2025 09:09:17 -04:00,18535.250000000,18472.250000000,2.40000,-252.000000000,2,Long,04/11/2025 00:00:00 -05:00,00:03:14.0885760
5391076,MNQM5,04/08/2025 11:33:11 -04:00,04/08/2025 11:46:33 -04:00,18039.500000000,18072.250000000,2.40000,131.000000000,2,Long,04/08/2025 00:00:00 -05:00,00:13:22.5953300
5467832,MNQM5,04/11/2025 09:12:17 -04:00,04/11/2025 09:16:02 -04:00,18416.500000000,18393.750000000,2.40000,91.000000000,2,Short,04/11/2025 00:00:00 -05:00,00:03:44.7791640
5829065,MNQM5,05/01/2025 13:51:24 -04:00,05/01/2025 13:52:14 -04:00,19985.750000000,19976.500000000,3.60000,-55.500000000,3,Long,05/01/2025 00:00:00 -05:00,00:00:50.4959270
5392317,MNQM5,04/08/2025 11:55:27 -04:00,04/08/2025 12:00:34 -04:00,17995.000000000,18019.500000000,2.40000,98.000000000,2,Long,04/08/2025 00:00:00 -05:00,00:05:06.9063560
6614941,MNQM5,06/12/2025 10:59:14 -04:00,06/12/2025 11:01:54 -04:00,21931.000000000,21950.250000000,3.60000,-115.500000000,3,Short,06/12/2025 00:00:00 -05:00,00:02:40.6881350
5469767,MNQM5,04/11/2025 09:43:07 -04:00,04/11/2025 09:49:11 -04:00,18507.000000000,18565.250000000,2.40000,233.000000000,2,Long,04/11/2025 00:00:00 -05:00,00:06:03.4779410
5470316,MNQM5,04/11/2025 09:50:38 -04:00,04/11/2025 09:53:35 -04:00,18551.500000000,18616.500000000,2.40000,-260.000000000,2,Short,04/11/2025 00:00:00 -05:00,00:02:57.0594420
6426183,MNQM5,06/04/2025 09:52:42 -04:00,06/04/2025 10:01:51 -04:00,21746.250000000,21735.750000000,3.60000,63.000000000,3,Short,06/04/2025 00:00:00 -05:00,00:09:09.4878460
6455727,MNQM5,06/05/2025 09:34:58 -04:00,06/05/2025 09:39:05 -04:00,21799.500000000,21769.250000000,3.60000,-181.500000000,3,Long,06/05/2025 00:00:00 -05:00,00:04:06.5546210
5623611,MNQM5,04/21/2025 11:17:57 -04:00,04/21/2025 12:00:53 -04:00,17897.750000000,17810.500000000,2.40000,349.000000000,2,Short,04/21/2025 00:00:00 -05:00,00:42:56.0610450
6359845,MNQM5,06/02/2025 09:26:34 -04:00,06/02/2025 09:40:55 -04:00,21277.000000000,21431.250000000,1.20000,308.500000000,1,Long,06/02/2025 00:00:00 -05:00,00:14:20.8462510
6361782,MNQM5,06/02/2025 09:46:01 -04:00,06/02/2025 09:55:01 -04:00,21411.750000000,21332.750000000,1.20000,158.000000000,1,Short,06/02/2025 00:00:00 -05:00,00:09:00.3535170
6362162,MNQM5,06/02/2025 09:56:05 -04:00,06/02/2025 09:58:16 -04:00,21336.500000000,21300.500000000,3.60000,-216.000000000,3,Long,06/02/2025 00:00:00 -05:00,00:02:11.9471740
5998618,MNQM5,05/13/2025 12:23:02 -04:00,05/13/2025 12:30:51 -04:00,21278.000000000,21299.000000000,12.00000,420.000000000,10,Long,05/13/2025 00:00:00 -05:00,00:07:48.4515230
6456794,MNQM5,06/05/2025 09:41:10 -04:00,06/05/2025 09:45:47 -04:00,21773.000000000,21749.000000000,1.20000,-48.000000000,1,Long,06/05/2025 00:00:00 -05:00,00:04:36.5034270
6456863,MNQM5,06/05/2025 09:41:10 -04:00,06/05/2025 09:45:54 -04:00,21773.000000000,21735.750000000,2.40000,-149.000000000,2,Long,06/05/2025 00:00:00 -05:00,00:04:43.5309610
5624700,MNQM5,04/21/2025 12:38:26 -04:00,04/21/2025 12:45:18 -04:00,17855.750000000,17857.500000000,2.40000,7.000000000,2,Long,04/21/2025 00:00:00 -05:00,00:06:51.7269600
6427920,MNQM5,06/04/2025 10:06:25 -04:00,06/04/2025 10:09:34 -04:00,21674.750000000,21673.500000000,3.60000,7.500000000,3,Short,06/04/2025 00:00:00 -05:00,00:03:09.5687470
6457500,MNQM5,06/05/2025 09:46:18 -04:00,06/05/2025 09:48:35 -04:00,21719.000000000,21717.750000000,1.20000,2.500000000,1,Short,06/05/2025 00:00:00 -05:00,00:02:17.1855690
6457501,MNQM5,06/05/2025 09:46:59 -04:00,06/05/2025 09:48:35 -04:00,21726.500000000,21717.750000000,1.20000,17.500000000,1,Short,06/05/2025 00:00:00 -05:00,00:01:36.4431360
5472825,MNQM5,04/11/2025 10:25:44 -04:00,04/11/2025 10:26:48 -04:00,18369.750000000,18349.000000000,2.40000,-83.000000000,2,Long,04/11/2025 00:00:00 -05:00,00:01:04.2364640
6457502,MNQM5,06/05/2025 09:48:02 -04:00,06/05/2025 09:48:35 -04:00,21698.250000000,21717.750000000,6.00000,-195.000000000,5,Short,06/05/2025 00:00:00 -05:00,00:00:33.3133170
6516548,MESM5,06/09/2025 08:18:17 -04:00,06/09/2025 08:42:19 -04:00,6014.000000000,6014.750000000,6.00000,18.750000000,5,Long,06/09/2025 00:00:00 -05:00,00:24:01.7980200
5601062,MNQM5,04/17/2025 14:35:43 -04:00,04/17/2025 14:46:21 -04:00,18489.000000000,18509.500000000,2.40000,-82.000000000,2,Short,04/17/2025 00:00:00 -05:00,00:10:38.1120060
5601153,MNQM5,04/17/2025 14:50:59 -04:00,04/17/2025 14:51:08 -04:00,18437.250000000,18440.000000000,2.40000,-11.000000000,2,Short,04/17/2025 00:00:00 -05:00,00:00:08.7150250
6429119,MNQM5,06/04/2025 10:10:15 -04:00,06/04/2025 10:17:38 -04:00,21698.000000000,21699.250000000,1.20000,2.500000000,1,Long,06/04/2025 00:00:00 -05:00,00:07:23.8012090
6429120,MNQM5,06/04/2025 10:16:07 -04:00,06/04/2025 10:17:38 -04:00,21726.000000000,21699.250000000,12.00000,-535.000000000,10,Long,06/04/2025 00:00:00 -05:00,00:01:31.3678640
5305205,MNQM5,04/03/2025 10:51:40 -04:00,04/03/2025 10:55:02 -04:00,18772.000000000,18790.750000000,2.40000,-75.000000000,2,Short,04/03/2025 00:00:00 -05:00,00:03:22.2191690
6516643,MESM5,06/09/2025 08:44:32 -04:00,06/09/2025 08:51:02 -04:00,6017.000000000,6014.500000000,6.00000,-62.500000000,5,Long,06/09/2025 00:00:00 -05:00,00:06:30.0378910
5626655,MNQM5,04/21/2025 13:25:33 -04:00,04/21/2025 13:50:53 -04:00,17743.500000000,17733.750000000,1.20000,19.500000000,1,Short,04/21/2025 00:00:00 -05:00,00:25:19.3719310
5626656,MNQM5,04/21/2025 13:29:12 -04:00,04/21/2025 13:50:53 -04:00,17750.500000000,17733.750000000,1.20000,33.500000000,1,Short,04/21/2025 00:00:00 -05:00,00:21:40.7010080
6090728,MNQM5,05/19/2025 11:57:08 -04:00,05/19/2025 12:19:57 -04:00,21435.750000000,21436.000000000,3.60000,1.500000000,3,Long,05/19/2025 00:00:00 -05:00,00:22:49.4105550
6090729,MNQM5,05/19/2025 11:57:41 -04:00,05/19/2025 12:19:57 -04:00,21433.250000000,21436.000000000,3.60000,16.500000000,3,Long,05/19/2025 00:00:00 -05:00,00:22:16.5226490
6616757,MNQM5,06/12/2025 11:17:14 -04:00,06/12/2025 11:23:56 -04:00,21942.250000000,21914.500000000,3.60000,166.500000000,3,Short,06/12/2025 00:00:00 -05:00,00:06:42.0818590
6401315,MNQM5,06/03/2025 11:15:16 -04:00,06/03/2025 11:26:07 -04:00,21663.000000000,21670.750000000,6.00000,77.500000000,5,Long,06/03/2025 00:00:00 -05:00,00:10:50.5175320
6401532,MNQM5,06/03/2025 11:26:48 -04:00,06/03/2025 11:36:40 -04:00,21673.000000000,21676.500000000,6.00000,-35.000000000,5,Short,06/03/2025 00:00:00 -05:00,00:09:52.0251140
6092212,MNQM5,05/19/2025 12:48:08 -04:00,05/19/2025 13:10:25 -04:00,21461.250000000,21531.250000000,6.00000,700.000000000,5,Long,05/19/2025 00:00:00 -05:00,00:22:16.8156610
6401684,MNQM5,06/03/2025 11:39:14 -04:00,06/03/2025 11:42:49 -04:00,21666.250000000,21679.000000000,6.00000,-127.500000000,5,Short,06/03/2025 00:00:00 -05:00,00:03:34.7918410
6402015,MNQM5,06/03/2025 11:45:26 -04:00,06/03/2025 11:50:09 -04:00,21677.000000000,21659.750000000,12.00000,-345.000000000,10,Long,06/03/2025 00:00:00 -05:00,00:04:42.9788500
6402777,MNQM5,06/03/2025 11:53:04 -04:00,06/03/2025 12:08:30 -04:00,21668.500000000,21684.750000000,6.00000,162.500000000,5,Long,06/03/2025 00:00:00 -05:00,00:15:26.0176770
6402993,MNQM5,06/03/2025 12:10:45 -04:00,06/03/2025 12:15:18 -04:00,21679.250000000,21693.250000000,6.00000,-140.000000000,5,Short,06/03/2025 00:00:00 -05:00,00:04:33.1589500
6617419,MNQM5,06/12/2025 11:30:07 -04:00,06/12/2025 11:32:45 -04:00,21914.000000000,21904.000000000,3.60000,-60.000000000,3,Long,06/12/2025 00:00:00 -05:00,00:02:38.2514870
6001326,MNQM5,05/13/2025 14:19:08 -04:00,05/13/2025 14:31:13 -04:00,21311.250000000,21298.250000000,6.00000,-130.000000000,5,Long,05/13/2025 00:00:00 -05:00,00:12:04.6647740
6403703,MNQM5,06/03/2025 12:30:22 -04:00,06/03/2025 12:31:14 -04:00,21708.000000000,21718.750000000,12.00000,215.000000000,10,Long,06/03/2025 00:00:00 -05:00,00:00:52.3259100
5976047,MNQM5,05/12/2025 11:07:11 -04:00,05/12/2025 11:19:25 -04:00,20778.250000000,20794.250000000,2.40000,-64.000000000,2,Short,05/12/2025 00:00:00 -05:00,00:12:14.2924660
6404580,MNQM5,06/03/2025 12:45:09 -04:00,06/03/2025 12:53:45 -04:00,21734.250000000,21740.000000000,6.00000,57.500000000,5,Long,06/03/2025 00:00:00 -05:00,00:08:35.9487530
6404581,MNQM5,06/03/2025 12:47:02 -04:00,06/03/2025 12:53:45 -04:00,21739.750000000,21740.000000000,6.00000,2.500000000,5,Long,06/03/2025 00:00:00 -05:00,00:06:43.5200840
6404582,MNQM5,06/03/2025 12:47:13 -04:00,06/03/2025 12:53:45 -04:00,21736.000000000,21740.000000000,6.00000,40.000000000,5,Long,06/03/2025 00:00:00 -05:00,00:06:32.2798790
6777867,MNQU5,06/23/2025 10:16:25 -04:00,06/23/2025 10:17:50 -04:00,21970.000000000,21981.750000000,2.40000,-47.000000000,2,Short,06/23/2025 00:00:00 -05:00,00:01:24.9321950
6404863,MNQM5,06/03/2025 13:01:44 -04:00,06/03/2025 13:10:43 -04:00,21736.000000000,21743.500000000,6.00000,-75.000000000,5,Short,06/03/2025 00:00:00 -05:00,00:08:58.2169460
6405135,MNQM5,06/03/2025 13:11:15 -04:00,06/03/2025 13:25:14 -04:00,21741.500000000,21750.000000000,12.00000,170.000000000,10,Long,06/03/2025 00:00:00 -05:00,00:13:59.0781370
6405424,MNQM5,06/03/2025 13:35:59 -04:00,06/03/2025 13:37:36 -04:00,21739.750000000,21748.250000000,6.00000,-85.000000000,5,Short,06/03/2025 00:00:00 -05:00,00:01:36.9249280
6405497,MNQM5,06/03/2025 13:38:02 -04:00,06/03/2025 13:41:03 -04:00,21744.000000000,21736.250000000,6.00000,-77.500000000,5,Long,06/03/2025 00:00:00 -05:00,00:03:00.9053530
6405498,MNQM5,06/03/2025 13:38:53 -04:00,06/03/2025 13:41:03 -04:00,21741.750000000,21736.250000000,6.00000,-55.000000000,5,Long,06/03/2025 00:00:00 -05:00,00:02:10.2833040
6405499,MNQM5,06/03/2025 13:40:01 -04:00,06/03/2025 13:41:03 -04:00,21745.750000000,21736.250000000,12.00000,-190.000000000,10,Long,06/03/2025 00:00:00 -05:00,00:01:02.1174480
6405616,MNQM5,06/03/2025 13:44:23 -04:00,06/03/2025 13:44:33 -04:00,21737.750000000,21735.500000000,6.00000,-22.500000000,5,Long,06/03/2025 00:00:00 -05:00,00:00:10.1939000
6093378,MNQM5,05/19/2025 13:52:29 -04:00,05/19/2025 13:57:46 -04:00,21513.000000000,21499.500000000,6.00000,-135.000000000,5,Long,05/19/2025 00:00:00 -05:00,00:05:17.3855710
6778730,MNQU5,06/23/2025 10:36:21 -04:00,06/23/2025 10:43:35 -04:00,21982.500000000,22002.000000000,2.40000,-78.000000000,2,Short,06/23/2025 00:00:00 -05:00,00:07:13.6254980
5298362,MNQM5,04/03/2025 09:16:42 -04:00,04/03/2025 09:35:36 -04:00,18880.750000000,19011.250000000,1.20000,261.000000000,1,Long,04/03/2025 00:00:00 -05:00,00:18:54.0384110
6779094,MNQU5,06/23/2025 10:54:08 -04:00,06/23/2025 10:56:09 -04:00,21987.500000000,21969.500000000,2.40000,-72.000000000,2,Long,06/23/2025 00:00:00 -05:00,00:02:00.7473610
6094018,MNQM5,05/19/2025 14:25:03 -04:00,05/19/2025 14:27:46 -04:00,21463.000000000,21464.750000000,6.00000,17.500000000,5,Long,05/19/2025 00:00:00 -05:00,00:02:42.7920850
6780282,MNQU5,06/23/2025 11:36:30 -04:00,06/23/2025 11:38:51 -04:00,21949.250000000,21965.750000000,1.20000,-33.000000000,1,Short,06/23/2025 00:00:00 -05:00,00:02:20.7039180
6781181,MNQU5,06/23/2025 11:39:56 -04:00,06/23/2025 12:18:11 -04:00,21951.500000000,21911.500000000,1.20000,80.000000000,1,Short,06/23/2025 00:00:00 -05:00,00:38:15.1652070
5300729,MNQM5,04/03/2025 09:51:31 -04:00,04/03/2025 10:00:00 -04:00,19014.250000000,18940.000000000,2.40000,-297.000000000,2,Long,04/03/2025 00:00:00 -05:00,00:08:29.0334270
6515756,MESM5,06/09/2025 07:17:02 -04:00,06/09/2025 07:37:58 -04:00,6013.250000000,6018.750000000,6.00000,137.500000000,5,Long,06/09/2025 00:00:00 -05:00,00:20:55.9908050
6515757,MESM5,06/09/2025 07:28:10 -04:00,06/09/2025 07:37:58 -04:00,6013.750000000,6018.750000000,18.00000,375.000000000,15,Long,06/09/2025 00:00:00 -05:00,00:09:47.6683870
6434561,MNQM5,06/04/2025 11:07:06 -04:00,06/04/2025 11:10:24 -04:00,21777.500000000,21770.250000000,6.00000,-72.500000000,5,Long,06/04/2025 00:00:00 -05:00,00:03:17.9748110
5305747,MNQM5,04/03/2025 11:01:28 -04:00,04/03/2025 11:05:24 -04:00,18781.250000000,18757.250000000,1.20000,-48.000000000,1,Long,04/03/2025 00:00:00 -05:00,00:03:55.2718040
6516089,MESM5,06/09/2025 07:52:59 -04:00,06/09/2025 08:08:34 -04:00,6015.750000000,6014.000000000,6.00000,-43.750000000,5,Long,06/09/2025 00:00:00 -05:00,00:15:34.9604140
6516090,MESM5,06/09/2025 07:55:12 -04:00,06/09/2025 08:08:34 -04:00,6016.500000000,6014.000000000,6.00000,-62.500000000,5,Long,06/09/2025 00:00:00 -05:00,00:13:21.7645460
5840556,MNQM5,05/02/2025 09:36:39 -04:00,05/02/2025 09:38:41 -04:00,20058.250000000,20067.250000000,1.20000,-18.000000000,1,Short,05/02/2025 00:00:00 -05:00,00:02:02.7656950
6619631,MNQM5,06/12/2025 11:42:09 -04:00,06/12/2025 12:04:15 -04:00,21928.750000000,21917.000000000,3.60000,-70.500000000,3,Long,06/12/2025 00:00:00 -05:00,00:22:06.0297520
6517830,MESM5,06/09/2025 09:31:22 -04:00,06/09/2025 09:36:54 -04:00,6008.500000000,6004.750000000,6.00000,93.750000000,5,Short,06/09/2025 00:00:00 -05:00,00:05:31.9425120
6797285,MNQU5,06/24/2025 08:39:01 -04:00,06/24/2025 09:15:11 -04:00,22289.250000000,22305.500000000,2.40000,-65.000000000,2,Short,06/24/2025 00:00:00 -05:00,00:36:10.0353040
6619976,MNQM5,06/12/2025 12:05:05 -04:00,06/12/2025 12:12:23 -04:00,21911.250000000,21943.500000000,3.60000,-193.500000000,3,Short,06/12/2025 00:00:00 -05:00,00:07:18.3335450
5746832,MNQM5,04/28/2025 10:25:29 -04:00,04/28/2025 10:27:06 -04:00,19533.250000000,19499.500000000,1.20000,-67.500000000,1,Long,04/28/2025 00:00:00 -05:00,00:01:37.6758600
5746948,MNQM5,04/28/2025 10:25:29 -04:00,04/28/2025 10:30:10 -04:00,19533.250000000,19479.250000000,2.40000,-216.000000000,2,Long,04/28/2025 00:00:00 -05:00,00:04:41.0790520
6518577,MESM5,06/09/2025 09:41:23 -04:00,06/09/2025 09:44:35 -04:00,6006.750000000,6006.000000000,2.40000,-7.500000000,2,Long,06/09/2025 00:00:00 -05:00,00:03:11.4160430
6518894,MESM5,06/09/2025 09:41:23 -04:00,06/09/2025 09:48:27 -04:00,6006.750000000,6006.000000000,1.20000,-3.750000000,1,Long,06/09/2025 00:00:00 -05:00,00:07:04.1389430
6519551,MESM5,06/09/2025 09:41:23 -04:00,06/09/2025 09:58:30 -04:00,6006.750000000,6005.750000000,2.40000,-10.000000000,2,Long,06/09/2025 00:00:00 -05:00,00:17:06.9207360
6519552,MESM5,06/09/2025 09:50:17 -04:00,06/09/2025 09:58:30 -04:00,6008.750000000,6005.750000000,1.20000,-15.000000000,1,Long,06/09/2025 00:00:00 -05:00,00:08:12.6580680
6519563,MESM5,06/09/2025 09:50:17 -04:00,06/09/2025 09:58:50 -04:00,6008.750000000,6006.750000000,3.60000,-30.000000000,3,Long,06/09/2025 00:00:00 -05:00,00:08:32.7510950
5308646,MNQM5,04/03/2025 11:24:07 -04:00,04/03/2025 11:43:34 -04:00,18842.000000000,18918.250000000,1.20000,152.500000000,1,Long,04/03/2025 00:00:00 -05:00,00:19:26.8714230
6519627,MESM5,06/09/2025 09:50:17 -04:00,06/09/2025 09:59:50 -04:00,6008.750000000,6004.750000000,7.20000,-120.000000000,6,Long,06/09/2025 00:00:00 -05:00,00:09:32.4026550
5844857,MNQM5,05/02/2025 10:40:26 -04:00,05/02/2025 10:41:45 -04:00,20165.750000000,20135.250000000,3.60000,-183.000000000,3,Long,05/02/2025 00:00:00 -05:00,00:01:18.9275310
5308733,MNQM5,04/03/2025 11:24:07 -04:00,04/03/2025 11:45:28 -04:00,18842.000000000,18892.500000000,1.20000,101.000000000,1,Long,04/03/2025 00:00:00 -05:00,00:21:21.3610000
5749052,MNQM5,04/28/2025 11:14:04 -04:00,04/28/2025 11:15:11 -04:00,19457.500000000,19423.500000000,2.40000,-136.000000000,2,Long,04/28/2025 00:00:00 -05:00,00:01:06.9012840
6013590,MNQM5,05/14/2025 09:52:30 -04:00,05/14/2025 09:53:58 -04:00,21317.750000000,21293.250000000,6.00000,-245.000000000,5,Long,05/14/2025 00:00:00 -05:00,00:01:28.5222640
5750100,MNQM5,04/28/2025 11:38:57 -04:00,04/28/2025 11:44:19 -04:00,19362.000000000,19368.500000000,2.40000,26.000000000,2,Long,04/28/2025 00:00:00 -05:00,00:05:22.7761580
5750319,MNQM5,04/28/2025 11:45:17 -04:00,04/28/2025 11:52:39 -04:00,19359.750000000,19358.750000000,2.40000,4.000000000,2,Short,04/28/2025 00:00:00 -05:00,00:07:22.2872920
5751096,MNQM5,04/28/2025 12:24:59 -04:00,04/28/2025 12:27:00 -04:00,19304.250000000,19280.750000000,2.40000,-94.000000000,2,Long,04/28/2025 00:00:00 -05:00,00:02:01.0263810
6491333,MNQM5,06/06/2025 09:42:04 -04:00,06/06/2025 09:47:33 -04:00,21841.000000000,21847.500000000,1.20000,13.000000000,1,Long,06/06/2025 00:00:00 -05:00,00:05:29.3988640
6491954,MNQM5,06/06/2025 09:50:09 -04:00,06/06/2025 09:54:29 -04:00,21852.000000000,21838.500000000,6.00000,-135.000000000,5,Long,06/06/2025 00:00:00 -05:00,00:04:19.8235970
6528276,MESM5,06/09/2025 12:07:14 -04:00,06/09/2025 12:12:46 -04:00,6013.000000000,6012.750000000,3.60000,3.750000000,3,Short,06/09/2025 00:00:00 -05:00,00:05:32.2950200
6528277,MESM5,06/09/2025 12:10:34 -04:00,06/09/2025 12:12:46 -04:00,6011.000000000,6012.750000000,18.00000,-131.250000000,15,Short,06/09/2025 00:00:00 -05:00,00:02:12.5777730
6528520,MESM5,06/09/2025 12:16:14 -04:00,06/09/2025 12:24:09 -04:00,6012.750000000,6015.250000000,6.00000,-62.500000000,5,Short,06/09/2025 00:00:00 -05:00,00:07:55.4512460
6528782,MESM5,06/09/2025 12:16:14 -04:00,06/09/2025 12:34:23 -04:00,6012.750000000,6016.250000000,12.00000,-175.000000000,10,Short,06/09/2025 00:00:00 -05:00,00:18:09.8083450
6531998,MESM5,06/09/2025 13:25:04 -04:00,06/09/2025 13:55:12 -04:00,6022.250000000,6025.250000000,6.00000,75.000000000,5,Long,06/09/2025 00:00:00 -05:00,00:30:08.3814180
6572370,MNQM5,06/11/2025 07:23:21 -04:00,06/11/2025 07:31:42 -04:00,21890.500000000,21924.250000000,3.60000,202.500000000,3,Long,06/11/2025 00:00:00 -05:00,00:08:20.8933690
5850189,MNQM5,05/02/2025 13:29:45 -04:00,05/02/2025 13:50:04 -04:00,20212.250000000,20217.000000000,3.60000,28.500000000,3,Long,05/02/2025 00:00:00 -05:00,00:20:19.2430850
6535026,MESM5,06/09/2025 15:59:58 -04:00,06/09/2025 16:59:02 -04:00,6008.500000000,6011.750000000,6.00000,81.250000000,5,Long,06/09/2025 00:00:00 -05:00,00:59:04.4086650
5414624,MNQM5,04/09/2025 09:49:09 -04:00,04/09/2025 09:54:39 -04:00,17370.250000000,17441.000000000,2.40000,283.000000000,2,Long,04/09/2025 00:00:00 -05:00,00:05:30.3865340
5648029,MNQM5,04/22/2025 10:22:44 -04:00,04/22/2025 10:29:13 -04:00,18287.500000000,18262.250000000,1.20000,-50.500000000,1,Long,04/22/2025 00:00:00 -05:00,00:06:28.3301200
5648177,MNQM5,04/22/2025 10:22:44 -04:00,04/22/2025 10:31:08 -04:00,18287.500000000,18246.000000000,2.40000,-166.000000000,2,Long,04/22/2025 00:00:00 -05:00,00:08:23.4734850
6576726,MNQM5,06/11/2025 09:38:23 -04:00,06/11/2025 09:40:43 -04:00,21995.500000000,21980.500000000,6.00000,-150.000000000,5,Long,06/11/2025 00:00:00 -05:00,00:02:20.1643420
6796169,MNQU5,06/24/2025 08:01:11 -04:00,06/24/2025 08:11:40 -04:00,22310.000000000,22306.500000000,1.20000,-7.000000000,1,Long,06/24/2025 00:00:00 -05:00,00:10:28.9830250
6542111,MNQM5,06/10/2025 07:01:28 -04:00,06/10/2025 07:07:32 -04:00,21832.750000000,21829.500000000,12.00000,-65.000000000,10,Long,06/10/2025 00:00:00 -05:00,00:06:04.7875560
6542112,MNQM5,06/10/2025 07:07:05 -04:00,06/10/2025 07:07:32 -04:00,21838.000000000,21829.500000000,12.00000,-170.000000000,10,Long,06/10/2025 00:00:00 -05:00,00:00:27.2363160
6544559,MNQM5,06/10/2025 09:35:00 -04:00,06/10/2025 09:36:38 -04:00,21826.250000000,21839.750000000,1.20000,-27.000000000,1,Short,06/10/2025 00:00:00 -05:00,00:01:37.3319520
6546475,MNQM5,06/10/2025 09:39:19 -04:00,06/10/2025 09:53:00 -04:00,21875.250000000,21888.750000000,1.20000,27.000000000,1,Long,06/10/2025 00:00:00 -05:00,00:13:40.3952260
6546658,MNQM5,06/10/2025 09:50:19 -04:00,06/10/2025 09:54:07 -04:00,21868.000000000,21875.500000000,1.20000,15.000000000,1,Long,06/10/2025 00:00:00 -05:00,00:03:48.6803850
6546650,MNQM5,06/10/2025 09:50:19 -04:00,06/10/2025 09:54:06 -04:00,21868.000000000,21875.750000000,1.20000,15.500000000,1,Long,06/10/2025 00:00:00 -05:00,00:03:47.2201270
6546728,MNQM5,06/10/2025 09:50:19 -04:00,06/10/2025 09:54:36 -04:00,21868.000000000,21864.500000000,9.60000,-56.000000000,8,Long,06/10/2025 00:00:00 -05:00,00:04:17.4720700
5503543,MNQM5,04/14/2025 11:04:02 -04:00,04/14/2025 11:20:03 -04:00,19098.750000000,19054.750000000,2.40000,176.000000000,2,Short,04/14/2025 00:00:00 -05:00,00:16:01.0933100
6547656,MNQM5,06/10/2025 09:59:48 -04:00,06/10/2025 10:03:09 -04:00,21855.750000000,21859.000000000,6.00000,32.500000000,5,Long,06/10/2025 00:00:00 -05:00,00:03:20.8692260
6549213,MNQM5,06/10/2025 10:12:10 -04:00,06/10/2025 10:20:09 -04:00,21876.000000000,21869.250000000,1.20000,-13.500000000,1,Long,06/10/2025 00:00:00 -05:00,00:07:58.5335870
6796346,MNQU5,06/24/2025 08:11:45 -04:00,06/24/2025 08:17:06 -04:00,22305.250000000,22286.250000000,2.40000,76.000000000,2,Short,06/24/2025 00:00:00 -05:00,00:05:21.0581460
6579370,MNQM5,06/11/2025 10:10:25 -04:00,06/11/2025 10:12:44 -04:00,21995.750000000,22002.500000000,1.20000,13.500000000,1,Long,06/11/2025 00:00:00 -05:00,00:02:18.7066790
6579654,MNQM5,06/11/2025 10:10:25 -04:00,06/11/2025 10:17:50 -04:00,21995.750000000,22004.500000000,4.80000,70.000000000,4,Long,06/11/2025 00:00:00 -05:00,00:07:25.3956890
5498679,MNQM5,04/14/2025 09:54:17 -04:00,04/14/2025 10:09:40 -04:00,19083.000000000,19112.000000000,2.40000,116.000000000,2,Long,04/14/2025 00:00:00 -05:00,00:15:23.2637640
6558610,MNQM5,06/10/2025 12:33:01 -04:00,06/10/2025 12:36:12 -04:00,21906.500000000,21899.750000000,12.00000,-135.000000000,10,Long,06/10/2025 00:00:00 -05:00,00:03:11.1202980
6558681,MESM5,06/10/2025 12:25:17 -04:00,06/10/2025 12:39:25 -04:00,6031.750000000,6034.500000000,3.60000,41.250000000,3,Long,06/10/2025 00:00:00 -05:00,00:14:08.4530010
6558685,MESM5,06/10/2025 12:25:17 -04:00,06/10/2025 12:40:11 -04:00,6031.750000000,6033.750000000,8.40000,70.000000000,7,Long,06/10/2025 00:00:00 -05:00,00:14:53.8873710
6796625,MNQU5,06/24/2025 08:23:16 -04:00,06/24/2025 08:30:03 -04:00,22286.250000000,22270.000000000,2.40000,-65.000000000,2,Long,06/24/2025 00:00:00 -05:00,00:06:47.3697950
6796784,MNQU5,06/24/2025 08:32:02 -04:00,06/24/2025 08:35:24 -04:00,22281.250000000,22299.750000000,2.40000,-74.000000000,2,Short,06/24/2025 00:00:00 -05:00,00:03:21.4268770
5655160,MNQM5,04/22/2025 12:43:21 -04:00,04/22/2025 12:51:41 -04:00,18463.500000000,18439.750000000,2.40000,-95.000000000,2,Long,04/22/2025 00:00:00 -05:00,00:08:20.3926320
5420705,MNQM5,04/09/2025 11:31:04 -04:00,04/09/2025 11:32:25 -04:00,17428.750000000,17379.250000000,1.20000,-99.000000000,1,Long,04/09/2025 00:00:00 -05:00,00:01:21.0146050
5420707,MNQM5,04/09/2025 11:31:17 -04:00,04/09/2025 11:32:25 -04:00,17426.000000000,17379.250000000,1.20000,-93.500000000,1,Long,04/09/2025 00:00:00 -05:00,00:01:07.1941190
5765423,MNQM5,04/29/2025 09:16:02 -04:00,04/29/2025 09:20:43 -04:00,19399.250000000,19413.250000000,2.40000,-56.000000000,2,Short,04/29/2025 00:00:00 -05:00,00:04:41.2571100
5421418,MNQM5,04/09/2025 11:36:09 -04:00,04/09/2025 11:46:55 -04:00,17333.750000000,17321.000000000,1.20000,25.500000000,1,Short,04/09/2025 00:00:00 -05:00,00:10:45.6311450
5421420,MNQM5,04/09/2025 11:40:04 -04:00,04/09/2025 11:46:55 -04:00,17323.500000000,17321.000000000,1.20000,5.000000000,1,Short,04/09/2025 00:00:00 -05:00,00:06:50.5411040
5504562,MNQM5,04/14/2025 11:26:08 -04:00,04/14/2025 11:31:30 -04:00,19016.750000000,18970.500000000,2.40000,185.000000000,2,Short,04/14/2025 00:00:00 -05:00,00:05:21.9010160
5424796,MNQM5,04/09/2025 13:35:41 -04:00,04/09/2025 13:36:13 -04:00,18869.250000000,18743.750000000,1.20000,-251.000000000,1,Long,04/09/2025 00:00:00 -05:00,00:00:32.1875570
5505256,MNQM5,04/14/2025 11:36:15 -04:00,04/14/2025 11:41:56 -04:00,18959.250000000,18905.750000000,2.40000,214.000000000,2,Short,04/14/2025 00:00:00 -05:00,00:05:41.0186050
5899462,MNQM5,05/06/2025 14:04:32 -04:00,05/06/2025 14:35:35 -04:00,19879.500000000,19923.000000000,4.80000,348.000000000,4,Long,05/06/2025 00:00:00 -05:00,00:31:03.4245780
6045107,MNQM5,05/15/2025 15:49:15 -04:00,05/15/2025 15:51:21 -04:00,21380.000000000,21392.000000000,6.00000,120.000000000,5,Long,05/15/2025 00:00:00 -05:00,00:02:06.4668420
6045121,MNQM5,05/15/2025 15:51:32 -04:00,05/15/2025 15:54:02 -04:00,21393.250000000,21394.000000000,12.00000,15.000000000,10,Long,05/15/2025 00:00:00 -05:00,00:02:29.1782720
5506315,MNQM5,04/14/2025 11:46:39 -04:00,04/14/2025 11:53:40 -04:00,18861.500000000,18836.500000000,1.20000,50.000000000,1,Short,04/14/2025 00:00:00 -05:00,00:07:01.2133670
6640393,MNQM5,06/13/2025 10:06:13 -04:00,06/13/2025 10:21:21 -04:00,21732.750000000,21644.500000000,1.20000,-176.500000000,1,Long,06/13/2025 00:00:00 -05:00,00:15:07.9970070
6640625,MNQM5,06/13/2025 10:06:13 -04:00,06/13/2025 10:25:19 -04:00,21732.750000000,21656.500000000,2.40000,-305.000000000,2,Long,06/13/2025 00:00:00 -05:00,00:19:05.6271280
6640626,MNQM5,06/13/2025 10:24:25 -04:00,06/13/2025 10:25:19 -04:00,21673.000000000,21656.500000000,2.40000,-66.000000000,2,Long,06/13/2025 00:00:00 -05:00,00:00:53.4653340
5769226,MNQM5,04/29/2025 10:14:20 -04:00,04/29/2025 10:16:12 -04:00,19567.000000000,19545.750000000,2.40000,-85.000000000,2,Long,04/29/2025 00:00:00 -05:00,00:01:51.8259110
5770778,MNQM5,04/29/2025 10:31:31 -04:00,04/29/2025 10:42:10 -04:00,19511.000000000,19556.500000000,2.40000,182.000000000,2,Long,04/29/2025 00:00:00 -05:00,00:10:39.2964240
5330590,MNQM5,04/04/2025 09:34:02 -04:00,04/04/2025 09:46:55 -04:00,18126.500000000,18116.000000000,1.20000,21.000000000,1,Short,04/04/2025 00:00:00 -05:00,00:12:53.8538580
5333897,MNQM5,04/04/2025 10:21:10 -04:00,04/04/2025 10:28:43 -04:00,18045.250000000,17944.250000000,2.40000,-404.000000000,2,Long,04/04/2025 00:00:00 -05:00,00:07:33.9360250
6801148,MNQU5,06/24/2025 10:01:32 -04:00,06/24/2025 10:41:30 -04:00,22298.250000000,22333.000000000,1.20000,-69.500000000,1,Short,06/24/2025 00:00:00 -05:00,00:39:57.4923180
6801149,MNQU5,06/24/2025 10:24:00 -04:00,06/24/2025 10:41:30 -04:00,22311.500000000,22333.000000000,1.20000,-43.000000000,1,Short,06/24/2025 00:00:00 -05:00,00:17:29.5688000
5778752,MNQM5,04/29/2025 14:25:12 -04:00,04/29/2025 14:43:21 -04:00,19654.750000000,19672.500000000,3.60000,106.500000000,3,Long,04/29/2025 00:00:00 -05:00,00:18:09.0258290
5675144,MNQM5,04/23/2025 10:12:06 -04:00,04/23/2025 10:14:10 -04:00,19083.250000000,19057.250000000,2.40000,-104.000000000,2,Long,04/23/2025 00:00:00 -05:00,00:02:04.2251770
6060110,MNQM5,05/16/2025 10:48:10 -04:00,05/16/2025 11:09:09 -04:00,21361.000000000,21387.250000000,6.00000,262.500000000,5,Long,05/16/2025 00:00:00 -05:00,00:20:58.5304130
6801580,MNQU5,06/24/2025 10:47:01 -04:00,06/24/2025 10:55:13 -04:00,22333.500000000,22333.750000000,2.40000,-1.000000000,2,Short,06/24/2025 00:00:00 -05:00,00:08:11.2156750
5676973,MNQM5,04/23/2025 10:23:40 -04:00,04/23/2025 10:37:44 -04:00,19014.000000000,19141.250000000,2.40000,509.000000000,2,Long,04/23/2025 00:00:00 -05:00,00:14:03.8341020
5677369,MNQM5,04/23/2025 10:44:50 -04:00,04/23/2025 10:49:21 -04:00,19119.000000000,19104.250000000,2.40000,-59.000000000,2,Long,04/23/2025 00:00:00 -05:00,00:04:30.8069110
6126568,MNQM5,05/20/2025 13:59:18 -04:00,05/20/2025 14:16:21 -04:00,21434.250000000,21426.250000000,6.00000,-80.000000000,5,Long,05/20/2025 00:00:00 -05:00,00:17:03.6043240
6801826,MNQU5,06/24/2025 10:57:00 -04:00,06/24/2025 11:00:17 -04:00,22326.750000000,22326.500000000,2.40000,1.000000000,2,Short,06/24/2025 00:00:00 -05:00,00:03:16.4974130
5682626,MNQM5,04/23/2025 13:30:20 -04:00,04/23/2025 13:40:03 -04:00,18939.750000000,18877.250000000,2.40000,250.000000000,2,Short,04/23/2025 00:00:00 -05:00,00:09:43.1410590
5683015,MNQM5,04/23/2025 14:00:08 -04:00,04/23/2025 14:04:32 -04:00,18923.750000000,18916.000000000,2.40000,31.000000000,2,Short,04/23/2025 00:00:00 -05:00,00:04:23.9386260
6130008,MNQM5,05/20/2025 15:44:26 -04:00,05/20/2025 15:47:03 -04:00,21392.000000000,21400.500000000,3.60000,-51.000000000,3,Short,05/20/2025 00:00:00 -05:00,00:02:36.0692320
6130009,MNQM5,05/20/2025 15:45:17 -04:00,05/20/2025 15:47:03 -04:00,21402.500000000,21400.500000000,12.00000,40.000000000,10,Short,05/20/2025 00:00:00 -05:00,00:01:45.3227130
6130076,MNQM5,05/20/2025 15:50:04 -04:00,05/20/2025 15:50:19 -04:00,21388.500000000,21400.750000000,12.00000,-245.000000000,10,Short,05/20/2025 00:00:00 -05:00,00:00:15.2154580
5917712,MNQM5,05/07/2025 13:48:11 -04:00,05/07/2025 13:51:48 -04:00,19875.500000000,19854.250000000,3.60000,-127.500000000,3,Long,05/07/2025 00:00:00 -05:00,00:03:36.9706660
5918189,MNQM5,05/07/2025 14:09:29 -04:00,05/07/2025 14:11:19 -04:00,19699.750000000,19730.750000000,3.60000,-186.000000000,3,Short,05/07/2025 00:00:00 -05:00,00:01:50.2196030
5918593,MNQM5,05/07/2025 14:32:05 -04:00,05/07/2025 14:35:44 -04:00,19805.750000000,19795.000000000,3.60000,-64.500000000,3,Long,05/07/2025 00:00:00 -05:00,00:03:39.1913250
5793217,MNQM5,04/30/2025 09:52:20 -04:00,04/30/2025 09:55:23 -04:00,19180.250000000,19183.250000000,1.20000,-6.000000000,1,Short,04/30/2025 00:00:00 -05:00,00:03:03.2573680
6804181,MNQU5,06/24/2025 12:11:27 -04:00,06/24/2025 12:26:41 -04:00,22373.750000000,22392.750000000,2.40000,76.000000000,2,Long,06/24/2025 00:00:00 -05:00,00:15:14.5131780
6144531,MNQM5,05/21/2025 09:31:05 -04:00,05/21/2025 09:34:51 -04:00,21298.250000000,21321.750000000,6.00000,235.000000000,5,Long,05/21/2025 00:00:00 -05:00,00:03:46.7829730
6145077,MNQM5,05/21/2025 09:40:08 -04:00,05/21/2025 09:41:17 -04:00,21340.750000000,21322.250000000,12.00000,-370.000000000,10,Long,05/21/2025 00:00:00 -05:00,00:01:09.1620460
6146356,MNQM5,05/21/2025 09:43:18 -04:00,05/21/2025 09:53:32 -04:00,21358.000000000,21381.500000000,6.00000,235.000000000,5,Long,05/21/2025 00:00:00 -05:00,00:10:14.3258210
5796602,MNQM5,04/30/2025 10:42:09 -04:00,04/30/2025 10:43:41 -04:00,19279.750000000,19318.250000000,3.60000,-231.000000000,3,Short,04/30/2025 00:00:00 -05:00,00:01:31.5849750
6805012,MNQU5,06/24/2025 13:00:02 -04:00,06/24/2025 13:05:02 -04:00,22398.750000000,22405.250000000,2.40000,26.000000000,2,Long,06/24/2025 00:00:00 -05:00,00:04:59.6328180
6805023,MNQU5,06/24/2025 13:05:37 -04:00,06/24/2025 13:06:01 -04:00,22406.750000000,22406.500000000,2.40000,1.000000000,2,Short,06/24/2025 00:00:00 -05:00,00:00:23.5368930
5236157,MNQM5,04/01/2025 10:19:15 -04:00,04/01/2025 10:23:38 -04:00,19294.750000000,19332.750000000,2.40000,-152.000000000,2,Short,04/01/2025 00:00:00 -05:00,00:04:22.7079310
5239837,MNQM5,04/01/2025 11:09:04 -04:00,04/01/2025 11:10:43 -04:00,19554.500000000,19534.250000000,3.60000,-121.500000000,3,Long,04/01/2025 00:00:00 -05:00,00:01:39.7359610
5242455,MNQM5,04/01/2025 11:44:18 -04:00,04/01/2025 11:51:50 -04:00,19571.500000000,19565.250000000,3.60000,-37.500000000,3,Long,04/01/2025 00:00:00 -05:00,00:07:32.2270260
5705038,MNQM5,04/24/2025 11:28:12 -04:00,04/24/2025 11:29:02 -04:00,19142.500000000,19158.750000000,3.60000,-97.500000000,3,Short,04/24/2025 00:00:00 -05:00,00:00:50.5505750
5705523,MNQM5,04/24/2025 11:33:13 -04:00,04/24/2025 11:41:33 -04:00,19147.500000000,19164.250000000,3.60000,100.500000000,3,Long,04/24/2025 00:00:00 -05:00,00:08:20.4126190
5801236,MNQM5,04/30/2025 12:34:09 -04:00,04/30/2025 12:36:33 -04:00,19377.000000000,19358.750000000,4.80000,-146.000000000,4,Long,04/30/2025 00:00:00 -05:00,00:02:24.2557980
6806195,MNQU5,06/24/2025 13:12:32 -04:00,06/24/2025 13:48:52 -04:00,22404.750000000,22423.500000000,2.40000,75.000000000,2,Long,06/24/2025 00:00:00 -05:00,00:36:19.7007870
5801460,MNQM5,04/30/2025 12:37:08 -04:00,04/30/2025 12:45:04 -04:00,19390.000000000,19411.250000000,3.60000,127.500000000,3,Long,04/30/2025 00:00:00 -05:00,00:07:56.5139770
5801461,MNQM5,04/30/2025 12:41:35 -04:00,04/30/2025 12:45:04 -04:00,19429.000000000,19411.250000000,3.60000,-106.500000000,3,Long,04/30/2025 00:00:00 -05:00,00:03:29.7380310
5801819,MNQM5,04/30/2025 12:52:52 -04:00,04/30/2025 12:57:27 -04:00,19425.500000000,19423.000000000,3.60000,-15.000000000,3,Long,04/30/2025 00:00:00 -05:00,00:04:35.1068740
6806725,MNQU5,06/24/2025 14:21:42 -04:00,06/24/2025 14:35:33 -04:00,22420.000000000,22411.500000000,2.40000,34.000000000,2,Short,06/24/2025 00:00:00 -05:00,00:13:51.0593160
5931330,MNQM5,05/08/2025 10:00:12 -04:00,05/08/2025 10:05:15 -04:00,20083.750000000,20097.250000000,2.40000,54.000000000,2,Long,05/08/2025 00:00:00 -05:00,00:05:03.3455120
6163758,MNQM5,05/21/2025 15:38:41 -04:00,05/21/2025 15:38:54 -04:00,21166.250000000,21176.500000000,12.00000,205.000000000,10,Long,05/21/2025 00:00:00 -05:00,00:00:12.1801590
5357931,MNQM5,04/07/2025 09:45:13 -04:00,04/07/2025 09:47:11 -04:00,16726.500000000,16818.000000000,1.20000,183.000000000,1,Long,04/07/2025 00:00:00 -05:00,00:01:58.3500750
5358966,MNQM5,04/07/2025 09:45:13 -04:00,04/07/2025 09:55:48 -04:00,16726.500000000,17082.500000000,1.20000,712.000000000,1,Long,04/07/2025 00:00:00 -05:00,00:10:35.1791860
5362059,MNQM5,04/07/2025 10:29:04 -04:00,04/07/2025 10:31:16 -04:00,17389.250000000,17437.500000000,1.20000,-96.500000000,1,Short,04/07/2025 00:00:00 -05:00,00:02:11.3415110
5535750,MNQM5,04/15/2025 10:29:06 -04:00,04/15/2025 10:37:35 -04:00,18982.250000000,19007.750000000,2.40000,102.000000000,2,Long,04/15/2025 00:00:00 -05:00,00:08:28.8322960
5362816,MNQM5,04/07/2025 10:44:04 -04:00,04/07/2025 10:45:04 -04:00,17389.250000000,17445.500000000,1.20000,112.500000000,1,Long,04/07/2025 00:00:00 -05:00,00:00:59.5299640
5362908,MNQM5,04/07/2025 10:44:04 -04:00,04/07/2025 10:47:08 -04:00,17389.250000000,17340.250000000,1.20000,-98.000000000,1,Long,04/07/2025 00:00:00 -05:00,00:03:03.9346810
5363071,MNQM5,04/07/2025 10:49:26 -04:00,04/07/2025 10:50:33 -04:00,17438.250000000,17572.750000000,1.20000,269.000000000,1,Long,04/07/2025 00:00:00 -05:00,00:01:06.7136370
5363439,MNQM5,04/07/2025 10:49:26 -04:00,04/07/2025 10:56:21 -04:00,17438.250000000,17622.000000000,1.20000,367.500000000,1,Long,04/07/2025 00:00:00 -05:00,00:06:54.5103200
5936547,MNQM5,05/08/2025 11:39:04 -04:00,05/08/2025 11:39:48 -04:00,20195.000000000,20214.500000000,3.60000,-117.000000000,3,Short,05/08/2025 00:00:00 -05:00,00:00:44.3418020
5536301,MNQM5,04/15/2025 10:42:23 -04:00,04/15/2025 10:45:23 -04:00,19030.500000000,19053.000000000,1.20000,45.000000000,1,Long,04/15/2025 00:00:00 -05:00,00:03:00.0010930
5536302,MNQM5,04/15/2025 10:44:02 -04:00,04/15/2025 10:45:23 -04:00,19072.250000000,19053.000000000,1.20000,-38.500000000,1,Long,04/15/2025 00:00:00 -05:00,00:01:21.2855750
5938100,MNQM5,05/08/2025 12:38:14 -04:00,05/08/2025 13:00:58 -04:00,20298.250000000,20321.000000000,3.60000,136.500000000,3,Long,05/08/2025 00:00:00 -05:00,00:22:44.7161940
5938101,MNQM5,05/08/2025 12:44:13 -04:00,05/08/2025 13:00:58 -04:00,20317.750000000,20321.000000000,2.40000,13.000000000,2,Long,05/08/2025 00:00:00 -05:00,00:16:45.3141490
5938211,MNQM5,05/08/2025 13:01:26 -04:00,05/08/2025 13:08:00 -04:00,20319.500000000,20320.750000000,2.40000,-5.000000000,2,Short,05/08/2025 00:00:00 -05:00,00:06:34.3549530
6184191,MNQM5,05/22/2025 10:42:31 -04:00,05/22/2025 10:54:05 -04:00,21240.500000000,21205.750000000,6.00000,-347.500000000,5,Long,05/22/2025 00:00:00 -05:00,00:11:34.0773180
6185521,MNQM5,05/22/2025 11:09:50 -04:00,05/22/2025 11:11:58 -04:00,21248.250000000,21228.750000000,6.00000,-195.000000000,5,Long,05/22/2025 00:00:00 -05:00,00:02:08.1812720
5558443,MNQM5,04/16/2025 09:35:42 -04:00,04/16/2025 09:43:49 -04:00,18623.750000000,18643.000000000,2.40000,77.000000000,2,Long,04/16/2025 00:00:00 -05:00,00:08:06.8768140
5563331,MNQM5,04/16/2025 10:33:14 -04:00,04/16/2025 10:35:56 -04:00,18620.250000000,18627.750000000,1.20000,15.000000000,1,Long,04/16/2025 00:00:00 -05:00,00:02:42.0690670
5563404,MNQM5,04/16/2025 10:33:14 -04:00,04/16/2025 10:37:04 -04:00,18620.250000000,18598.250000000,2.40000,-88.000000000,2,Long,04/16/2025 00:00:00 -05:00,00:03:50.5675980
5563953,MNQM5,04/16/2025 10:42:14 -04:00,04/16/2025 10:45:08 -04:00,18638.000000000,18639.000000000,2.40000,4.000000000,2,Long,04/16/2025 00:00:00 -05:00,00:02:53.8679200
5564516,MNQM5,04/16/2025 10:53:06 -04:00,04/16/2025 10:55:09 -04:00,18641.500000000,18613.750000000,3.60000,-166.500000000,3,Long,04/16/2025 00:00:00 -05:00,00:02:03.2406030
5567684,MNQM5,04/16/2025 11:33:36 -04:00,04/16/2025 11:40:20 -04:00,18699.250000000,18669.750000000,3.60000,-177.000000000,3,Long,04/16/2025 00:00:00 -05:00,00:06:44.1477410
6212459,MNQM5,05/23/2025 09:51:07 -04:00,05/23/2025 09:54:35 -04:00,20893.000000000,20856.500000000,3.60000,-219.000000000,3,Long,05/23/2025 00:00:00 -05:00,00:03:27.9871540
6213553,MNQM5,05/23/2025 09:51:07 -04:00,05/23/2025 10:11:05 -04:00,20893.000000000,20916.250000000,2.40000,93.000000000,2,Long,05/23/2025 00:00:00 -05:00,00:19:57.9576400
6213554,MNQM5,05/23/2025 10:05:30 -04:00,05/23/2025 10:11:05 -04:00,20923.000000000,20916.250000000,4.80000,-54.000000000,4,Long,05/23/2025 00:00:00 -05:00,00:05:34.5137980
6214050,MNQM5,05/23/2025 10:13:25 -04:00,05/23/2025 10:17:05 -04:00,20966.250000000,20955.250000000,6.00000,-110.000000000,5,Long,05/23/2025 00:00:00 -05:00,00:03:39.7844200
6216079,MNQM5,05/23/2025 10:31:05 -04:00,05/23/2025 10:42:14 -04:00,20955.750000000,20956.250000000,3.60000,3.000000000,3,Long,05/23/2025 00:00:00 -05:00,00:11:08.1185610
6216080,MNQM5,05/23/2025 10:31:12 -04:00,05/23/2025 10:42:14 -04:00,20951.250000000,20956.250000000,3.60000,30.000000000,3,Long,05/23/2025 00:00:00 -05:00,00:11:01.7346210
6682379,MNQU5,06/16/2025 22:43:14 -04:00,06/17/2025 01:49:09 -04:00,22044.750000000,22079.500000000,1.20000,69.500000000,1,Long,06/17/2025 00:00:00 -05:00,03:05:55.1955160
6682380,MNQU5,06/16/2025 22:55:30 -04:00,06/17/2025 01:49:09 -04:00,22105.750000000,22079.500000000,1.20000,-52.500000000,1,Long,06/17/2025 00:00:00 -05:00,02:53:39.2953400
6682387,MNQU5,06/16/2025 22:55:49 -04:00,06/17/2025 01:51:24 -04:00,22101.750000000,22070.750000000,1.20000,-62.000000000,1,Long,06/17/2025 00:00:00 -05:00,02:55:35.1024840
6682388,MNQU5,06/16/2025 23:03:21 -04:00,06/17/2025 01:51:24 -04:00,22076.000000000,22070.750000000,1.20000,-10.500000000,1,Long,06/17/2025 00:00:00 -05:00,02:48:02.9312420
6682395,MNQU5,06/16/2025 23:03:21 -04:00,06/17/2025 01:55:05 -04:00,22076.000000000,22069.500000000,1.20000,-13.000000000,1,Long,06/17/2025 00:00:00 -05:00,02:51:44.0106680
6682423,MNQU5,06/17/2025 01:55:05 -04:00,06/17/2025 02:04:17 -04:00,22069.500000000,22095.500000000,4.80000,-208.000000000,4,Short,06/17/2025 00:00:00 -05:00,00:09:11.9978650
6682568,MNQU5,06/17/2025 02:04:52 -04:00,06/17/2025 02:41:00 -04:00,22094.500000000,22106.500000000,6.00000,120.000000000,5,Long,06/17/2025 00:00:00 -05:00,00:36:07.9036660
6682569,MNQU5,06/17/2025 02:38:20 -04:00,06/17/2025 02:41:00 -04:00,22097.500000000,22106.500000000,6.00000,90.000000000,5,Long,06/17/2025 00:00:00 -05:00,00:02:39.5969880
6682621,MNQU5,06/17/2025 02:41:51 -04:00,06/17/2025 02:49:49 -04:00,22114.500000000,22089.250000000,6.00000,-252.500000000,5,Long,06/17/2025 00:00:00 -05:00,00:07:57.3162680
6682622,MNQU5,06/17/2025 02:42:24 -04:00,06/17/2025 02:49:49 -04:00,22110.500000000,22089.250000000,6.00000,-212.500000000,5,Long,06/17/2025 00:00:00 -05:00,00:07:24.2596150
6712600,MNQU5,06/18/2025 09:05:02 -04:00,06/18/2025 09:12:58 -04:00,21999.500000000,22001.000000000,4.80000,12.000000000,4,Long,06/18/2025 00:00:00 -05:00,00:07:56.1527280
6712857,MNQU5,06/18/2025 09:23:02 -04:00,06/18/2025 09:30:02 -04:00,22006.750000000,21984.000000000,2.40000,91.000000000,2,Short,06/18/2025 00:00:00 -05:00,00:06:59.3528880
6715137,MNQU5,06/18/2025 09:55:11 -04:00,06/18/2025 10:02:06 -04:00,22001.500000000,21991.500000000,2.40000,40.000000000,2,Short,06/18/2025 00:00:00 -05:00,00:06:54.2886170
6719177,MNQU5,06/18/2025 11:28:11 -04:00,06/18/2025 11:28:17 -04:00,22055.000000000,22047.000000000,2.40000,-32.000000000,2,Long,06/18/2025 00:00:00 -05:00,00:00:05.5545010
6719061,MNQU5,06/18/2025 11:23:15 -04:00,06/18/2025 11:26:05 -04:00,22051.250000000,22047.000000000,2.40000,-17.000000000,2,Long,06/18/2025 00:00:00 -05:00,00:02:50.1648290
6719793,MNQU5,06/18/2025 11:38:09 -04:00,06/18/2025 11:40:49 -04:00,22056.750000000,22044.250000000,2.40000,-50.000000000,2,Long,06/18/2025 00:00:00 -05:00,00:02:39.6064320
6721881,MNQU5,06/18/2025 12:09:16 -04:00,06/18/2025 12:28:14 -04:00,22060.500000000,22033.500000000,2.40000,-108.000000000,2,Long,06/18/2025 00:00:00 -05:00,00:18:57.8713460
6722357,MNQU5,06/18/2025 12:31:02 -04:00,06/18/2025 12:50:05 -04:00,22034.500000000,22028.750000000,2.40000,-23.000000000,2,Long,06/18/2025 00:00:00 -05:00,00:19:02.7103100
6722892,MNQU5,06/18/2025 12:51:01 -04:00,06/18/2025 13:00:45 -04:00,22047.000000000,22020.250000000,2.40000,-107.000000000,2,Long,06/18/2025 00:00:00 -05:00,00:09:44.2551260
6722893,MNQU5,06/18/2025 12:52:10 -04:00,06/18/2025 13:00:45 -04:00,22043.750000000,22020.250000000,1.20000,-47.000000000,1,Long,06/18/2025 00:00:00 -05:00,00:08:35.1754180
6723609,MNQU5,06/18/2025 13:02:33 -04:00,06/18/2025 13:24:55 -04:00,22024.750000000,21996.000000000,1.20000,57.500000000,1,Short,06/18/2025 00:00:00 -05:00,00:22:21.7561120
6723610,MNQU5,06/18/2025 13:06:29 -04:00,06/18/2025 13:24:55 -04:00,22024.500000000,21996.000000000,2.40000,114.000000000,2,Short,06/18/2025 00:00:00 -05:00,00:18:26.2400950
6723611,MNQU5,06/18/2025 13:14:14 -04:00,06/18/2025 13:24:55 -04:00,22026.500000000,21996.000000000,2.40000,122.000000000,2,Short,06/18/2025 00:00:00 -05:00,00:10:41.1799610
6724936,MNQU5,06/18/2025 13:37:01 -04:00,06/18/2025 13:58:14 -04:00,21962.750000000,22026.250000000,2.40000,254.000000000,2,Long,06/18/2025 00:00:00 -05:00,00:21:13.6302350
6725589,MNQU5,06/18/2025 14:08:09 -04:00,06/18/2025 14:09:16 -04:00,22010.750000000,21991.500000000,1.20000,-38.500000000,1,Long,06/18/2025 00:00:00 -05:00,00:01:07.0188820
6725768,MNQU5,06/18/2025 14:10:32 -04:00,06/18/2025 14:15:05 -04:00,21990.750000000,22006.000000000,1.20000,-30.500000000,1,Short,06/18/2025 00:00:00 -05:00,00:04:33.1120720
6739197,MNQU5,06/19/2025 10:34:02 -04:00,06/19/2025 10:37:44 -04:00,21699.000000000,21698.250000000,2.40000,3.000000000,2,Short,06/19/2025 00:00:00 -05:00,00:03:42.3571660
6740709,MNQU5,06/19/2025 11:09:18 -04:00,06/19/2025 11:13:47 -04:00,21720.750000000,21724.000000000,2.40000,-13.000000000,2,Short,06/19/2025 00:00:00 -05:00,00:04:29.1178690
6741543,MNQU5,06/19/2025 11:49:04 -04:00,06/19/2025 11:49:09 -04:00,21716.750000000,21717.250000000,2.40000,2.000000000,2,Long,06/19/2025 00:00:00 -05:00,00:00:05.1069600
6741687,MNQU5,06/19/2025 11:49:14 -04:00,06/19/2025 11:52:39 -04:00,21717.500000000,21694.250000000,2.40000,93.000000000,2,Short,06/19/2025 00:00:00 -05:00,00:03:25.4251130
